"","Start_time","End_time","Finished","Respondent_group","Screening","Condition","Consent","Reason_nc","Check_group","ob1","ob2","ob3","ra1","ra2","ra3","op1","op2","op3","iq1","iq2","iq3","in1","in2","in3","co1","co2","co3","Country","Year_born","Gender","Occupation","Occupation_other","Religiousness","Feedback","Target"
"2","5/13/2014 5:00","5/13/2014 5:03","1","Educated",NA,"Educated_Educated","1",NA,"1",5,5,4,5,6,6,4,6,6,5,3,5,5,4,4,4,4,4,"187","54","2","7","disabled","40",NA,"Educated"
"3","5/13/2014 5:08","5/13/2014 5:12","1","Educated",NA,"Educated_Educated","1",NA,"1",6,5,3,3,4,3,6,6,6,2,3,3,6,4,6,6,5,6,"187","28","1","7","Retired","43",NA,"Educated"
"4","5/13/2014 5:05","5/13/2014 5:14","1","Educated",NA,"Educated_Scientists","1",NA,"1",3,5,5,5,5,5,5,3,3,5,5,5,5,3,3,3,5,3,"187","51","2","7","genealogist","44",NA,"Scientists"
"5","5/13/2014 5:09","5/13/2014 5:14","1","Educated",NA,"Educated_Scientists","1",NA,"1",5,5,5,6,6,5,6,6,6,4,4,6,6,7,7,6,6,6,"187","26","2","7","retired","42",NA,"Scientists"
"6","5/13/2014 5:19","5/13/2014 5:22","1","Educated",NA,"Educated_Scientists","1",NA,"1",5,6,5,5,6,6,5,5,5,5,6,5,6,6,6,5,5,6,"187","61","1","6",NA,"43",NA,"Scientists"
"7","5/13/2014 5:20","5/13/2014 5:22","1","Educated",NA,"Educated_Educated","1",NA,"2",4,4,4,4,4,4,4,4,4,4,4,4,4,4,4,4,4,4,"187","52","1","7","admin","39",NA,"Educated"
"8","5/13/2014 5:26","5/13/2014 5:28","1","Educated",NA,"Educated_Educated","1",NA,"2",6,6,6,6,7,6,6,5,6,6,7,6,6,7,6,6,6,5,"187","44","2","7","cpa","44",NA,"Educated"
"9","5/13/2014 5:25","5/13/2014 5:28","1","Educated",NA,"Educated_Scientists","1",NA,"1",6,6,6,6,6,6,6,6,6,6,6,6,6,6,5,5,6,2,"187","63","1","7","CPA","43",NA,"Scientists"
"10","5/13/2014 5:32","5/13/2014 5:35","1","Educated",NA,"Educated_Scientists","1",NA,"2",6,7,6,7,7,6,5,6,6,6,5,6,7,6,6,7,7,5,"187","32","2","7","sales","38",NA,"Scientists"
"11","5/13/2014 5:35","5/13/2014 5:38","1","Educated",NA,"Educated_Educated","1",NA,"2",3,3,5,4,6,6,2,1,4,6,1,2,4,1,1,1,4,3,"187","63","2","7","unemployed","44",NA,"Educated"
"12","5/13/2014 5:39","5/13/2014 5:42","1","Educated",NA,"Educated_Educated","1",NA,"1",2,3,3,5,5,5,2,5,4,6,3,3,5,2,2,2,5,2,"187","34","2","7","executive assistant","42",NA,"Educated"
"13","5/13/2014 5:44","5/13/2014 5:49","1","Educated",NA,"Educated_Scientists","1",NA,"2",3,5,3,6,4,6,4,4,4,4,4,4,4,4,5,4,4,4,"187","23","1","7","engineer","41",NA,"Scientists"
"14","5/13/2014 5:49","5/13/2014 5:53","1","Educated",NA,"Educated_Educated","1",NA,"2",4,6,4,6,6,6,2,6,5,5,7,5,4,4,4,4,4,3,"187","28","1","7","CEO","41",NA,"Educated"
"15","5/13/2014 5:54","5/13/2014 6:01","1","Educated",NA,"Educated_Scientists","1",NA,"1",4,6,4,4,6,7,4,6,4,4,4,4,4,4,4,4,4,2,"187","49","2","7","customer service","43",NA,"Scientists"
"16","5/13/2014 5:59","5/13/2014 6:01","1","Educated",NA,"Educated_Educated","1",NA,"4",5,4,4,6,5,6,4,5,3,6,5,6,4,4,4,4,5,4,"187","40","1","7","Lawyer","38",NA,"Educated"
"17","5/13/2014 6:02","5/13/2014 6:07","1","Educated",NA,"Educated_Educated","1",NA,"2",1,2,4,1,3,4,4,4,4,3,7,2,4,1,1,1,4,1,"187","36","2","7","Admin asst","44",NA,"Educated"
"18","5/13/2014 6:02","5/13/2014 6:07","1","Educated",NA,"Educated_Scientists","1",NA,"1",6,6,5,6,2,6,4,6,6,5,5,7,6,5,5,3,5,3,"187","61","1","7","Education","41",NA,"Scientists"
"19","5/13/2014 6:04","5/13/2014 6:11","1","Educated",NA,"Educated_Scientists","1",NA,"1",6,7,4,7,6,7,7,7,6,7,6,6,7,7,7,7,7,6,"187","38","1","7","Disabled","38",NA,"Scientists"
"20","5/13/2014 6:20","5/13/2014 6:25","1","Educated",NA,"Educated_Scientists","1",NA,"1",5,4,6,3,4,5,4,3,4,4,5,5,3,2,2,2,4,4,"187","30","1","7","Internet Marketer","40",NA,"Scientists"
"21","5/13/2014 6:19","5/13/2014 6:26","1","Educated",NA,"Educated_Educated","1",NA,"1",6,5,2,5,6,5,5,6,6,4,1,5,5,2,5,1,4,1,"187","52","1","7","CBPO","43",NA,"Educated"
"22","5/13/2014 6:23","5/13/2014 6:26","1","Educated",NA,"Educated_Scientists","1",NA,"1",7,6,3,4,6,7,7,7,6,2,2,2,7,7,7,4,7,3,"187","32","1","7","Printer","39",NA,"Scientists"
"23","5/13/2014 6:20","5/13/2014 6:27","1","Educated",NA,"Educated_Educated","1",NA,"1",6,4,4,7,5,4,4,4,4,2,3,5,4,4,4,4,4,4,"187","42","2","7","Homemaker","42",NA,"Educated"
"24","5/13/2014 6:29","5/13/2014 6:34","1","Educated",NA,"Educated_Educated","1",NA,"1",4,4,2,5,4,5,4,4,4,4,3,4,4,4,4,4,4,4,"187","55","1","7","e-commerce","44",NA,"Educated"
"25","5/13/2014 6:36","5/13/2014 6:38","1","Educated",NA,"Educated_Scientists","1",NA,"1",7,7,6,6,7,6,7,6,7,7,6,5,6,7,7,6,7,6,"187","49","2","7","npo","43",NA,"Scientists"
"26","5/13/2014 6:38","5/13/2014 6:43","1","Educated",NA,"Educated_Scientists","1",NA,"2",6,7,6,7,6,7,5,6,7,7,7,6,7,7,7,2,6,3,"187","56","1","7","cto","43",NA,"Scientists"
"27","5/13/2014 6:41","5/13/2014 6:45","1","Educated",NA,"Educated_Educated","1",NA,"2",5,3,2,6,5,5,5,6,5,2,2,2,5,6,2,4,2,3,"187","67","2","7","teacher","38",NA,"Educated"
"28","5/13/2014 6:22","5/13/2014 6:47","1","Educated",NA,"Educated_Educated","1",NA,"2",6,6,2,5,7,6,5,6,6,3,4,4,7,3,5,4,5,3,"187","56","1","7","manager","38",NA,"Educated"
"29","5/13/2014 6:44","5/13/2014 6:47","1","Educated",NA,"Educated_Scientists","1",NA,"1",6,6,5,6,6,6,6,7,6,4,3,4,7,6,6,6,5,4,"187","50","2","7",NA,"40",NA,"Scientists"
"30","5/13/2014 6:46","5/13/2014 6:50","1","Educated",NA,"Educated_Educated","1",NA,"2",6,6,2,6,6,6,5,6,6,6,5,6,7,3,3,3,4,2,"187","43","1","7","business management","44",NA,"Educated"
"31","5/13/2014 6:45","5/13/2014 6:53","1","Educated",NA,"Educated_Scientists","1",NA,"1",4,4,4,5,5,3,4,4,5,4,4,4,4,4,4,4,4,4,"187","51","2","7","manager","44",NA,"Scientists"
"32","5/13/2014 6:51","5/13/2014 6:54","1","Educated",NA,"Educated_Educated","1",NA,"1",6,7,6,7,7,6,7,6,6,3,2,2,7,6,7,6,7,6,"187","40","2","7","merchandising specialist","40",NA,"Educated"
"33","5/13/2014 22:59","5/13/2014 23:01","1","Educated",NA,"Educated_Educated","1",NA,"2",5,5,6,5,6,6,6,7,7,5,6,5,5,6,6,5,5,6,"187","65","1","6",NA,"40",NA,"Educated"
"34","5/13/2014 22:59","5/13/2014 23:04","1","Educated",NA,"Educated_Scientists","1",NA,"1",5,2,2,7,3,6,6,1,5,5,6,6,5,2,1,2,3,2,"187","29","1","7","retired","43",NA,"Scientists"
"35","5/13/2014 23:04","5/13/2014 23:07","1","Educated",NA,"Educated_Educated","1",NA,"2",5,3,2,4,5,4,3,5,5,5,5,4,4,4,4,4,4,4,"187","22","1","7",NA,"38",NA,"Educated"
"36","5/13/2014 23:04","5/13/2014 23:07","1","Educated",NA,"Educated_Scientists","1",NA,"1",4,4,4,4,5,4,5,4,5,4,4,4,5,4,4,4,4,4,"187","31","2","7","Homemaker","43",NA,"Scientists"
"37","5/13/2014 23:08","5/13/2014 23:10","1","Educated",NA,"Educated_Educated","1",NA,"1",4,4,2,3,4,2,2,4,4,4,4,4,4,4,2,4,4,4,"187","59","2","7","admin","40",NA,"Educated"
"38","5/13/2014 23:07","5/13/2014 23:11","1","Educated",NA,"Educated_Scientists","1",NA,"1",6,6,4,6,6,6,6,5,6,5,3,5,6,5,6,5,6,2,"187","32","1","7","Computer Services","39",NA,"Scientists"
"39","5/13/2014 23:10","5/13/2014 23:12","1","Educated",NA,"Educated_Scientists","1",NA,"2",5,7,1,5,6,6,2,7,1,1,1,1,6,4,5,3,6,4,"187","54","1","7","Teacher","38",NA,"Scientists"
"40","5/13/2014 23:12","5/13/2014 23:15","1","Educated",NA,"Educated_Educated","1",NA,"1",5,5,3,6,6,5,5,5,4,3,2,4,5,2,4,1,4,4,"187","60","2","7","Film/TV development executive","38",NA,"Educated"
"41","5/13/2014 23:13","5/13/2014 23:18","1","Educated",NA,"Educated_Educated","1",NA,"1",6,5,3,5,6,5,6,7,3,5,3,4,6,6,4,6,4,4,"187","55","2","7",NA,"43",NA,"Educated"
"42","5/13/2014 23:16","5/13/2014 23:18","1","Educated",NA,"Educated_Scientists","1",NA,"1",4,4,4,5,4,6,3,4,4,3,5,3,4,6,1,6,4,2,"187","50","1","7","construction","38",NA,"Scientists"
"43","5/13/2014 23:17","5/13/2014 23:19","1","Educated",NA,"Educated_Scientists","1",NA,"1",5,6,2,6,5,6,5,6,5,5,5,6,6,5,5,6,6,5,"187","65","2","6",NA,"38",NA,"Scientists"
"44","5/13/2014 23:15","5/13/2014 23:19","1","Educated",NA,"Educated_Educated","1",NA,"1",6,5,5,6,6,5,6,5,6,5,5,5,6,6,5,5,5,3,"187","49","1","7","manager","43",NA,"Educated"
"45","5/13/2014 23:23","5/13/2014 23:26","1","Educated",NA,"Educated_Scientists","1",NA,"2",6,6,6,7,6,6,6,6,4,2,3,4,7,7,7,7,6,5,"187","41","1","7","retired","44",NA,"Scientists"
"46","5/13/2014 23:22","5/13/2014 23:27","1","Educated",NA,"Educated_Educated","1",NA,"2",3,6,3,5,5,6,3,5,5,5,2,1,5,3,3,3,2,2,"187","33","2","7","teacher","39",NA,"Educated"
"47","5/13/2014 23:25","5/13/2014 23:28","1","Educated",NA,"Educated_Educated","1",NA,"1",4,4,4,4,4,4,4,4,4,4,4,3,4,3,4,4,4,4,"187","46","1","7","Massage Therapist","38",NA,"Educated"
"48","5/13/2014 23:25","5/13/2014 23:29","1","Educated",NA,"Educated_Scientists","1",NA,"1",5,6,5,7,7,7,7,5,6,6,6,6,7,6,6,6,6,5,"187","39","2","7","manager","39",NA,"Scientists"
"49","5/13/2014 23:30","5/13/2014 23:31","1","Educated",NA,"Educated_Scientists","1",NA,"1",7,5,7,6,6,7,7,7,4,5,1,5,7,6,7,6,5,2,"187","43","1","7","OSR","44",NA,"Scientists"
"50","5/13/2014 23:30","5/13/2014 23:32","1","Educated",NA,"Educated_Scientists","1",NA,"2",7,7,4,7,7,7,5,7,7,5,5,4,7,7,7,7,4,4,"187","36","2","7","dir it","38",NA,"Scientists"
"51","5/13/2014 23:29","5/13/2014 23:34","1","Educated",NA,"Educated_Educated","1",NA,"2",5,6,2,5,6,5,5,6,6,5,2,5,4,2,2,3,3,2,"187","54","2","7",NA,"43",NA,"Educated"
"52","5/13/2014 23:32","5/13/2014 23:37","1","Educated",NA,"Educated_Educated","1",NA,"2",4,4,4,4,4,4,4,4,4,6,4,4,4,4,4,4,4,4,"187","53","2","7","commercial real estate","43",NA,"Educated"
"53","5/13/2014 23:35","5/13/2014 23:40","1","Educated",NA,"Educated_Scientists","1",NA,"1",5,6,6,6,7,7,4,6,6,6,4,6,7,6,7,7,7,6,"187","30","2","7","retired","44",NA,"Scientists"
"54","5/13/2014 23:39","5/13/2014 23:42","1","Educated",NA,"Educated_Educated","1",NA,"1",5,4,3,5,5,5,5,5,5,3,4,4,5,4,4,3,4,3,"187","46","1","7","IT manager","40",NA,"Educated"
"55","5/13/2014 23:39","5/13/2014 23:42","1","Educated",NA,"Educated_Educated","1",NA,"1",5,5,3,5,6,6,3,6,6,5,2,3,6,5,6,3,5,3,"187","66","2","7","disabled","39",NA,"Educated"
"56","5/13/2014 23:39","5/13/2014 23:43","1","Educated",NA,"Educated_Scientists","1",NA,"2",6,5,2,5,5,6,5,3,5,1,1,2,5,5,5,5,1,1,"187","32","2","7","Grants Accountant","43",NA,"Scientists"
"57","5/13/2014 23:47","5/13/2014 23:50","1","Educated",NA,"Educated_Educated","1",NA,"2",4,4,4,4,4,4,4,4,4,4,4,4,4,4,4,4,4,4,"187","30","2","7","Adjunct Professor","44",NA,"Educated"
"58","5/13/2014 23:47","5/13/2014 23:51","1","Educated",NA,"Educated_Scientists","1",NA,"1",5,5,5,6,5,6,5,5,6,4,4,5,5,4,4,4,4,4,"187","36","2","7","SR BENEFIT ADMINISTRATOR","42",NA,"Scientists"
"59","5/14/2014 0:11","5/14/2014 0:13","1","Educated",NA,"Educated_Educated","1",NA,"1",5,5,5,5,5,5,5,5,5,5,5,5,5,3,5,5,5,4,"187","35","1","7","religious","43",NA,"Educated"
"60","5/14/2014 0:14","5/14/2014 0:24","1","Educated",NA,"Educated_Scientists","1",NA,"1",6,6,5,6,5,5,6,6,6,6,5,6,6,6,6,6,6,5,"187","26","2","7","teacher - retired","44",NA,"Scientists"
"61","5/14/2014 0:18","5/14/2014 0:30","1","Educated",NA,"Educated_Scientists","1",NA,"1",4,4,4,4,4,4,4,4,4,4,4,4,4,4,4,4,4,4,"187","66","2","7","Business analyst","41",NA,"Scientists"
"62","5/14/2014 0:29","5/14/2014 0:31","1","Educated",NA,"Educated_Educated","1",NA,"2",7,4,6,6,5,5,6,7,6,6,5,5,7,7,4,4,5,4,"187","61","1","7","manager","44",NA,"Educated"
"63","5/14/2014 0:33","5/14/2014 0:35","1","Educated",NA,"Educated_Scientists","1",NA,"2",6,5,5,6,6,6,5,5,6,4,5,5,6,6,6,5,6,4,"187","34","1","7","IT","44",NA,"Scientists"
"64","5/14/2014 0:35","5/14/2014 0:36","1","Educated",NA,"Educated_Educated","1",NA,"1",4,5,4,5,4,4,5,4,5,5,4,5,4,4,5,5,4,4,"187","62","1","7","services","43",NA,"Educated"
"65","5/14/2014 0:45","5/14/2014 0:48","1","Educated",NA,"Educated_Scientists","1",NA,"1",5,4,5,6,6,4,3,4,4,5,NA,6,5,3,6,4,4,5,"187","61","1","7","sale","40",NA,"Scientists"
"66","5/14/2014 0:56","5/14/2014 0:58","1","Educated",NA,"Educated_Educated","1",NA,"2",3,3,2,3,3,3,3,3,3,3,2,2,2,2,1,3,2,3,"187","43","1","7","Technologist","40",NA,"Educated"
"67","5/14/2014 0:43","5/14/2014 1:02","1","Educated",NA,"Educated_Educated","1",NA,"1",5,5,4,5,5,5,5,5,4,3,4,4,5,4,4,3,4,3,"187","65","2","7","Associate","40",NA,"Educated"
"68","5/14/2014 0:59","5/14/2014 1:06","1","Educated",NA,"Educated_Educated","1",NA,"1",6,7,5,6,6,6,7,6,5,6,5,7,6,6,6,3,3,3,"187","39","1","7","cashier","43",NA,"Educated"
"69","5/14/2014 1:05","5/14/2014 1:08","1","Educated",NA,"Educated_Educated","1",NA,"1",3,3,3,3,3,3,3,4,3,3,3,3,3,3,3,3,3,3,"187","35","1","7",NA,"44",NA,"Educated"
"70","5/14/2014 1:00","5/14/2014 1:13","1","Educated",NA,"Educated_Scientists","1",NA,"2",7,7,4,6,6,7,6,6,4,6,4,4,7,7,7,7,6,4,"187","39","2","7","medical technologist","44",NA,"Scientists"
"71","5/14/2014 1:10","5/14/2014 1:13","1","Educated",NA,"Educated_Scientists","1",NA,"2",2,2,3,4,2,4,2,2,2,5,4,5,3,1,1,1,1,1,"187","21","1","7","Webmaster","44",NA,"Scientists"
"72","5/14/2014 1:11","5/14/2014 1:16","1","Educated",NA,"Educated_Educated","1",NA,"1",4,3,2,3,3,4,2,6,5,4,1,2,5,2,2,5,3,2,"187","39","2","7","Education","39",NA,"Educated"
"73","5/14/2014 1:16","5/14/2014 1:18","1","Educated",NA,"Educated_Scientists","1",NA,"1",5,3,5,6,5,5,6,6,4,4,5,6,4,4,3,4,4,5,"187","63","1","7","nurse","42",NA,"Scientists"
"74","5/14/2014 0:39","5/14/2014 1:19","1","Educated",NA,"Educated_Scientists","1",NA,"1",4,4,4,5,4,4,4,4,4,4,3,5,4,4,4,4,4,4,"187","34","1","7","writer","43",NA,"Scientists"
"75","5/14/2014 1:17","5/14/2014 1:22","1","Educated",NA,"Educated_Educated","1",NA,"1",4,2,3,4,5,4,4,5,5,5,2,4,4,1,1,3,4,2,"187","29","1","7",NA,"42",NA,"Educated"
"76","5/14/2014 1:07","5/14/2014 1:24","1","Educated",NA,"Educated_Scientists","1",NA,"4",3,4,2,5,5,5,4,3,4,2,6,6,5,4,5,2,2,2,"187","38","1","6",NA,"41",NA,"Scientists"
"77","5/14/2014 1:20","5/14/2014 1:25","1","Educated",NA,"Educated_Scientists","1",NA,"1",3,4,3,4,5,4,3,4,3,2,2,4,5,5,2,3,3,3,"187","30","2","7","homemaker","42",NA,"Scientists"
"78","5/14/2014 1:21","5/14/2014 1:28","1","Educated",NA,"Educated_Educated","1",NA,"2",6,7,4,7,7,6,7,7,6,4,4,1,7,1,1,7,6,1,"187","54","1","7","it manager","42",NA,"Educated"
"79","5/14/2014 1:18","5/14/2014 1:30","1","Educated",NA,"Educated_Scientists","1",NA,"1",7,7,7,7,7,7,7,7,7,7,7,6,7,7,7,7,7,7,"187","52","2","7","IT","44",NA,"Scientists"
"80","5/14/2014 1:13","5/14/2014 1:35","1","Educated",NA,"Educated_Educated","1",NA,"1",3,3,3,4,5,3,3,3,3,2,6,3,3,3,3,3,3,3,"187","71","2","7","Musician","38",NA,"Educated"
"81","5/14/2014 1:33","5/14/2014 1:37","1","Educated",NA,"Educated_Scientists","1",NA,"2",4,3,4,5,5,4,3,3,3,3,3,4,4,4,4,3,3,3,"187","31","2","7","personal services","44",NA,"Scientists"
"82","5/14/2014 1:44","5/14/2014 1:47","1","Educated",NA,"Educated_Educated","1",NA,"1",5,6,5,6,7,6,6,6,6,5,6,5,5,6,6,6,7,5,"187","64","1","7","social worker","42",NA,"Educated"
"83","5/14/2014 1:36","5/14/2014 1:50","1","Educated",NA,"Educated_Educated","1",NA,"1",4,4,1,4,3,4,4,5,4,4,1,1,4,3,4,4,3,3,"187","40","2","7","actuary","40",NA,"Educated"
"84","5/14/2014 1:50","5/14/2014 1:53","1","Educated",NA,"Educated_Scientists","1",NA,"2",6,7,7,7,7,6,7,7,7,5,5,5,7,6,6,6,6,5,"187","18","1","6",NA,"41",NA,"Scientists"
"85","5/14/2014 1:50","5/14/2014 1:53","1","Educated",NA,"Educated_Educated","1",NA,"1",4,4,4,4,4,4,4,4,4,4,4,4,4,4,4,4,4,4,"187","31","1","7","retail","41",NA,"Educated"
"86","5/14/2014 1:56","5/14/2014 1:59","1","Educated",NA,"Educated_Scientists","1",NA,"2",6,5,6,7,7,7,6,4,3,7,6,7,7,6,6,3,4,1,"187","34","2","7","Sales","41",NA,"Scientists"
"87","5/14/2014 1:58","5/14/2014 2:02","1","Educated",NA,"Educated_Scientists","1",NA,"1",4,4,4,4,4,5,4,4,3,4,4,4,4,4,4,4,3,3,"187","59","2","7","fashion","43",NA,"Scientists"
"88","5/14/2014 2:04","5/14/2014 2:07","1","Educated",NA,"Educated_Educated","1",NA,"1",6,4,4,4,5,5,4,4,4,3,5,3,4,4,4,4,4,4,"187","61","2","7","none","40",NA,"Educated"
"89","5/14/2014 1:59","5/14/2014 2:09","1","Educated",NA,"Educated_Educated","1",NA,"2",6,6,5,5,6,6,5,6,6,4,2,6,5,5,3,4,5,2,"187","57","2","7","customer care ","42",NA,"Educated"
"90","5/14/2014 2:08","5/14/2014 2:09","1","Educated",NA,"Educated_Scientists","1",NA,"2",7,6,6,6,6,6,6,6,6,7,5,5,6,6,6,6,6,6,"187","46","1","7","analyst","43",NA,"Scientists"
"91","5/14/2014 2:13","5/14/2014 2:17","1","Educated",NA,"Educated_Educated","1",NA,"1",4,1,1,1,4,4,4,4,1,1,1,1,1,1,1,1,1,1,"187","32","1","7","Police","39",NA,"Educated"
"92","5/14/2014 2:21","5/14/2014 2:23","1","Educated",NA,"Educated_Educated","1",NA,"2",5,5,4,6,5,6,5,5,5,5,5,5,5,4,4,4,5,5,"187","42","1","7","Programmer/Analyst","43",NA,"Educated"
"93","5/14/2014 2:18","5/14/2014 2:24","1","Educated",NA,"Educated_Educated","1",NA,"1",5,5,3,5,6,5,5,5,6,6,6,5,6,6,6,5,6,4,"187","24","1","7","accountant","38",NA,"Educated"
"94","5/14/2014 1:53","5/14/2014 2:33","1","Educated",NA,"Educated_Scientists","1",NA,"1",6,6,6,5,6,5,5,6,6,6,6,6,6,6,5,6,6,6,"187","67","1","7","si manage","38",NA,"Scientists"
"95","5/14/2014 2:31","5/14/2014 2:34","1","Educated",NA,"Educated_Scientists","1",NA,"4",6,6,2,7,4,5,4,5,6,3,2,4,4,6,6,3,5,5,"187","38","1","7","Physician","38",NA,"Scientists"
"96","5/14/2014 2:37","5/14/2014 2:41","1","Educated",NA,"Educated_Scientists","1",NA,"2",1,4,4,7,1,4,1,1,4,4,7,7,4,1,1,1,4,1,"187","47","2","7","Owner/Teacher","38",NA,"Scientists"
"97","5/14/2014 2:44","5/14/2014 2:48","1","Educated",NA,"Educated_Educated","1",NA,"1",4,4,4,6,5,6,6,5,5,4,5,4,4,4,4,4,4,3,"187","59","2","7","Accountant","44",NA,"Educated"
"98","5/14/2014 2:50","5/14/2014 2:56","1","Educated",NA,"Educated_Educated","1",NA,"1",4,5,2,6,6,6,4,6,5,5,2,5,6,3,3,4,4,2,"187","49","1","7","disabled/retired","40",NA,"Educated"
"99","5/14/2014 2:55","5/14/2014 2:58","1","Educated",NA,"Educated_Scientists","1",NA,"1",6,3,4,6,6,6,3,5,6,6,6,6,6,4,4,3,3,6,"187","29","1","7","Safety","39",NA,"Scientists"
"100","5/14/2014 2:56","5/14/2014 2:58","1","Educated",NA,"Educated_Scientists","1",NA,"2",5,6,3,7,6,6,5,6,7,5,6,4,7,7,7,7,3,4,"187","64","2","7","counselor","38",NA,"Scientists"
"101","5/14/2014 2:59","5/14/2014 3:00","1","Educated",NA,"Educated_Educated","1",NA,"4",5,6,6,5,5,6,5,6,6,5,6,7,6,6,6,5,5,5,"187","63","1","6",NA,"44",NA,"Educated"
"102","5/14/2014 2:58","5/14/2014 3:01","1","Educated",NA,"Educated_Educated","1",NA,"1",5,5,4,4,6,5,2,5,4,2,2,3,6,1,3,4,5,1,"187","34","1","7","property manager","40",NA,"Educated"
"103","5/14/2014 2:59","5/14/2014 3:01","1","Educated",NA,"Educated_Educated","1",NA,"2",7,7,7,6,7,7,7,6,6,5,5,7,7,5,7,7,6,6,"187","41","2","7","homemaker/retired","44",NA,"Educated"
"104","5/14/2014 2:59","5/14/2014 3:04","1","Educated",NA,"Educated_Scientists","1",NA,"1",4,4,4,4,4,4,4,4,4,4,4,4,4,4,4,4,4,4,"187","57","2","7","stay at home mom","42",NA,"Scientists"
"105","5/14/2014 2:58","5/14/2014 3:07","1","Educated",NA,"Educated_Scientists","1",NA,"2",6,6,4,4,6,6,6,6,2,6,4,4,6,6,6,6,6,2,"187","25","2","7","Psychiatric Therapist","43",NA,"Scientists"
"106","5/14/2014 3:05","5/14/2014 3:08","1","Educated",NA,"Educated_Scientists","1",NA,"2",6,4,2,6,6,6,4,6,6,5,5,5,6,4,2,4,4,3,"187","64","1","7","management","41",NA,"Scientists"
"107","5/14/2014 3:09","5/14/2014 3:13","1","Educated",NA,"Educated_Scientists","1",NA,"1",2,2,2,6,3,5,2,1,4,2,1,5,2,1,1,1,2,2,"187","32","1","7","Retired","41",NA,"Scientists"
"108","5/14/2014 3:09","5/14/2014 3:14","1","Educated",NA,"Educated_Educated","1",NA,"1",3,2,3,3,5,5,5,4,5,5,6,3,6,5,6,4,3,3,"187","60","2","7","Consulting Director","42",NA,"Educated"
"109","5/14/2014 3:13","5/14/2014 3:16","1","Educated",NA,"Educated_Scientists","1",NA,"1",4,6,3,6,6,7,7,6,6,5,3,4,6,4,3,4,4,3,"187","52","2","7","financial analyst","39",NA,"Scientists"
"110","5/14/2014 3:13","5/14/2014 3:16","1","Educated",NA,"Educated_Educated","1",NA,"2",7,4,3,7,7,6,4,4,6,3,1,5,4,5,4,4,6,4,"187","43","1","7","Librarian","38",NA,"Educated"
"111","5/14/2014 3:14","5/14/2014 3:18","1","Educated",NA,"Educated_Educated","1",NA,"1",3,3,3,3,2,2,5,3,6,2,5,2,1,1,2,2,2,2,"187","36","1","7","construction","44",NA,"Educated"
"112","5/14/2014 3:21","5/14/2014 3:27","1","Educated",NA,"Educated_Educated","1",NA,"1",4,3,3,5,6,5,4,4,4,2,2,3,6,5,5,4,5,3,"187","31","2","7",NA,"44",NA,"Educated"
"113","5/14/2014 3:24","5/14/2014 3:28","1","Educated",NA,"Educated_Scientists","1",NA,"2",3,3,6,6,7,7,7,6,5,6,6,7,3,3,3,3,5,5,"187","26","2","7","retail","41",NA,"Scientists"
"114","5/14/2014 3:23","5/14/2014 3:28","1","Educated",NA,"Educated_Scientists","1",NA,"2",2,4,4,4,6,4,4,4,4,3,3,5,4,4,4,4,4,4,"187","18","1","7","teacher","40",NA,"Scientists"
"115","5/14/2014 3:25","5/14/2014 3:31","1","Educated",NA,"Educated_Educated","1",NA,"2",7,6,5,6,7,6,5,7,6,6,5,5,7,6,4,4,3,2,"187","61","2","7","freelance writer","38",NA,"Educated"
"116","5/14/2014 3:24","5/14/2014 3:32","1","Educated",NA,"Educated_Scientists","1",NA,"1",6,6,3,6,5,7,6,6,7,3,3,3,7,6,7,7,3,4,"187","32","1","7","Retired","39",NA,"Scientists"
"117","5/14/2014 3:29","5/14/2014 3:34","1","Educated",NA,"Educated_Educated","1",NA,"1",4,3,2,5,5,4,4,5,3,4,2,4,5,3,4,4,4,3,"187","35","2","7","Teacher","43",NA,"Educated"
"118","5/14/2014 3:29","5/14/2014 3:34","1","Educated",NA,"Educated_Scientists","1",NA,"1",6,7,3,5,3,5,5,3,5,4,4,3,7,3,6,2,2,3,"187","32","1","7","Computer Science","43",NA,"Scientists"
"119","5/14/2014 3:34","5/14/2014 3:37","1","Educated",NA,"Educated_Educated","1",NA,"4",3,3,4,2,2,2,3,3,4,3,3,2,3,4,4,3,3,4,"187","18","1","6",NA,"40",NA,"Educated"
"120","5/14/2014 3:34","5/14/2014 3:37","1","Educated",NA,"Educated_Scientists","1",NA,"1",5,5,5,6,6,6,6,5,5,4,4,6,6,5,5,5,6,4,"187","33","2","7","educator","43",NA,"Scientists"
"121","5/14/2014 3:30","5/14/2014 3:38","1","Educated",NA,"Educated_Scientists","1",NA,"1",6,6,4,7,6,6,6,6,7,6,7,7,6,6,6,7,6,4,"187","69","2","7","Unemployed","39",NA,"Scientists"
"122","5/14/2014 3:34","5/14/2014 3:38","1","Educated",NA,"Educated_Educated","1",NA,"2",5,4,4,4,4,4,4,6,4,3,3,4,4,4,4,4,4,4,"187","52","1","7","administration","43",NA,"Educated"
"123","5/14/2014 3:36","5/14/2014 3:39","1","Educated",NA,"Educated_Educated","1",NA,"2",4,5,4,5,6,5,5,5,3,5,5,5,6,4,3,3,4,5,"187","48","1","7","program director","43",NA,"Educated"
"124","5/14/2014 3:31","5/14/2014 3:39","1","Educated",NA,"Educated_Scientists","1",NA,"1",3,3,4,4,4,4,2,3,2,4,4,4,4,3,4,3,4,3,"187","51","1","7","retail","39",NA,"Scientists"
"125","5/14/2014 3:29","5/14/2014 3:39","1","Educated",NA,"Educated_Educated","1",NA,"1",6,5,4,5,6,7,5,6,6,7,2,4,5,5,6,4,4,2,"187","58","1","7","manager","40",NA,"Educated"
"126","5/14/2014 3:38","5/14/2014 3:40","1","Educated",NA,"Educated_Scientists","1",NA,"1",5,4,4,7,5,7,4,4,6,5,5,5,5,4,4,5,5,5,"187","58","1","7","Analyst","38",NA,"Scientists"
"127","5/14/2014 3:36","5/14/2014 3:41","1","Educated",NA,"Educated_Scientists","1",NA,"1",5,6,6,7,6,6,7,5,5,3,6,4,5,5,5,3,4,4,"187","23","2","7","Retired","40",NA,"Scientists"
"128","5/14/2014 3:37","5/14/2014 3:41","1","Educated",NA,"Educated_Educated","1",NA,"1",6,6,7,6,7,7,7,6,6,6,7,6,7,6,6,6,6,5,"187","67","2","7",NA,"43",NA,"Educated"
"129","5/14/2014 3:39","5/14/2014 3:42","1","Educated",NA,"Educated_Educated","1",NA,"1",4,4,4,4,4,4,4,4,4,4,4,4,4,4,4,4,4,4,"187","39","2","7","homemaker","38",NA,"Educated"
"130","5/14/2014 3:40","5/14/2014 3:43","1","Educated",NA,"Educated_Scientists","1",NA,"1",4,7,4,7,7,7,7,4,7,7,7,7,7,4,4,4,4,4,"187","47","2","7","unemployed","41",NA,"Scientists"
"131","5/14/2014 3:41","5/14/2014 3:45","1","Educated",NA,"Educated_Educated","1",NA,"4",1,1,1,1,1,1,1,1,1,1,1,1,1,1,1,1,1,1,"187","40","1","7","business","38",NA,"Educated"
"132","5/14/2014 3:42","5/14/2014 3:46","1","Educated",NA,"Educated_Scientists","1",NA,"1",6,6,4,7,5,6,6,5,5,4,5,6,5,5,5,6,5,4,"187","45","2","7","Artist, jewelry maker, writer","40",NA,"Scientists"
"133","5/14/2014 3:41","5/14/2014 3:49","1","Educated",NA,"Educated_Scientists","1",NA,"2",5,6,4,7,6,7,4,4,6,4,5,6,6,4,4,4,6,4,"187","29","2","7","retired RN","43",NA,"Scientists"
"134","5/14/2014 3:47","5/14/2014 3:52","1","Educated",NA,"Educated_Scientists","1",NA,"2",6,5,5,6,4,6,6,6,2,4,4,5,5,5,6,6,4,2,"187","43","2","7","educator","40",NA,"Scientists"
"135","5/14/2014 3:49","5/14/2014 3:55","1","Educated",NA,"Educated_Educated","1",NA,"1",5,5,4,5,7,6,5,5,6,1,1,4,5,4,4,5,6,4,"187","65","1","7","Freelance Writer","38",NA,"Educated"
"136","5/14/2014 3:51","5/14/2014 3:55","1","Educated",NA,"Educated_Educated","1",NA,"2",5,2,1,3,5,4,4,6,5,5,2,3,6,3,4,2,4,3,"187","48","1","7","Retired finance director","40",NA,"Educated"
"137","5/14/2014 3:57","5/14/2014 4:00","1","Educated",NA,"Educated_Scientists","1",NA,"1",1,2,2,2,2,2,2,2,1,4,1,5,2,2,2,1,2,2,"187","59","2","7","None","43",NA,"Scientists"
"138","5/14/2014 3:58","5/14/2014 4:03","1","Educated",NA,"Educated_Educated","1",NA,"1",4,4,4,4,5,4,4,4,4,4,4,2,3,3,4,4,4,4,"187","64","1","7","analyst","39",NA,"Educated"
"139","5/14/2014 3:42","5/14/2014 4:06","1","Educated",NA,"Educated_Educated","1",NA,"1",4,4,4,4,4,4,4,4,4,3,3,4,4,4,4,4,4,4,"187","62","2","7","RN","39",NA,"Educated"
"140","5/14/2014 3:57","5/14/2014 4:12","1","Educated",NA,"Educated_Scientists","1",NA,"1",7,6,7,4,7,5,7,5,6,4,6,7,6,6,4,6,7,5,"187","54","2","6",NA,"43",NA,"Scientists"
"141","5/14/2014 4:09","5/14/2014 4:13","1","Educated",NA,"Educated_Educated","1",NA,"1",4,5,6,6,6,7,6,4,6,5,1,5,2,4,4,4,2,4,"187","49","1","7","programmer","38",NA,"Educated"
"142","5/14/2014 4:07","5/14/2014 4:14","1","Educated",NA,"Educated_Scientists","1",NA,"4",2,5,5,5,5,5,2,4,2,3,4,3,5,2,2,2,2,4,"187","48","1","7","Legal","40",NA,"Scientists"
"143","5/14/2014 4:13","5/14/2014 4:15","1","Educated",NA,"Educated_Scientists","1",NA,"1",7,6,6,7,4,6,7,6,5,6,5,5,7,6,6,7,7,7,"187","60","1","7","Police Dispatcher","39",NA,"Scientists"
"144","5/14/2014 4:01","5/14/2014 4:16","1","Educated",NA,"Educated_Educated","1",NA,"2",5,6,5,5,3,6,5,5,5,3,2,2,3,2,2,2,3,2,"187","37","2","7","Civil service","43",NA,"Educated"
"145","5/14/2014 4:15","5/14/2014 4:19","1","Educated",NA,"Educated_Educated","1",NA,"2",2,2,2,3,2,5,2,2,2,2,5,2,2,2,3,2,2,2,"187","51","2","7","Office admin","44",NA,"Educated"
"146","5/14/2014 4:14","5/14/2014 4:22","1","Educated",NA,"Educated_Scientists","1",NA,"1",6,5,7,4,7,6,4,6,6,5,6,5,5,7,4,7,5,6,"187","54","2","6",NA,"43",NA,"Scientists"
"147","5/14/2014 4:20","5/14/2014 4:23","1","Educated",NA,"Educated_Educated","1",NA,"1",5,5,6,6,7,7,5,6,7,5,6,6,6,6,7,6,7,4,"187","14","1","7","Director","38",NA,"Educated"
"148","5/14/2014 4:19","5/14/2014 4:23","1","Educated",NA,"Educated_Educated","1",NA,"2",5,6,5,6,5,6,4,6,6,2,2,3,6,5,6,6,5,3,"187","41","1","7","engineer","43",NA,"Educated"
"149","5/14/2014 4:10","5/14/2014 4:23","1","Educated",NA,"Educated_Scientists","1",NA,"1",7,7,4,6,7,7,7,7,4,7,7,7,7,5,7,6,7,6,"187","58","2","7","actress","40",NA,"Scientists"
"150","5/14/2014 4:22","5/14/2014 4:24","1","Educated",NA,"Educated_Educated","1",NA,"1",6,6,2,6,6,5,3,5,6,6,6,5,5,2,4,6,6,2,"187","67","2","7","cma","42",NA,"Educated"
"151","5/14/2014 4:18","5/14/2014 4:25","1","Educated",NA,"Educated_Scientists","1",NA,"1",2,3,1,7,6,5,1,3,3,3,2,6,5,3,3,3,3,1,"187","64","2","7","Store Manager","40",NA,"Scientists"
"152","5/14/2014 4:24","5/14/2014 4:27","1","Educated",NA,"Educated_Educated","1",NA,"1",2,2,3,4,3,6,4,3,2,3,1,4,5,1,1,1,4,1,"187","63","2","7","secretary","38",NA,"Educated"
"153","5/14/2014 4:25","5/14/2014 4:28","1","Educated",NA,"Educated_Scientists","1",NA,"1",7,7,4,4,7,7,7,7,7,1,1,4,7,7,7,7,7,4,"187","27","1","7","retired educator","39",NA,"Scientists"
"154","5/14/2014 4:22","5/14/2014 4:31","1","Educated",NA,"Educated_Scientists","1",NA,"1",7,6,5,6,6,5,7,7,7,7,4,6,5,6,6,6,4,5,"187","57","2","6",NA,"43",NA,"Scientists"
"155","5/14/2014 4:21","5/14/2014 4:31","1","Educated",NA,"Educated_Educated","1",NA,"1",6,6,5,5,2,2,6,6,5,4,5,5,6,5,7,6,6,6,"187","70","1","7","Professional ","43",NA,"Educated"
"156","5/14/2014 4:11","5/14/2014 4:32","1","Educated",NA,"Educated_Educated","1",NA,"4",5,5,2,6,6,6,6,6,4,5,3,6,7,7,3,4,6,5,"187","69","2","7","manager","43",NA,"Educated"
"157","5/14/2014 4:28","5/14/2014 4:32","1","Educated",NA,"Educated_Scientists","1",NA,"1",5,5,5,6,5,6,7,6,7,6,7,6,5,6,5,6,6,5,"187","65","1","7","CFO","40",NA,"Scientists"
"158","5/14/2014 4:30","5/14/2014 4:33","1","Educated",NA,"Educated_Educated","1",NA,"4",5,5,5,5,5,5,5,6,7,5,4,4,6,4,4,5,4,4,"187","60","1","7",NA,"39",NA,"Educated"
"159","5/14/2014 4:37","5/14/2014 4:42","1","Educated",NA,"Educated_Educated","1",NA,"1",6,5,5,5,5,5,5,5,6,5,5,5,5,5,5,5,5,6,"187","56","2","7","PROFEESONAL","42",NA,"Educated"
"160","5/14/2014 4:37","5/14/2014 4:43","1","Educated",NA,"Educated_Scientists","1",NA,"1",6,6,7,7,5,6,5,5,7,7,7,4,7,6,5,6,7,7,"187","54","2","6",NA,"43",NA,"Scientists"
"161","5/14/2014 4:45","5/14/2014 4:49","1","Educated",NA,"Educated_Scientists","1",NA,"1",6,7,6,7,6,6,4,6,6,5,5,6,7,6,6,6,6,7,"187","41","1","7","Banker","38",NA,"Scientists"
"162","5/14/2014 4:49","5/14/2014 4:53","1","Educated",NA,"Educated_Educated","1",NA,"1",6,6,6,6,6,6,2,6,6,6,5,3,6,6,6,6,6,6,"187","31","1","7","retired","43",NA,"Educated"
"163","5/14/2014 4:50","5/14/2014 4:54","1","Educated",NA,"Educated_Educated","1",NA,"1",5,4,4,5,5,4,4,4,4,5,4,4,4,4,4,3,4,4,"187","57","2","7","housewife","44",NA,"Educated"
"164","5/14/2014 4:50","5/14/2014 4:54","1","Educated",NA,"Educated_Scientists","1",NA,"2",6,6,4,5,6,6,6,5,5,5,5,6,5,5,4,6,4,6,"187","41","2","7","Educator","43",NA,"Scientists"
"165","5/14/2014 4:26","5/14/2014 5:02","1","Educated",NA,"Educated_Scientists","1",NA,"1",3,3,4,6,5,5,3,3,5,4,5,4,3,3,3,3,3,2,"187","34","2","7","accountant","38",NA,"Scientists"
"166","5/14/2014 5:00","5/14/2014 5:02","1","Educated",NA,"Educated_Scientists","1",NA,"2",4,6,5,5,4,5,4,4,6,6,5,6,5,6,6,6,5,5,"187","57","1","6",NA,"43",NA,"Scientists"
"167","5/14/2014 4:54","5/14/2014 5:04","1","Educated",NA,"Educated_Scientists","1",NA,"2",4,4,4,6,4,6,5,4,5,4,3,4,5,4,4,4,5,3,"187","26","1","7","Retired Teacher","42",NA,"Scientists"
"168","5/14/2014 3:27","5/14/2014 5:10","1","Educated",NA,"Educated_Educated","1",NA,"2",7,6,4,7,6,6,6,7,7,5,5,6,4,1,1,4,4,1,"187","56","1","7","waiter","38",NA,"Educated"
"169","5/14/2014 5:06","5/14/2014 5:12","1","Educated",NA,"Educated_Educated","1",NA,"2",4,4,4,4,4,4,4,4,4,4,4,4,4,4,4,4,4,4,"187","63","2","6",NA,"42",NA,"Educated"
"170","5/14/2014 5:08","5/14/2014 5:16","1","Educated",NA,"Educated_Scientists","1",NA,"1",3,4,3,6,5,3,4,4,3,4,3,4,4,3,3,3,4,3,"187","22","1","7","Pharmacist","41",NA,"Scientists"
"171","5/14/2014 5:18","5/14/2014 5:22","1","Educated",NA,"Educated_Educated","1",NA,"1",7,6,7,7,7,7,7,7,6,6,6,7,7,7,6,7,7,7,"187","67","2","7","Office manager","41",NA,"Educated"
"172","5/14/2014 5:20","5/14/2014 5:23","1","Educated",NA,"Educated_Scientists","1",NA,"1",7,7,5,6,7,6,7,7,7,4,6,6,6,4,5,6,2,2,"187","39","2","7","Administrative Ass't","39",NA,"Scientists"
"173","5/14/2014 5:20","5/14/2014 5:23","1","Educated",NA,"Educated_Educated","1",NA,"1",5,6,3,4,5,6,5,5,1,3,4,4,5,4,3,4,4,3,"187","59","2","7","childcare provider","44",NA,"Educated"
"174","5/14/2014 5:26","5/14/2014 5:29","1","Educated",NA,"Educated_Scientists","1",NA,"2",6,6,3,7,7,7,6,7,7,7,7,7,7,4,4,5,4,2,"187","19","1","7","retired","44",NA,"Scientists"
"175","5/14/2014 5:39","5/14/2014 5:44","1","Educated",NA,"Educated_Scientists","1",NA,"1",6,6,5,6,5,4,6,6,6,5,5,5,6,4,5,6,6,5,"187","26","2","7","accountant","44",NA,"Scientists"
"176","5/14/2014 5:41","5/14/2014 5:44","1","Educated",NA,"Educated_Educated","1",NA,"1",5,4,3,2,6,4,5,5,6,1,2,3,5,3,4,4,5,1,"187","28","1","7","Retired","42",NA,"Educated"
"177","5/14/2014 5:42","5/14/2014 5:45","1","Educated",NA,"Educated_Scientists","1",NA,"1",4,4,4,7,4,5,4,4,4,5,1,6,7,4,4,4,4,4,"187","38","2","7","teacher","44",NA,"Scientists"
"178","5/14/2014 5:42","5/14/2014 5:46","1","Educated",NA,"Educated_Educated","1",NA,"1",5,6,2,6,7,7,5,6,5,2,2,6,6,2,5,6,6,2,"187","41","1","7","Information technology","38",NA,"Educated"
"179","5/14/2014 5:38","5/14/2014 5:48","1","Educated",NA,"Educated_Educated","1",NA,"2",4,4,4,4,4,4,4,4,4,4,4,4,4,4,4,4,4,4,"187","40","1","7","police","38",NA,"Educated"
"180","5/14/2014 5:46","5/14/2014 5:48","1","Educated",NA,"Educated_Educated","1",NA,"2",6,5,4,5,5,5,5,6,5,6,4,6,6,5,2,4,5,2,"187","41","2","7","developer","38",NA,"Educated"
"181","5/14/2014 5:38","5/14/2014 5:49","1","Educated",NA,"Educated_Educated","1",NA,"1",4,3,2,4,4,4,4,3,4,2,2,5,4,2,2,2,2,4,"187","36","2","7","Teacher","42",NA,"Educated"
"182","5/14/2014 5:42","5/14/2014 5:53","1","Educated",NA,"Educated_Scientists","1",NA,"1",7,7,7,7,5,7,7,7,7,7,7,7,7,4,6,7,7,7,"187","32","2","7","Retired Teacher","41",NA,"Scientists"
"183","5/14/2014 4:58","5/14/2014 5:53","1","Educated",NA,"Educated_Educated","1",NA,"1",5,5,3,5,5,5,5,5,5,5,5,4,5,5,5,5,5,5,"187","46","2","7","uemployed","42",NA,"Educated"
"184","5/14/2014 5:53","5/14/2014 5:57","1","Educated",NA,"Educated_Scientists","1",NA,"1",6,5,5,6,6,7,7,6,7,6,6,6,6,6,6,5,5,5,"187","48","2","7",NA,"38",NA,"Scientists"
"185","5/14/2014 5:53","5/14/2014 5:58","1","Educated",NA,"Educated_Scientists","1",NA,"2",7,7,7,6,6,6,7,7,6,6,5,6,7,7,7,7,7,4,"187","11","1","6",NA,"44",NA,"Scientists"
"186","5/14/2014 5:56","5/14/2014 6:00","1","Educated",NA,"Educated_Educated","1",NA,"1",5,2,2,6,6,6,4,2,1,6,4,5,6,7,7,5,5,6,"187","44","1","7","Unemployed","44",NA,"Educated"
"187","5/14/2014 6:03","5/14/2014 6:05","1","Educated",NA,"Educated_Scientists","1",NA,"1",5,7,7,7,7,7,6,7,7,4,4,6,7,7,7,7,7,7,"187","31","1","7","purchasing agent","44",NA,"Scientists"
"188","5/14/2014 6:05","5/14/2014 6:08","1","Educated",NA,"Educated_Educated","1",NA,"2",6,4,4,4,5,5,5,4,4,4,4,5,5,4,4,3,5,5,"187","36","1","7","executive","41",NA,"Educated"
"189","5/14/2014 6:07","5/14/2014 6:10","1","Educated",NA,"Educated_Educated","1",NA,"4",5,6,5,5,5,5,5,6,5,3,3,2,4,5,4,2,5,4,"187","34","1","7","accountant","39",NA,"Educated"
"190","5/14/2014 6:12","5/14/2014 6:14","1","Educated",NA,"Educated_Scientists","1",NA,"2",6,4,3,6,6,6,5,3,3,5,4,6,4,4,3,4,4,4,"187","56","2","7",NA,"43",NA,"Scientists"
"191","5/14/2014 6:13","5/14/2014 6:16","1","Educated",NA,"Educated_Educated","1",NA,"4",6,5,5,4,6,6,5,5,6,2,4,4,6,4,6,4,2,5,"187","35","1","6",NA,"41",NA,"Educated"
"192","5/14/2014 6:15","5/14/2014 6:19","1","Educated",NA,"Educated_Scientists","1",NA,"4",5,6,4,5,5,5,4,6,5,5,5,5,5,5,5,5,6,5,"128","63","2","6",NA,"42",NA,"Scientists"
"193","5/14/2014 6:18","5/14/2014 6:20","1","Educated",NA,"Educated_Scientists","1",NA,"1",6,6,4,6,5,7,6,5,5,6,5,6,6,7,7,6,4,4,"187","54","2","6",NA,"38",NA,"Scientists"
"194","5/14/2014 6:24","5/14/2014 6:25","1","Educated",NA,"Educated_Educated","1",NA,"1",6,7,6,6,6,7,6,7,7,6,7,6,7,6,7,7,6,7,"187","42","2","7","DISABLED","44",NA,"Educated"
"195","5/14/2014 6:20","5/14/2014 6:25","1","Educated",NA,"Educated_Educated","1",NA,"4",7,7,4,7,6,7,7,7,6,6,7,6,7,7,7,6,7,7,"187","72","2","7","Professional ","42",NA,"Educated"
"196","5/14/2014 6:26","5/14/2014 6:28","1","Educated",NA,"Educated_Scientists","1",NA,"1",7,7,6,7,7,7,6,7,7,5,5,6,7,7,7,7,7,7,"187","48","1","6",NA,"44",NA,"Scientists"
"197","5/14/2014 6:48","5/14/2014 6:52","1","Educated",NA,"Educated_Scientists","1",NA,"1",5,6,2,2,2,2,3,2,2,2,2,2,2,2,2,2,2,2,"187","65","1","6",NA,"42",NA,"Scientists"
"198","5/14/2014 6:55","5/14/2014 6:58","1","Educated",NA,"Educated_Educated","1",NA,"1",5,5,5,5,5,5,3,4,5,4,5,3,4,3,3,4,5,3,"187","37","1","7","Director","41",NA,"Educated"
"199","5/14/2014 6:56","5/14/2014 6:59","1","Educated",NA,"Educated_Scientists","1",NA,"1",5,6,4,7,1,5,4,1,7,5,5,7,6,6,7,4,5,7,"187","55","1","7","Surveys","44",NA,"Scientists"
"200","5/14/2014 6:55","5/14/2014 7:00","1","Educated",NA,"Educated_Scientists","1",NA,"1",5,3,2,6,6,5,3,5,5,5,6,5,5,5,5,5,5,3,"187","63","1","7","none","42",NA,"Scientists"
"201","5/14/2014 6:51","5/14/2014 7:01","1","Educated",NA,"Educated_Educated","1",NA,"1",3,2,1,2,5,5,4,1,5,6,2,1,2,2,1,1,1,1,"187","51","2","7","Administrative Assistant","44",NA,"Educated"
"202","5/14/2014 7:01","5/14/2014 7:04","1","Educated",NA,"Educated_Educated","1",NA,"2",4,5,4,4,4,4,5,4,4,4,4,4,4,4,5,4,4,3,"187","37","1","7","retired","39",NA,"Educated"
"203","5/14/2014 7:09","5/14/2014 7:11","1","Educated",NA,"Educated_Educated","1",NA,"1",3,4,3,6,5,6,4,5,5,5,6,6,4,2,2,3,5,1,"187","53","2","7","dance teacher","43",NA,"Educated"
"204","5/14/2014 7:05","5/14/2014 7:14","1","Educated",NA,"Educated_Educated","1",NA,"1",5,6,4,5,4,4,4,6,5,3,5,4,5,4,6,4,4,4,"187","57","1","7","temp, freelance film crewman","43",NA,"Educated"
"205","5/14/2014 7:13","5/14/2014 7:16","1","Educated",NA,"Educated_Scientists","1",NA,"2",7,6,6,7,6,7,6,6,6,4,6,6,6,6,6,6,6,4,"187","33","1","7","computer engineer","38",NA,"Scientists"
"206","5/14/2014 7:05","5/14/2014 7:22","1","Educated",NA,"Educated_Scientists","1",NA,"1",5,4,3,5,5,4,5,5,5,5,6,6,4,4,4,3,3,4,"187","52","1","7","protectio","44",NA,"Scientists"
"207","5/14/2014 7:37","5/14/2014 7:44","1","Educated",NA,"Educated_Educated","1",NA,"2",4,4,3,4,5,5,4,4,4,5,3,5,4,4,4,4,4,4,"187","53","1","7","physical therapist assistant","43",NA,"Educated"
"208","5/14/2014 7:47","5/14/2014 7:52","1","Educated",NA,"Educated_Educated","1",NA,"1",4,5,4,5,5,6,5,6,4,4,3,4,6,4,4,4,4,4,"187","56","2","7","Registered Nurse","44",NA,"Educated"
"209","5/14/2014 7:47","5/14/2014 7:52","1","Educated",NA,"Educated_Scientists","1",NA,"1",6,6,3,4,5,6,6,6,6,2,5,3,6,6,7,5,4,4,"187","19","1","7","retired","38",NA,"Scientists"
"210","5/14/2014 8:01","5/14/2014 8:04","1","Educated",NA,"Educated_Scientists","1",NA,"2",5,5,4,7,5,6,5,4,4,5,5,5,6,4,4,4,6,5,"187","66","2","7","EMT","44",NA,"Scientists"
"211","5/14/2014 8:03","5/14/2014 8:11","1","Educated",NA,"Educated_Educated","1",NA,"2",4,4,4,4,4,4,4,4,4,2,1,4,4,4,4,4,4,4,"187","64","1","7","medical student","38",NA,"Educated"
"212","5/14/2014 8:25","5/14/2014 8:35","1","Educated",NA,"Educated_Educated","1",NA,"1",5,5,4,5,6,6,4,4,5,5,4,5,5,4,4,4,4,4,"187","62","1","7","financial services","42",NA,"Educated"
"213","5/14/2014 7:50","5/14/2014 8:42","1","Educated",NA,"Educated_Scientists","1",NA,"1",5,7,2,7,7,7,6,6,6,4,5,4,7,5,7,7,5,4,"187","47","1","7","Hospitality","39",NA,"Scientists"
"214","5/14/2014 8:38","5/14/2014 8:44","1","Educated",NA,"Educated_Scientists","1",NA,"1",3,3,2,6,6,6,4,4,4,2,3,5,6,5,5,4,4,3,"187","65","1","7","administrative assistant","38",NA,"Scientists"
"215","5/14/2014 8:45","5/14/2014 8:46","1","Educated",NA,"Educated_Scientists","1",NA,"1",6,7,6,6,6,7,7,6,6,6,6,7,6,6,7,7,6,6,"187","55","2","7","prof.","43",NA,"Scientists"
"216","5/14/2014 8:52","5/14/2014 8:55","1","Educated",NA,"Educated_Scientists","1",NA,"2",6,6,1,5,6,7,6,6,6,6,4,4,6,7,6,6,6,4,"187","66","2","7","Homemaker","43",NA,"Scientists"
"217","5/14/2014 8:48","5/14/2014 8:57","1","Educated",NA,"Educated_Educated","1",NA,"1",6,6,5,6,6,6,6,6,6,6,5,6,6,5,6,5,5,5,"187","61","1","7","system engineer","42",NA,"Educated"
"218","5/14/2014 9:10","5/14/2014 9:13","1","Educated",NA,"Educated_Scientists","1",NA,"1",6,6,4,7,7,7,7,6,7,6,5,6,6,6,5,6,5,4,"187","70","1","7","Tutor","42",NA,"Scientists"
"219","5/14/2014 9:32","5/14/2014 9:36","1","Educated",NA,"Educated_Educated","1",NA,"2",5,6,4,6,6,6,6,6,5,5,3,4,4,4,3,4,4,2,"187","38","1","7","Unemployed","43",NA,"Educated"
"220","5/14/2014 9:36","5/14/2014 9:38","1","Educated",NA,"Educated_Educated","1",NA,"2",6,5,6,6,5,6,5,4,6,4,5,6,5,5,4,6,5,7,"187","50","2","7","professional","42",NA,"Educated"
"221","5/14/2014 9:44","5/14/2014 9:46","1","Educated",NA,"Educated_Scientists","1",NA,"1",4,4,4,4,4,5,4,4,4,5,4,4,4,4,4,4,4,4,"187","53","1","7","manager","40",NA,"Scientists"
"222","5/14/2014 9:43","5/14/2014 9:48","1","Educated",NA,"Educated_Scientists","1",NA,"1",5,5,5,6,5,5,5,6,5,5,6,6,5,4,4,4,5,4,"187","42","2","7","homemaker","43",NA,"Scientists"
"223","5/14/2014 9:46","5/14/2014 9:52","1","Educated",NA,"Educated_Educated","1",NA,"1",5,3,2,5,6,5,4,5,4,4,3,4,4,2,4,4,3,2,"187","51","1","7","Tech Analyst","43",NA,"Educated"
"224","5/14/2014 10:04","5/14/2014 10:06","1","Educated",NA,"Educated_Educated","1",NA,"1",5,4,6,4,6,5,5,6,4,5,4,5,3,5,5,5,5,5,"187","56","1","7","manager","41",NA,"Educated"
"225","5/14/2014 10:12","5/14/2014 10:14","1","Educated",NA,"Educated_Scientists","1",NA,"2",6,6,6,6,6,6,6,6,6,6,6,6,6,6,6,6,4,6,"187","58","1","7","cop","43",NA,"Scientists"
"226","5/14/2014 10:21","5/14/2014 10:25","1","Educated",NA,"Educated_Educated","1",NA,"1",3,5,3,3,5,5,5,5,5,5,5,3,3,3,3,3,3,3,"187","33","1","7","Retired","40",NA,"Educated"
"227","5/14/2014 10:41","5/14/2014 10:43","1","Educated",NA,"Educated_Educated","1",NA,"1",6,6,6,6,6,7,6,7,5,6,6,6,6,6,6,7,6,7,"187","64","1","6",NA,"43",NA,"Educated"
"228","5/14/2014 10:49","5/14/2014 10:52","1","Educated",NA,"Educated_Scientists","1",NA,"4",6,7,4,6,6,6,6,7,7,4,5,4,6,7,6,7,6,4,"187","47","1","7","Homemaker","38",NA,"Scientists"
"229","5/14/2014 10:52","5/14/2014 10:54","1","Educated",NA,"Educated_Scientists","1",NA,"1",6,6,6,5,5,6,3,5,6,4,3,5,5,5,5,5,5,5,"187","65","2","6",NA,"41",NA,"Scientists"
"230","5/14/2014 11:08","5/14/2014 11:09","1","Educated",NA,"Educated_Educated","1",NA,"1",6,5,6,6,6,6,6,5,6,6,5,6,6,6,6,5,6,6,"187","63","1","6",NA,"43",NA,"Educated"
"231","5/14/2014 11:10","5/14/2014 11:12","1","Educated",NA,"Educated_Scientists","1",NA,"1",4,5,4,3,3,3,5,3,4,4,5,2,4,3,6,4,4,3,"187","49","1","6",NA,"43",NA,"Scientists"
"232","5/14/2014 11:15","5/14/2014 11:19","1","Educated",NA,"Educated_Educated","1",NA,"1",5,6,3,6,4,6,5,6,6,2,3,5,6,4,4,6,6,6,"187","69","1","7","management","38",NA,"Educated"
"233","5/14/2014 11:20","5/14/2014 11:21","1","Educated",NA,"Educated_Scientists","1",NA,"1",5,6,6,6,6,5,5,6,6,6,5,6,7,6,5,6,6,7,"187","50","1","6",NA,"43",NA,"Scientists"
"234","5/14/2014 11:25","5/14/2014 11:26","1","Educated",NA,"Educated_Educated","1",NA,"1",7,5,6,6,7,5,6,6,6,6,6,6,5,6,6,6,6,5,"187","66","1","6",NA,"43",NA,"Educated"
"235","5/14/2014 11:23","5/14/2014 11:27","1","Educated",NA,"Educated_Educated","1",NA,"1",5,6,4,6,7,7,6,5,6,5,7,6,7,7,7,3,6,6,"187","39","1","6",NA,"38",NA,"Educated"
"236","5/14/2014 11:24","5/14/2014 11:28","1","Educated",NA,"Educated_Scientists","1",NA,"1",6,6,4,6,6,6,6,6,6,4,4,4,6,6,6,6,4,4,"187","37","2","7","Auditor","39",NA,"Scientists"
"237","5/14/2014 11:30","5/14/2014 11:34","1","Educated",NA,"Educated_Educated","1",NA,"2",5,5,4,5,5,6,3,6,6,5,5,5,6,5,5,6,2,3,"187","23","1","7",NA,"42",NA,"Educated"
"238","5/14/2014 11:38","5/14/2014 11:41","1","Educated",NA,"Educated_Scientists","1",NA,"1",6,6,6,7,6,7,7,6,6,6,7,6,7,6,7,7,6,6,"187","49","1","7","IT","43",NA,"Scientists"
"239","5/14/2014 12:11","5/14/2014 12:14","1","Educated",NA,"Educated_Educated","1",NA,"1",4,5,2,6,4,6,6,5,5,6,3,3,6,6,3,2,6,3,"187","54","2","6",NA,"43",NA,"Educated"
"240","5/14/2014 12:22","5/14/2014 12:24","1","Educated",NA,"Educated_Educated","1",NA,"2",4,5,2,4,5,6,4,5,6,3,5,3,4,4,4,3,4,5,"187","48","2","7","educator","42",NA,"Educated"
"241","5/14/2014 12:24","5/14/2014 12:27","1","Educated",NA,"Educated_Scientists","1",NA,"1",4,4,4,4,4,4,4,4,4,3,3,3,4,4,4,4,4,4,"187","41","2","7",NA,"40",NA,"Scientists"
"242","5/14/2014 12:16","5/14/2014 12:31","1","Educated",NA,"Educated_Scientists","1",NA,"2",7,7,7,7,7,7,7,5,5,6,7,7,7,7,7,6,7,5,"187","37","2","7","Contracting Officer","44",NA,"Scientists"
"243","5/14/2014 12:36","5/14/2014 12:38","1","Educated",NA,"Educated_Scientists","1",NA,"2",7,7,7,7,7,6,7,7,6,6,7,6,6,7,7,7,7,6,"187","60","1","6",NA,"44",NA,"Scientists"
"244","5/14/2014 12:34","5/14/2014 12:39","1","Educated",NA,"Educated_Educated","1",NA,"2",5,3,3,4,5,4,5,5,6,3,5,4,5,3,3,3,5,2,"187","28","1","7","teacher","38",NA,"Educated"
"245","5/14/2014 12:50","5/14/2014 12:52","1","Educated",NA,"Educated_Scientists","1",NA,"4",6,6,5,6,6,6,5,5,6,5,4,4,6,4,5,4,5,4,"187","22","1","7","retired","38",NA,"Scientists"
"246","5/14/2014 12:50","5/14/2014 12:53","1","Educated",NA,"Educated_Educated","1",NA,"1",6,6,2,6,3,5,3,6,3,5,1,3,6,1,2,2,2,2,"187","58","2","7","Licensed Social Worker","43",NA,"Educated"
"247","5/14/2014 12:52","5/14/2014 12:56","1","Educated",NA,"Educated_Educated","1",NA,"1",4,4,5,6,4,6,4,4,6,5,7,6,5,4,6,6,4,3,"187","56","2","7","homemaker","44",NA,"Educated"
"248","5/14/2014 12:55","5/14/2014 13:00","1","Educated",NA,"Educated_Scientists","1",NA,"1",5,5,2,4,6,5,2,5,5,2,1,2,5,5,3,5,3,6,"187","36","1","7","retired","43",NA,"Scientists"
"249","5/14/2014 13:12","5/14/2014 13:15","1","Educated",NA,"Educated_Educated","1",NA,"2",4,4,3,4,3,4,4,3,3,4,5,3,4,4,4,3,3,3,"187","41","1","7","engineer","42",NA,"Educated"
"250","5/14/2014 13:16","5/14/2014 13:17","1","Educated",NA,"Educated_Scientists","1",NA,"1",6,7,6,6,5,6,7,6,6,6,7,7,7,6,7,6,6,5,"187","49","1","7","IT","43",NA,"Scientists"
"251","5/14/2014 13:20","5/14/2014 13:26","1","Educated",NA,"Educated_Educated","1",NA,"1",5,5,2,4,4,6,4,5,5,3,2,3,6,2,2,3,4,1,"187","40","1","7","Oil & Gas Accountant","39",NA,"Educated"
"252","5/14/2014 13:33","5/14/2014 13:35","1","Educated",NA,"Educated_Scientists","1",NA,"1",5,5,5,5,6,5,4,5,5,6,6,6,6,5,6,4,5,5,"187","57","1","7","IT","42",NA,"Scientists"
"253","5/14/2014 13:34","5/14/2014 13:36","1","Educated",NA,"Educated_Scientists","1",NA,"1",7,7,4,7,7,7,7,7,2,2,2,3,7,7,2,7,4,7,"187","55","2","7","stay at home mom","43",NA,"Scientists"
"254","5/14/2014 13:54","5/14/2014 13:56","1","Educated",NA,"Educated_Scientists","1",NA,"2",3,5,3,5,4,5,5,6,5,3,5,5,5,4,4,4,3,3,"187","44","2","7","Consultant","42",NA,"Scientists"
"255","5/14/2014 13:55","5/14/2014 13:58","1","Educated",NA,"Educated_Educated","1",NA,"1",3,4,4,4,4,4,4,4,4,4,3,4,4,4,4,4,4,3,"187","31","1","7","retired","38",NA,"Educated"
"256","5/14/2014 13:59","5/14/2014 14:03","1","Educated",NA,"Educated_Scientists","1",NA,"1",4,4,2,6,5,6,2,5,4,1,5,2,6,5,5,4,3,2,"187","63","2","7","Software Developer","43",NA,"Scientists"
"257","5/14/2014 14:02","5/14/2014 14:04","1","Educated",NA,"Educated_Educated","1",NA,"1",4,4,3,3,4,3,4,5,4,3,3,3,4,3,3,5,4,3,"187","42","2","7","mgt","41",NA,"Educated"
"258","5/14/2014 14:04","5/14/2014 14:06","1","Educated",NA,"Educated_Educated","1",NA,"1",5,5,5,3,5,5,5,4,4,5,5,4,5,3,5,5,4,5,"187","71","1","7","Teacher","42",NA,"Educated"
"259","5/14/2014 14:12","5/14/2014 14:13","1","Educated",NA,"Educated_Educated","1",NA,"1",4,4,4,4,4,4,4,4,4,4,4,4,4,4,4,4,4,4,"187","62","1","7","account manager","39",NA,"Educated"
"260","5/14/2014 14:12","5/14/2014 14:13","1","Educated",NA,"Educated_Scientists","1",NA,"1",6,6,5,6,6,6,7,7,7,7,6,5,7,7,6,6,6,6,"187","50","1","7","IT","43",NA,"Scientists"
"261","5/14/2014 14:14","5/14/2014 14:17","1","Educated",NA,"Educated_Educated","1",NA,"1",4,5,4,5,4,5,6,4,5,3,4,4,7,6,4,5,4,2,"187","31","2","7","clerk","39",NA,"Educated"
"262","5/14/2014 14:04","5/14/2014 14:17","1","Educated",NA,"Educated_Scientists","1",NA,"1",2,5,4,5,5,4,4,5,4,3,2,5,6,6,5,2,4,4,"187","36","1","7","sales","42",NA,"Scientists"
"263","5/14/2014 14:16","5/14/2014 14:18","1","Educated",NA,"Educated_Scientists","1",NA,"1",6,6,6,6,7,6,6,7,7,7,6,7,6,7,6,6,6,6,"187","60","1","7","IT","43",NA,"Scientists"
"264","5/14/2014 14:16","5/14/2014 14:18","1","Educated",NA,"Educated_Scientists","1",NA,"1",5,6,6,6,6,5,5,5,6,7,5,7,6,7,6,6,6,6,"187","55","2","6",NA,"42",NA,"Scientists"
"265","5/14/2014 14:19","5/14/2014 14:21","1","Educated",NA,"Educated_Educated","1",NA,"1",6,5,5,5,6,5,5,6,5,4,5,5,5,5,6,6,5,4,"187","63","1","7","IT","43",NA,"Educated"
"266","5/14/2014 14:32","5/14/2014 14:33","1","Educated",NA,"Educated_Educated","1",NA,"1",6,7,6,6,6,6,6,6,6,6,5,6,7,6,6,7,6,6,"187","49","1","7","IT","43",NA,"Educated"
"267","5/14/2014 14:37","5/14/2014 14:38","1","Educated",NA,"Educated_Scientists","1",NA,"1",6,6,6,5,6,6,6,6,6,6,6,5,6,7,6,6,6,5,"187","49","1","7","IT","43",NA,"Scientists"
"268","5/14/2014 14:41","5/14/2014 14:42","1","Educated",NA,"Educated_Scientists","1",NA,"1",7,6,6,6,6,6,6,7,7,7,6,7,6,6,6,7,6,7,"187","51","1","7","IT","43",NA,"Scientists"
"269","5/14/2014 14:45","5/14/2014 14:47","1","Educated",NA,"Educated_Educated","1",NA,"2",5,5,5,5,5,5,5,5,5,5,5,5,5,5,5,5,5,5,"187","56","1","7","staff","39",NA,"Educated"
"270","5/14/2014 14:46","5/14/2014 14:53","1","Educated",NA,"Educated_Scientists","1",NA,"4",3,3,3,5,3,5,1,3,3,2,1,2,5,3,2,5,2,1,"187","22","1","7","minister","44",NA,"Scientists"
"271","5/14/2014 14:55","5/14/2014 14:59","1","Educated",NA,"Educated_Educated","1",NA,"2",5,5,4,7,6,6,5,6,6,5,5,5,4,4,3,4,5,4,"187","41","1","7","Librarian","38",NA,"Educated"
"272","5/14/2014 14:47","5/14/2014 14:59","1","Educated",NA,"Educated_Educated","1",NA,"1",5,6,6,4,4,5,5,5,5,4,5,4,5,4,5,5,5,5,"187","49","2","7","IT PROF","38",NA,"Educated"
"273","5/14/2014 14:57","5/14/2014 14:59","1","Educated",NA,"Educated_Educated","1",NA,"1",5,4,4,6,7,6,7,6,6,7,7,6,6,7,7,6,7,6,"187","28","1","7","engineer","44",NA,"Educated"
"274","5/14/2014 14:56","5/14/2014 15:00","1","Educated",NA,"Educated_Scientists","1",NA,"1",6,6,3,6,5,6,6,6,6,6,6,5,6,4,5,3,5,2,"187","32","2","7","teacher","38",NA,"Scientists"
"275","5/14/2014 14:57","5/14/2014 15:00","1","Educated",NA,"Educated_Scientists","1",NA,"2",6,6,6,7,7,7,6,4,6,5,5,6,6,4,6,4,4,6,"187","43","2","7","Consultant","38",NA,"Scientists"
"276","5/14/2014 15:00","5/14/2014 15:05","1","Educated",NA,"Educated_Scientists","1",NA,"1",4,5,4,5,4,4,4,4,5,4,5,4,5,4,5,4,5,3,"187","20","1","7","retired","43",NA,"Scientists"
"277","5/14/2014 15:02","5/14/2014 15:08","1","Educated",NA,"Educated_Educated","1",NA,"2",7,7,5,6,7,7,7,7,7,2,4,4,7,7,7,7,6,5,"187","34","1","7","engineer","42",NA,"Educated"
"278","5/14/2014 15:05","5/14/2014 15:08","1","Educated",NA,"Educated_Scientists","1",NA,"1",7,7,2,7,5,7,6,7,6,3,5,3,7,7,7,7,3,4,"187","32","1","7","IT Project Manager","43",NA,"Scientists"
"279","5/14/2014 15:07","5/14/2014 15:10","1","Educated",NA,"Educated_Educated","1",NA,"1",4,4,3,2,4,4,4,4,4,2,1,1,4,4,4,4,4,3,"187","35","1","7","maintenance supervisor","43",NA,"Educated"
"280","5/14/2014 15:16","5/14/2014 15:18","1","Educated",NA,"Educated_Educated","1",NA,"1",4,6,4,6,6,6,4,6,4,4,6,6,6,4,4,4,5,4,"187","62","2","7","Caregiver","44",NA,"Educated"
"281","5/14/2014 15:17","5/14/2014 15:19","1","Educated",NA,"Educated_Scientists","1",NA,"1",4,4,1,7,6,5,5,4,5,4,5,6,5,4,4,4,5,1,"187","42","2","7","artist","42",NA,"Scientists"
"282","5/14/2014 15:14","5/14/2014 15:20","1","Educated",NA,"Educated_Scientists","1",NA,"1",6,6,4,6,6,6,5,6,6,3,5,6,6,6,6,5,6,4,"187","38","2","7","Housewife/homemaker","43",NA,"Scientists"
"283","5/14/2014 15:20","5/14/2014 15:23","1","Educated",NA,"Educated_Educated","1",NA,"1",4,3,3,5,5,5,6,4,5,5,2,4,5,4,4,3,4,3,"187","32","1","7","programmer","42",NA,"Educated"
"284","5/14/2014 15:25","5/14/2014 15:27","1","Educated",NA,"Educated_Educated","1",NA,"1",4,4,4,4,4,4,4,4,4,4,4,4,4,4,4,4,4,4,"187","57","2","7","homemaker","42",NA,"Educated"
"285","5/14/2014 15:25","5/14/2014 15:28","1","Educated",NA,"Educated_Scientists","1",NA,"2",2,3,6,5,5,5,3,3,3,2,2,4,5,2,3,2,3,2,"187","65","2","7","Librarian","43",NA,"Scientists"
"286","5/14/2014 15:36","5/14/2014 15:38","1","Educated",NA,"Educated_Educated","1",NA,"2",7,7,2,7,7,7,7,7,7,7,7,7,7,7,7,7,7,7,"187","56","2","7","Office Manager","44",NA,"Educated"
"287","5/14/2014 15:37","5/14/2014 15:41","1","Educated",NA,"Educated_Educated","1",NA,"1",5,1,5,6,7,7,7,3,2,5,3,2,5,4,4,3,4,1,"187","31","1","7","Business Owner","44",NA,"Educated"
"288","5/14/2014 15:39","5/14/2014 15:41","1","Educated",NA,"Educated_Scientists","1",NA,"1",4,4,4,4,4,4,4,4,4,4,4,4,4,4,4,4,4,4,"187","27","1","7","retired","44",NA,"Scientists"
"289","5/14/2014 15:32","5/14/2014 15:42","1","Educated",NA,"Educated_Scientists","1",NA,"1",5,5,5,5,3,6,4,5,4,3,6,5,5,4,4,5,5,4,"187","60","2","7","Technical Support","42",NA,"Scientists"
"290","5/14/2014 15:40","5/14/2014 15:43","1","Educated",NA,"Educated_Scientists","1",NA,"1",5,4,5,6,5,6,4,5,5,4,4,4,6,4,4,5,4,4,"187","36","1","7","self employed owner","41",NA,"Scientists"
"291","5/14/2014 15:42","5/14/2014 15:45","1","Educated",NA,"Educated_Educated","1",NA,"1",4,4,3,5,4,5,4,5,4,4,4,4,4,4,4,4,4,4,"187","45","2","7","sales","42",NA,"Educated"
"292","5/14/2014 15:42","5/14/2014 15:45","1","Educated",NA,"Educated_Educated","1",NA,"1",5,5,4,4,5,5,5,5,5,3,3,5,3,3,3,3,3,2,"187","55","1","7","Data manager","38",NA,"Educated"
"293","5/14/2014 15:43","5/14/2014 15:46","1","Educated",NA,"Educated_Scientists","1",NA,"1",4,5,6,5,6,4,6,5,6,4,5,5,5,5,5,5,6,5,"187","66","1","7","IT","42",NA,"Scientists"
"294","5/14/2014 15:51","5/14/2014 15:58","1","Educated",NA,"Educated_Educated","1",NA,"2",5,5,3,6,5,6,6,5,5,6,6,5,6,3,3,3,5,3,"187","31","2","7","Small business owner","38",NA,"Educated"
"295","5/14/2014 15:57","5/14/2014 15:59","1","Educated",NA,"Educated_Scientists","1",NA,"1",5,5,4,5,6,5,4,5,5,4,4,4,6,4,4,5,4,4,"187","35","2","7","small business owner","41",NA,"Scientists"
"296","5/14/2014 16:03","5/14/2014 16:05","1","Educated",NA,"Educated_Scientists","1",NA,"1",3,3,3,5,5,5,5,4,5,4,4,4,4,4,3,4,4,4,"187","63","2","7","church admin","44",NA,"Scientists"
"297","5/14/2014 15:59","5/14/2014 16:06","1","Educated",NA,"Educated_Educated","1",NA,"1",3,3,3,3,3,3,3,3,3,3,3,3,3,3,3,3,3,3,"187","45","2","7","it","44",NA,"Educated"
"298","5/14/2014 16:09","5/14/2014 16:12","1","Educated",NA,"Educated_Educated","1",NA,"1",6,6,3,6,6,5,5,6,6,2,3,4,6,5,6,6,3,4,"187","36","1","7","ENGINEER","38",NA,"Educated"
"299","5/14/2014 16:04","5/14/2014 16:14","1","Educated",NA,"Educated_Scientists","1",NA,"1",7,7,7,7,5,7,6,7,7,2,2,5,7,2,4,6,6,6,"187","42","1","7","educator","42",NA,"Scientists"
"300","5/14/2014 16:15","5/14/2014 16:18","1","Educated",NA,"Educated_Educated","1",NA,"1",4,3,2,6,5,6,2,3,2,2,5,3,4,3,4,3,2,2,"187","36","1","7","director","39",NA,"Educated"
"301","5/14/2014 16:21","5/14/2014 16:24","1","Educated",NA,"Educated_Educated","1",NA,"1",6,6,3,4,5,6,6,5,6,5,5,4,6,6,6,6,6,4,"187","38","2","7","RN","44",NA,"Educated"
"302","5/14/2014 16:18","5/14/2014 16:24","1","Educated",NA,"Educated_Scientists","1",NA,"1",6,7,5,7,5,7,4,4,6,7,5,7,7,1,1,5,4,4,"187","43","1","7","unployed","44",NA,"Scientists"
"303","5/14/2014 16:21","5/14/2014 16:25","1","Educated",NA,"Educated_Scientists","1",NA,"1",5,2,7,5,3,2,2,2,3,5,5,6,3,4,4,4,2,1,"187","39","2","7","personal caregiver","44",NA,"Scientists"
"304","5/14/2014 22:31","5/14/2014 22:34","1","Educated",NA,"Educated_Educated","1",NA,"2",6,4,4,4,6,6,5,4,6,4,2,3,4,4,4,4,4,2,"187","35","2","7","social worker","42",NA,"Educated"
"305","5/14/2014 22:36","5/14/2014 22:40","1","Educated",NA,"Educated_Educated","1",NA,"1",5,6,7,6,7,7,5,6,6,7,5,5,7,7,7,7,7,6,"187","32","1","7",NA,"42",NA,"Educated"
"306","5/14/2014 22:42","5/14/2014 22:44","1","Educated",NA,"Educated_Scientists","1",NA,"1",4,4,4,4,4,4,4,4,4,4,4,4,4,4,4,NA,4,4,"187","64","1","6",NA,"44",NA,"Scientists"
"307","5/14/2014 22:42","5/14/2014 22:46","1","Educated",NA,"Educated_Scientists","1",NA,"1",5,5,3,5,5,5,5,2,5,4,3,3,7,5,6,3,5,3,"187","61","2","7","IT Manager","43",NA,"Scientists"
"308","5/14/2014 22:42","5/14/2014 22:47","1","Educated",NA,"Educated_Educated","1",NA,"1",5,5,5,5,6,6,5,6,4,4,5,4,6,7,7,5,5,6,"187","24","1","7","Retired","44",NA,"Educated"
"309","5/14/2014 22:48","5/14/2014 22:52","1","Educated",NA,"Educated_Educated","1",NA,"2",1,4,2,5,5,6,5,2,5,1,1,4,2,2,2,2,4,1,"187","28","2","7","College Instructor","42",NA,"Educated"
"310","5/14/2014 22:46","5/14/2014 22:52","1","Educated",NA,"Educated_Scientists","1",NA,"1",5,6,6,6,5,7,7,7,6,5,6,6,7,7,7,6,7,5,"187","34","1","7","Teacher","43",NA,"Scientists"
"311","5/14/2014 22:52","5/14/2014 22:53","1","Educated",NA,"Educated_Educated","1",NA,"2",5,5,5,5,5,5,5,5,5,5,5,5,5,5,4,5,5,5,"187","56","2","6",NA,"43",NA,"Educated"
"312","5/14/2014 22:48","5/14/2014 22:53","1","Educated",NA,"Educated_Scientists","1",NA,"2",7,7,7,7,6,7,6,6,5,4,6,6,7,7,7,6,7,4,"187","19","2","7","retired","43",NA,"Scientists"
"313","5/14/2014 22:56","5/14/2014 22:58","1","Educated",NA,"Educated_Educated","1",NA,"1",4,4,4,4,4,4,3,5,5,4,4,3,4,4,4,4,6,4,"187","49","1","7","Business Analyst","41",NA,"Educated"
"314","5/14/2014 22:59","5/14/2014 23:03","1","Educated",NA,"Educated_Scientists","1",NA,"1",6,6,3,6,5,6,5,6,4,4,3,4,6,5,4,2,5,2,"187","34","2","7","Teacher Assistant","39",NA,"Scientists"
"315","5/14/2014 22:58","5/14/2014 23:03","1","Educated",NA,"Educated_Scientists","1",NA,"1",5,5,6,6,5,6,4,5,5,5,7,6,5,1,1,1,5,1,"187","66","2","7","retail","42",NA,"Scientists"
"316","5/14/2014 23:06","5/14/2014 23:12","1","Educated",NA,"Educated_Educated","1",NA,"2",4,3,3,4,4,5,5,5,4,2,3,3,5,5,5,4,4,3,"187","38","2","7","Sales","43",NA,"Educated"
"317","5/14/2014 23:08","5/14/2014 23:12","1","Educated",NA,"Educated_Scientists","1",NA,"1",2,3,4,6,5,5,4,2,2,5,6,6,4,5,5,4,5,4,"187","28","1","7","Retired","43",NA,"Scientists"
"318","5/14/2014 22:59","5/14/2014 23:40","1","Educated",NA,"Educated_Educated","1",NA,"1",3,4,4,5,5,5,3,4,2,5,5,4,4,2,2,4,2,3,"187","57","2","7",NA,"38",NA,"Educated"
