"","Start_time","End_time","Finished","Respondent_group","Screening","Condition","Consent","Reason_nc","Check_phd","Check_group","ob1","ob2","ob3","ra1","ra2","ra3","op1","op2","op3","iq1","iq2","iq3","in1","in2","in3","co1","co2","co3","Country","Year_born","Year_phd","Gender","Religiousness","Feedback","Target"
"75","5/14/2014 13:30","5/14/2014 13:36","1","Scientists",NA,"Scientists_Educated","1",NA,"1","1",4,5,3,5,5,5,5,4,4,5,3,1,4,5,4,4,5,4,"187","48","77","1","39",NA,"Educated"
"78","5/14/2014 13:47","5/14/2014 13:51","1","Scientists",NA,"Scientists_Scientists","1",NA,"1","1",6,5,6,6,6,6,6,6,5,6,6,6,6,2,6,2,3,2,"187","40","68","1","38",NA,"Scientists"
"79","5/14/2014 13:51","5/14/2014 13:55","1","Scientists",NA,"Scientists_Educated","1",NA,"1","1",3,2,2,2,5,3,2,2,2,5,5,7,4,6,6,3,2,3,"187","51","83","1","39",NA,"Educated"
"86","5/14/2014 14:35","5/14/2014 14:38","1","Scientists",NA,"Scientists_Educated","1",NA,"2",NA,5,5,4,4,5,5,5,5,5,5,5,3,4,4,5,4,5,3,"187","69","96","1","42",NA,"Educated"
"87","5/14/2014 14:36","5/14/2014 14:40","1","Scientists",NA,"Scientists_Educated","1",NA,"1","1",5,5,4,5,5,5,5,5,5,4,5,5,5,4,5,5,4,1,"187","55","82","1","38",NA,"Educated"
"88","5/14/2014 15:00","5/14/2014 15:02","1","Scientists",NA,"Scientists_Scientists","1",NA,"1","1",5,4,3,6,5,5,5,3,5,4,4,6,6,5,5,5,5,3,"187","41","68","1","39",NA,"Scientists"
"92","5/14/2014 15:32","5/14/2014 15:36","1","Scientists",NA,"Scientists_Scientists","1",NA,"1","1",2,1,2,3,3,4,4,2,1,2,3,3,4,3,4,1,1,1,"187","43","77","1","39",NA,"Scientists"
"93","5/14/2014 15:46","5/14/2014 15:48","1","Scientists",NA,"Scientists_Educated","1",NA,"1","1",2,2,2,5,5,4,3,3,3,4,2,4,2,2,2,3,1,1,"187","49","80","1","39",NA,"Educated"
"96","5/14/2014 15:53","5/14/2014 15:55","1","Scientists",NA,"Scientists_Educated","1",NA,"1","1",3,2,2,2,4,2,1,2,3,1,1,2,4,1,3,1,3,2,"187","44","76","2","39",NA,"Educated"
"97","5/14/2014 15:59","5/14/2014 16:02","1","Scientists",NA,"Scientists_Scientists","1",NA,"1","1",6,6,6,6,7,5,5,6,7,3,4,5,7,7,7,7,6,4,"187","49","85","1","43",NA,"Scientists"
"103","5/14/2014 16:22","5/14/2014 16:34","1","Scientists",NA,"Scientists_Scientists","1",NA,"1","1",7,6,2,6,7,3,6,7,6,3,6,5,6,6,6,7,3,2,"187","31","58","1","39",NA,"Scientists"
"104","5/14/2014 16:41","5/14/2014 16:49","1","Scientists",NA,"Scientists_Educated","1",NA,"1","1",5,3,3,6,2,6,3,6,6,3,5,4,6,3,3,3,3,1,"187","44","73","1","42",NA,"Educated"
"106","5/14/2014 16:57","5/14/2014 17:00","1","Scientists",NA,"Scientists_Educated","1",NA,"1","1",3,3,2,5,5,5,3,3,4,2,2,5,3,2,3,3,3,2,"187","42","68","2","38",NA,"Educated"
"107","5/14/2014 17:02","5/14/2014 17:04","1","Scientists",NA,"Scientists_Scientists","1",NA,"1","1",4,5,5,4,6,6,6,5,6,5,5,5,4,4,5,3,4,5,"187","39","79","1","40",NA,"Scientists"
"111","5/14/2014 17:44","5/14/2014 18:01","1","Scientists",NA,"Scientists_Educated","1",NA,"1","1",4,3,2,5,4,5,4,5,3,5,4,5,4,4,4,4,4,4,"187","57","87","2","42",NA,"Educated"
"112","5/14/2014 18:24","5/14/2014 18:28","1","Scientists",NA,"Scientists_Scientists","1",NA,"1","1",7,5,3,NA,6,7,6,6,6,4,6,6,6,5,6,6,6,4,"187","52","79","2","42",NA,"Scientists"
"114","5/14/2014 19:03","5/14/2014 19:13","1","Scientists",NA,"Scientists_Scientists","1",NA,"1","1",6,6,5,6,6,7,6,7,7,3,5,4,7,7,7,6,6,5,"187","56","87","2","42",NA,"Scientists"
"120","5/14/2014 22:44","5/14/2014 22:48","1","Scientists",NA,"Scientists_Scientists","1",NA,"1","1",3,4,2,4,6,4,4,5,7,4,1,4,6,7,7,4,3,2,"187","33","60","1","41",NA,"Scientists"
"121","5/14/2014 22:55","5/14/2014 22:58","1","Scientists",NA,"Scientists_Scientists","1",NA,"1","1",5,5,4,6,6,6,3,5,5,5,5,6,5,5,6,5,2,2,"187","56","83","2","38",NA,"Scientists"
"123","5/15/2014 0:11","5/15/2014 0:17","1","Scientists",NA,"Scientists_Scientists","1",NA,"1","1",5,5,3,6,4,6,6,5,7,3,2,4,6,5,5,5,5,5,"187","37","84","2","42",NA,"Scientists"
"136","5/15/2014 19:19","5/15/2014 19:24","1","Scientists",NA,"Scientists_Scientists","1",NA,"1","1",4,5,2,5,6,6,5,5,6,4,4,4,5,5,6,5,2,2,"187","43","82","2","38",NA,"Scientists"
"137","5/15/2014 21:36","5/15/2014 21:55","1","Scientists",NA,"Scientists_Educated","1",NA,"1","1",3,3,3,4,3,5,2,3,6,5,5,5,5,3,7,3,2,3,"187","29","57","1","42",NA,"Educated"
"165","5/19/2014 13:27","5/19/2014 13:35","1","Scientists",NA,"Scientists_Educated","1",NA,"2",NA,5,5,2,6,6,5,5,6,6,6,3,2,4,4,4,4,4,4,"187","65","95","1","39",NA,"Educated"
"167","5/19/2014 13:43","5/19/2014 13:49","1","Scientists",NA,"Scientists_Scientists","1",NA,"1","2",6,6,2,7,5,6,5,6,5,3,4,4,7,7,7,6,6,5,"187","26","55","1","44",NA,"Scientists"
"179","5/19/2014 15:16","5/19/2014 15:21","1","Scientists",NA,"Scientists_Educated","1",NA,"1","2",2,3,2,5,4,3,2,3,1,2,3,3,2,2,2,4,2,2,"187","21","51","2","40",NA,"Educated"
"197","5/19/2014 17:55","5/19/2014 20:48","1","Scientists",NA,"Scientists_Scientists","1",NA,"1","1",6,2,3,3,5,5,2,5,6,4,2,2,4,3,3,1,3,1,"187","60","91","1","39",NA,"Scientists"
"198","5/20/2014 0:08","5/20/2014 0:11","1","Scientists",NA,"Scientists_Scientists","1",NA,"1","1",7,7,4,7,5,7,6,5,5,5,5,4,7,6,7,6,5,4,"187","62","90","1","43",NA,"Scientists"
"210","5/20/2014 19:29","5/20/2014 19:32","1","Scientists",NA,"Scientists_Scientists","1",NA,"1","1",5,5,4,5,6,7,5,7,6,5,6,4,6,7,6,4,3,1,"187","58","84","1","39",NA,"Scientists"
"215","5/14/2014 18:34","5/21/2014 18:01","1","Scientists",NA,"Scientists_Educated","1",NA,"1","1",6,5,2,5,5,6,5,6,6,2,6,5,5,5,5,5,4,4,"187","39","67","1","39",NA,"Educated"
"245","6/11/2014 13:45","6/11/2014 13:51","1","Scientists",NA,"Scientists_Educated","1",NA,"1","1",3,5,2,6,5,6,5,5,5,6,5,4,5,5,6,5,5,5,"187","63","94","2","39",NA,"Educated"
"249","6/11/2014 14:01","6/11/2014 14:04","1","Scientists",NA,"Scientists_Educated","1",NA,"1","1",5,2,2,6,5,6,5,5,5,4,3,4,3,2,2,2,2,1,"187","56","84","2","43",NA,"Educated"
"252","6/11/2014 16:37","6/11/2014 17:00","1","Scientists",NA,"Scientists_Educated","1",NA,"1","1",3,5,1,6,5,6,3,5,3,5,2,3,4,2,2,1,4,1,"187","65","95","2","38",NA,"Educated"
"254","6/11/2014 18:18","6/11/2014 18:21","1","Scientists",NA,"Scientists_Scientists","1",NA,"1","1",5,3,1,5,5,6,3,5,5,2,4,2,6,3,3,3,2,2,"187","56","90","1","42",NA,"Scientists"
"256","6/11/2014 19:35","6/11/2014 19:37","1","Scientists",NA,"Scientists_Educated","1",NA,"1","1",5,5,4,6,6,6,4,4,4,5,5,6,4,4,4,4,4,1,"187","56","83","1","40",NA,"Educated"
"258","6/11/2014 19:53","6/11/2014 20:08","1","Scientists",NA,"Scientists_Scientists","1",NA,"1","1",3,3,3,6,5,6,3,5,3,3,3,3,5,2,3,3,2,2,"187","29","60","1","44",NA,"Scientists"
"261","6/11/2014 20:56","6/11/2014 21:00","1","Scientists",NA,"Scientists_Scientists","1",NA,"1","1",5,3,2,4,5,5,3,5,5,4,4,5,6,6,6,5,3,4,"187","50","80","1","44",NA,"Scientists"
"271","6/13/2014 13:35","6/13/2014 13:38","1","Scientists",NA,"Scientists_Educated","1",NA,"1","1",6,6,6,6,6,6,6,6,6,4,4,4,6,6,6,6,6,3,"187","38","71","1","38",NA,"Educated"
"273","6/16/2014 16:23","6/16/2014 16:26","1","Scientists",NA,"Scientists_Scientists","1",NA,"1","1",6,7,5,6,6,6,6,6,6,4,4,4,7,7,7,7,7,6,"187","59","87","2","38",NA,"Scientists"
"274","6/16/2014 16:24","6/16/2014 16:28","1","Scientists",NA,"Scientists_Scientists","1",NA,"1","1",6,6,1,6,5,7,5,6,5,3,1,7,6,6,6,6,6,5,"187","58","85","1","38",NA,"Scientists"
"275","6/16/2014 16:23","6/16/2014 16:28","1","Scientists",NA,"Scientists_Educated","1",NA,"1","1",3,3,2,3,3,5,3,3,3,3,3,2,5,3,3,2,3,2,"187","61","89","1","38",NA,"Educated"
"276","6/16/2014 16:28","6/16/2014 16:31","1","Scientists",NA,"Scientists_Scientists","1",NA,"1","1",6,6,1,7,6,6,3,6,6,2,5,2,6,6,6,6,5,1,"187","30","55","1","43",NA,"Scientists"
"280","6/16/2014 16:28","6/16/2014 16:35","1","Scientists",NA,"Scientists_Educated","1",NA,"1","1",2,5,2,6,3,5,5,2,5,2,2,2,2,2,2,2,2,2,"187","53","85","2","38",NA,"Educated"
"282","6/16/2014 16:32","6/16/2014 16:36","1","Scientists",NA,"Scientists_Scientists","1",NA,"1","1",5,5,3,5,5,5,5,5,7,1,2,2,5,5,5,3,5,2,"187","53","80","1","38",NA,"Scientists"
"283","6/16/2014 16:36","6/16/2014 16:39","1","Scientists",NA,"Scientists_Scientists","1",NA,"1","1",1,1,1,5,3,3,2,1,1,5,5,6,5,4,4,3,2,1,"187","52","85","1","42",NA,"Scientists"
"294","6/16/2014 16:51","6/16/2014 16:57","1","Scientists",NA,"Scientists_Scientists","1",NA,"1","1",5,5,2,6,2,7,5,6,3,2,2,2,7,6,6,6,4,4,"187","59","91","2","42",NA,"Scientists"
"299","6/16/2014 16:58","6/16/2014 17:02","1","Scientists",NA,"Scientists_Scientists","1",NA,"1","1",5,2,1,5,5,5,3,3,5,2,5,2,5,5,6,3,3,3,"187","55","92","2","39",NA,"Scientists"
"300","6/16/2014 17:06","6/16/2014 17:10","1","Scientists",NA,"Scientists_Educated","1",NA,"1","1",2,2,2,4,4,4,2,2,3,4,5,3,4,1,1,3,4,3,"187","34","56","1","43",NA,"Educated"
"309","6/16/2014 17:21","6/16/2014 17:27","1","Scientists",NA,"Scientists_Educated","1",NA,"1","1",5,5,5,6,6,6,5,6,6,5,5,5,5,3,2,5,2,3,"187","35","63","2","38",NA,"Educated"
"311","6/16/2014 17:18","6/16/2014 17:34","1","Scientists",NA,"Scientists_Educated","1",NA,"1","1",4,3,4,5,6,5,4,5,4,6,3,5,4,1,2,2,1,1,"187","42","70","1","43",NA,"Educated"
"314","6/16/2014 17:41","6/16/2014 17:44","1","Scientists",NA,"Scientists_Scientists","1",NA,"1","1",2,3,2,6,5,6,2,3,6,5,4,5,6,6,6,3,4,2,"187","56","85","1","39",NA,"Scientists"
"317","6/16/2014 18:43","6/16/2014 18:47","1","Scientists",NA,"Scientists_Educated","1",NA,"1","1",6,4,2,5,4,5,4,6,5,3,3,2,5,2,5,2,3,1,"187","59","88","1","42",NA,"Educated"
"319","6/16/2014 18:49","6/16/2014 18:52","1","Scientists",NA,"Scientists_Educated","1",NA,"1","1",3,3,3,6,5,6,4,5,5,3,6,4,4,3,3,3,3,3,"187","38","65","1","42",NA,"Educated"
"321","6/16/2014 18:55","6/16/2014 19:00","1","Scientists",NA,"Scientists_Scientists","1",NA,"1","1",5,4,5,6,6,6,6,5,5,5,6,5,6,4,6,5,3,1,"187",NA,"86","2","42",NA,"Scientists"
"326","6/16/2014 19:18","6/16/2014 19:24","1","Scientists",NA,"Scientists_Scientists","1",NA,"1","1",3,2,2,6,6,5,3,5,5,5,5,4,4,2,2,2,2,2,"187","59","90","1","39",NA,"Scientists"
"331","6/16/2014 20:29","6/16/2014 20:32","1","Scientists",NA,"Scientists_Scientists","1",NA,"1","1",2,3,2,6,6,6,5,3,3,2,5,5,5,3,3,4,4,2,"187","47","73","1","38",NA,"Scientists"
"332","6/16/2014 20:45","6/16/2014 20:49","1","Scientists",NA,"Scientists_Educated","1",NA,"1","1",1,1,1,4,3,2,5,5,5,5,3,3,2,1,1,2,1,2,"187",NA,NA,"1","39",NA,"Educated"
"334","6/16/2014 21:06","6/16/2014 21:10","1","Scientists",NA,"Scientists_Scientists","1",NA,"1","1",5,5,4,5,6,5,5,5,5,4,5,5,6,6,5,6,6,5,"187","49","80","1","38",NA,"Scientists"
"335","6/16/2014 20:49","6/16/2014 21:20","1","Scientists",NA,"Scientists_Educated","1",NA,"1","1",2,2,1,5,7,6,2,2,2,2,2,5,6,2,1,1,2,2,"187","55","85","1","42",NA,"Educated"
"341","6/16/2014 22:50","6/16/2014 22:57","1","Scientists",NA,"Scientists_Scientists","1",NA,"1","1",6,5,5,7,6,6,5,4,6,5,6,5,6,7,7,7,7,3,"187","66","93","1","43",NA,"Scientists"
"345","6/16/2014 23:58","6/17/2014 0:02","1","Scientists",NA,"Scientists_Educated","1",NA,"1","1",2,2,2,6,5,6,5,5,5,5,5,5,5,2,5,3,2,1,"187","50","75","1","38",NA,"Educated"
"349","6/17/2014 2:27","6/17/2014 2:31","1","Scientists",NA,"Scientists_Scientists","1",NA,"1","1",3,5,2,5,5,4,6,3,5,5,6,5,5,3,5,3,3,2,"187","35","63","2","41",NA,"Scientists"
"379","6/17/2014 18:48","6/17/2014 18:55","1","Scientists",NA,"Scientists_Scientists","1",NA,"1","2",5,6,2,7,7,7,6,6,6,3,7,7,6,6,4,5,5,1,"187","22","65","2","39",NA,"Scientists"
"380","6/17/2014 21:21","6/17/2014 21:24","1","Scientists",NA,"Scientists_Educated","1",NA,"1","1",5,4,4,6,6,5,4,5,5,3,6,6,5,5,5,4,5,1,"187","49","82","1","38",NA,"Educated"
"384","6/18/2014 16:45","6/18/2014 16:53","1","Scientists",NA,"Scientists_Scientists","1",NA,"1","1",3,2,1,5,5,6,3,4,3,5,4,5,4,2,NA,2,4,1,"187","27","57","1","38",NA,"Scientists"
"385","6/19/2014 4:05","6/19/2014 4:11","1","Scientists",NA,"Scientists_Educated","1",NA,"1","1",5,4,4,6,5,5,6,6,6,6,6,4,6,5,5,5,4,2,"187","35","68","1","41",NA,"Educated"
"394","6/23/2014 17:19","6/23/2014 17:23","1","Scientists",NA,"Scientists_Scientists","1",NA,"1","1",5,7,3,7,6,7,6,6,7,2,4,4,7,7,7,7,3,3,"187","55","83","1","41",NA,"Scientists"
"395","6/23/2014 17:40","6/23/2014 17:44","1","Scientists",NA,"Scientists_Educated","1",NA,"1","1",6,6,3,6,6,6,7,7,6,4,2,3,7,7,7,5,4,4,"187","40","75","1","43",NA,"Educated"
"416","6/27/2014 8:59","6/27/2014 9:04","1","Scientists",NA,"Scientists_Scientists","1",NA,"1","1",3,2,1,5,6,5,1,2,1,6,5,5,5,4,4,1,2,1,"187","38","82","2","38",NA,"Scientists"
"438","6/27/2014 9:12","6/27/2014 9:18","1","Scientists",NA,"Scientists_Educated","1",NA,"1","2",3,3,2,4,5,5,5,6,6,3,3,3,5,6,5,5,3,2,"187","21","48","2","39",NA,"Educated"
"472","6/27/2014 9:43","6/27/2014 9:47","1","Scientists",NA,"Scientists_Educated","1",NA,"1","1",5,4,3,6,6,5,4,4,4,2,2,5,4,4,4,4,4,1,"187","40","72","1","38",NA,"Educated"
"476","6/27/2014 9:45","6/27/2014 9:49","1","Scientists",NA,"Scientists_Educated","1",NA,"1","1",5,5,2,5,6,5,5,6,7,5,5,5,4,4,4,5,4,2,"187","30","59","1","38",NA,"Educated"
"480","6/27/2014 9:46","6/27/2014 9:50","1","Scientists",NA,"Scientists_Scientists","1",NA,"1","1",6,6,4,7,6,7,6,6,7,5,5,5,7,6,6,5,6,3,"187","56","88","2","42",NA,"Scientists"
"483","6/27/2014 9:48","6/27/2014 9:52","1","Scientists",NA,"Scientists_Scientists","1",NA,"1","1",7,7,6,7,7,7,7,7,7,5,5,5,7,7,7,7,7,6,"187","23","52","1","40",NA,"Scientists"
"489","6/27/2014 9:50","6/27/2014 9:55","1","Scientists",NA,"Scientists_Educated","1",NA,"1","1",5,6,5,5,6,6,6,6,6,6,5,6,6,6,6,6,7,5,"187",NA,NA,NA,"39",NA,"Educated"
"493","6/27/2014 9:54","6/27/2014 9:59","1","Scientists",NA,"Scientists_Scientists","1",NA,"1","1",6,6,2,6,6,5,5,6,7,4,4,4,7,7,7,6,6,5,"187","37","86","2","41",NA,"Scientists"
"496","6/27/2014 9:56","6/27/2014 10:01","1","Scientists",NA,"Scientists_Scientists","1",NA,"1","1",6,6,1,7,7,6,7,6,6,1,1,4,6,6,6,5,3,2,"187","55","84","1","38",NA,"Scientists"
"511","6/27/2014 10:12","6/27/2014 10:24","1","Scientists",NA,"Scientists_Educated","1",NA,"1","1",2,2,4,6,6,6,5,4,3,5,4,5,4,2,3,2,2,2,"187","35","72","1","41",NA,"Educated"
"512","6/27/2014 10:21","6/27/2014 10:25","1","Scientists",NA,"Scientists_Educated","1",NA,"1","1",6,7,4,4,6,6,6,6,6,2,3,4,7,7,7,7,4,4,"187","33","69","1","38",NA,"Educated"
"529","6/27/2014 10:44","6/27/2014 10:48","1","Scientists",NA,"Scientists_Scientists","1",NA,"1","1",6,7,5,5,6,5,6,6,5,3,2,5,6,5,6,6,3,3,"187","36","74","2","38",NA,"Scientists"
"532","6/27/2014 10:51","6/27/2014 10:55","1","Scientists",NA,"Scientists_Educated","1",NA,"1","1",4,7,4,4,7,6,5,6,7,6,5,5,5,7,6,6,5,3,"187","60","88","2","43",NA,"Educated"
"535","6/27/2014 10:52","6/27/2014 11:08","1","Scientists",NA,"Scientists_Scientists","1",NA,"1","1",5,3,3,7,5,6,5,4,4,2,7,4,5,3,5,2,2,2,"187","41","71","2","41",NA,"Scientists"
"536","6/27/2014 10:58","6/27/2014 11:10","1","Scientists",NA,"Scientists_Educated","1",NA,"1","1",6,5,2,5,6,7,6,7,5,6,2,6,6,7,7,2,2,2,"187","38","81","2","43",NA,"Educated"
"544","6/27/2014 11:24","6/27/2014 11:29","1","Scientists",NA,"Scientists_Educated","1",NA,"1","1",5,6,2,6,5,6,7,6,6,3,4,4,6,4,6,5,6,5,"187","47","77","1","43",NA,"Educated"
"545","6/27/2014 11:28","6/27/2014 11:31","1","Scientists",NA,"Scientists_Scientists","1",NA,"2",NA,2,2,2,5,2,6,3,2,2,2,6,6,6,2,2,2,2,2,"187","44","96","1","43",NA,"Scientists"
"552","6/27/2014 11:41","6/27/2014 11:44","1","Scientists",NA,"Scientists_Scientists","1",NA,"2",NA,5,5,4,6,6,6,5,6,6,5,5,5,6,6,6,6,4,4,"187","67","96","1","38",NA,"Scientists"
"555","6/27/2014 11:44","6/27/2014 11:48","1","Scientists",NA,"Scientists_Educated","1",NA,"1","1",5,5,3,5,5,6,5,6,5,6,5,4,4,4,5,4,4,3,"187","57","84","2","39",NA,"Educated"
"558","6/27/2014 11:55","6/27/2014 11:57","1","Scientists",NA,"Scientists_Scientists","1",NA,"1","1",6,6,3,5,5,6,5,6,3,3,5,4,6,6,6,6,5,5,"187","53","83","1","43",NA,"Scientists"
"565","6/27/2014 12:09","6/27/2014 12:14","1","Scientists",NA,"Scientists_Scientists","1",NA,"1","1",6,6,5,5,5,6,5,5,6,5,5,5,6,5,5,5,4,3,"187","30","59","1","43",NA,"Scientists"
"566","6/27/2014 12:10","6/27/2014 12:15","1","Scientists",NA,"Scientists_Scientists","1",NA,"1","1",3,3,1,6,5,6,2,5,5,2,1,3,6,5,6,5,6,2,"187","44","76","1","44",NA,"Scientists"
"573","6/27/2014 12:25","6/27/2014 12:29","1","Scientists",NA,"Scientists_Educated","1",NA,"1","1",5,3,3,5,6,5,4,6,6,4,6,4,5,3,3,3,5,3,"187","53","82","1","38",NA,"Educated"
"574","6/27/2014 12:24","6/27/2014 12:29","1","Scientists",NA,"Scientists_Scientists","1",NA,"1","1",4,5,4,5,5,5,5,5,5,4,5,4,5,5,5,4,4,5,"187","48","87","1","38",NA,"Scientists"
"575","6/27/2014 12:25","6/27/2014 12:30","1","Scientists",NA,"Scientists_Scientists","1",NA,"1","1",7,7,4,7,6,7,7,7,7,2,5,2,7,7,7,7,NA,2,"187","55","85","1","38",NA,"Scientists"
"578","6/27/2014 12:31","6/27/2014 12:35","1","Scientists",NA,"Scientists_Educated","1",NA,"1","1",5,3,3,5,5,5,3,5,3,3,3,3,5,3,3,5,5,2,"187","58","89","2","38",NA,"Educated"
"579","6/27/2014 12:36","6/27/2014 12:38","1","Scientists",NA,"Scientists_Scientists","1",NA,"1","1",5,5,2,5,6,5,5,4,6,3,5,5,6,5,6,5,3,2,"187","40","66","1","38",NA,"Scientists"
"580","6/27/2014 12:33","6/27/2014 12:40","1","Scientists",NA,"Scientists_Scientists","1",NA,"1","1",5,5,5,6,6,6,5,5,6,2,3,3,6,6,6,6,6,6,"187","45","73","1","39",NA,"Scientists"
"581","6/27/2014 12:31","6/27/2014 12:42","1","Scientists",NA,"Scientists_Educated","1",NA,"1","1",5,6,6,5,6,6,6,3,6,5,2,4,6,3,5,2,4,1,"187","49","80","1","39",NA,"Educated"
"587","6/27/2014 12:48","6/27/2014 12:52","1","Scientists",NA,"Scientists_Scientists","1",NA,"1","1",5,5,2,7,5,7,3,6,6,1,6,5,6,2,4,5,6,2,"187","41","80","1","43",NA,"Scientists"
"593","6/27/2014 12:56","6/27/2014 12:59","1","Scientists",NA,"Scientists_Educated","1",NA,"1","1",5,3,2,6,3,6,3,3,4,6,2,5,4,4,4,3,2,1,"187","47","83","1","38",NA,"Educated"
"594","6/27/2014 12:57","6/27/2014 13:01","1","Scientists",NA,"Scientists_Educated","1",NA,"1","1",2,3,2,5,5,5,4,2,2,3,3,2,3,3,5,2,3,2,"187","36","69","1","39",NA,"Educated"
"595","6/27/2014 12:56","6/27/2014 13:02","1","Scientists",NA,"Scientists_Scientists","1",NA,"1","6",5,5,5,6,5,6,5,6,5,4,4,4,5,4,6,4,4,3,"187","44","78","2","41",NA,"Scientists"
"596","6/27/2014 12:59","6/27/2014 13:04","1","Scientists",NA,"Scientists_Scientists","1",NA,"1","1",6,4,4,6,6,5,4,6,6,3,3,3,6,6,7,3,4,2,"187","57","85","1","40",NA,"Scientists"
"599","6/27/2014 13:04","6/27/2014 13:08","1","Scientists",NA,"Scientists_Educated","1",NA,"1","1",5,5,5,5,5,6,6,6,5,5,5,4,6,5,5,6,4,4,"187","49","78","1","38",NA,"Educated"
"600","6/27/2014 13:01","6/27/2014 13:09","1","Scientists",NA,"Scientists_Scientists","1",NA,"1","1",4,5,4,6,5,6,4,3,5,3,4,5,6,5,6,5,3,2,"187","38","74","2","43",NA,"Scientists"
"601","6/27/2014 13:06","6/27/2014 13:11","1","Scientists",NA,"Scientists_Educated","1",NA,"1","1",3,5,2,5,5,3,2,2,5,3,2,4,5,2,6,2,2,2,"187","32","68","1","42",NA,"Educated"
"602","6/27/2014 13:11","6/27/2014 13:14","1","Scientists",NA,"Scientists_Scientists","1",NA,"1","1",6,6,5,7,7,6,6,6,6,3,3,4,7,6,7,5,5,3,"187","55","86","1","42",NA,"Scientists"
"603","6/27/2014 13:11","6/27/2014 13:15","1","Scientists",NA,"Scientists_Educated","1",NA,"1","1",6,7,3,4,6,5,6,7,7,3,2,2,7,7,7,4,4,3,"187","28","61","1","41",NA,"Educated"
"604","6/27/2014 13:08","6/27/2014 13:16","1","Scientists",NA,"Scientists_Scientists","1",NA,"1","1",5,6,4,6,6,6,5,5,2,5,2,6,6,5,6,5,3,4,"187","37","74","1","42",NA,"Scientists"
"605","6/27/2014 13:13","6/27/2014 13:17","1","Scientists",NA,"Scientists_Scientists","1",NA,"1","1",3,3,2,4,3,2,2,3,4,3,2,5,4,3,3,2,2,1,"187","33","59","1","38",NA,"Scientists"
"606","6/27/2014 13:15","6/27/2014 13:17","1","Scientists",NA,"Scientists_Scientists","1",NA,"1","1",4,3,3,6,5,6,3,4,4,4,5,5,5,5,6,4,4,2,"187","50","77","1","43",NA,"Scientists"
"610","6/27/2014 13:14","6/27/2014 13:23","1","Scientists",NA,"Scientists_Educated","1",NA,"1","1",3,4,2,5,4,5,4,5,5,1,1,2,4,1,1,1,2,1,"187","54","88","2","38",NA,"Educated"
"612","6/27/2014 13:25","6/27/2014 13:28","1","Scientists",NA,"Scientists_Scientists","1",NA,"1","1",6,6,6,6,6,6,5,5,5,2,2,2,6,6,6,5,5,3,"187","39","66","1","38",NA,"Scientists"
"614","6/27/2014 13:28","6/27/2014 13:30","1","Scientists",NA,"Scientists_Scientists","1",NA,"1","1",7,6,4,6,7,7,7,7,7,1,2,4,7,7,7,7,4,4,"187","36","72","1","41",NA,"Scientists"
"617","6/27/2014 13:28","6/27/2014 13:32","1","Scientists",NA,"Scientists_Educated","1",NA,"1","1",5,5,3,4,5,6,5,6,5,4,3,4,6,5,6,6,5,3,"187","41","82","2","41",NA,"Educated"
"619","6/27/2014 13:30","6/27/2014 13:34","1","Scientists",NA,"Scientists_Scientists","1",NA,"1","1",6,7,3,6,5,6,5,7,6,4,3,4,7,7,7,3,5,3,"187","40","72","2","41",NA,"Scientists"
"620","6/27/2014 13:29","6/27/2014 13:34","1","Scientists",NA,"Scientists_Scientists","1",NA,"1","1",3,3,3,7,5,6,6,5,6,5,5,3,7,6,6,6,5,5,"187","52","82","2","42",NA,"Scientists"
"624","6/27/2014 13:36","6/27/2014 13:41","1","Scientists",NA,"Scientists_Scientists","1",NA,"1","1",5,5,4,6,6,6,5,6,6,3,4,5,6,5,5,2,3,2,"187","34","66","1","41",NA,"Scientists"
"628","6/27/2014 13:43","6/27/2014 13:47","1","Scientists",NA,"Scientists_Educated","1",NA,"1","1",5,6,5,5,6,6,6,6,6,5,6,4,6,6,6,6,5,4,"187","56","85","1","38",NA,"Educated"
"629","6/27/2014 13:44","6/27/2014 13:49","1","Scientists",NA,"Scientists_Scientists","1",NA,"1","1",6,3,2,4,3,7,1,5,3,3,1,2,7,7,7,3,3,2,"187","46","89","2","43",NA,"Scientists"
"631","6/27/2014 13:47","6/27/2014 13:50","1","Scientists",NA,"Scientists_Educated","1",NA,"1","1",2,5,3,6,5,3,6,6,6,5,4,5,3,2,2,3,5,3,"187","33","62","1","43",NA,"Educated"
"632","6/27/2014 13:48","6/27/2014 13:52","1","Scientists",NA,"Scientists_Scientists","1",NA,"1","1",3,3,2,3,3,5,3,5,4,3,3,3,5,5,7,3,3,3,"187","67","93","2","41",NA,"Scientists"
"634","6/27/2014 13:49","6/27/2014 13:54","1","Scientists",NA,"Scientists_Scientists","1",NA,"2",NA,4,4,5,4,5,6,4,4,4,5,4,3,4,2,2,4,2,1,"187","43","96","2","42",NA,"Scientists"
"635","6/27/2014 13:50","6/27/2014 13:54","1","Scientists",NA,"Scientists_Educated","1",NA,"1","1",5,2,1,4,5,4,4,4,4,4,1,1,4,4,4,2,4,1,"187","63","92","2","41",NA,"Educated"
"636","6/27/2014 13:50","6/27/2014 13:56","1","Scientists",NA,"Scientists_Educated","1",NA,"1","1",3,2,2,5,4,4,4,5,5,2,2,2,5,2,1,1,4,3,"187","47","82","2","39",NA,"Educated"
"637","6/27/2014 13:53","6/27/2014 13:57","1","Scientists",NA,"Scientists_Scientists","1",NA,"1","1",3,3,3,5,5,5,2,6,5,3,2,4,3,3,3,2,4,3,"187","35","66","1","39",NA,"Scientists"
"638","6/27/2014 13:53","6/27/2014 13:57","1","Scientists",NA,"Scientists_Educated","1",NA,"1","1",2,2,1,4,2,4,2,2,2,1,1,1,3,2,2,3,1,1,"187","59","92","1","38",NA,"Educated"
"640","6/27/2014 14:02","6/27/2014 14:04","1","Scientists",NA,"Scientists_Scientists","1",NA,"1","1",5,5,5,6,5,5,6,6,6,5,2,5,5,6,6,5,5,4,"187","49","78","2","39",NA,"Scientists"
"644","6/27/2014 14:04","6/27/2014 14:07","1","Scientists",NA,"Scientists_Scientists","1",NA,"1","1",5,5,3,7,6,5,5,5,5,2,3,2,5,5,5,5,5,5,"187","57","86","1","38",NA,"Scientists"
"646","6/27/2014 14:05","6/27/2014 14:11","1","Scientists",NA,"Scientists_Educated","1",NA,"1","1",4,6,4,5,5,5,6,4,6,3,5,5,6,6,6,6,5,4,"187","21","50","1","38",NA,"Educated"
"649","6/27/2014 14:14","6/27/2014 14:19","1","Scientists",NA,"Scientists_Scientists","1",NA,"1","1",6,4,3,7,7,7,6,6,5,3,7,5,6,6,7,4,5,3,"187","38","66","1","42",NA,"Scientists"
"650","6/27/2014 14:11","6/27/2014 14:19","1","Scientists",NA,"Scientists_Scientists","1",NA,"1","2",3,3,3,5,4,5,5,6,5,3,6,4,5,4,5,4,5,5,"187","24","55","1","39",NA,"Scientists"
"651","6/27/2014 14:19","6/27/2014 14:22","1","Scientists",NA,"Scientists_Scientists","1",NA,"1","1",6,6,5,6,6,6,6,6,5,4,4,5,6,5,6,5,5,5,"187","31","89","1","41",NA,"Scientists"
"652","6/27/2014 14:20","6/27/2014 14:23","1","Scientists",NA,"Scientists_Educated","1",NA,"1","1",5,6,6,6,6,6,6,6,6,6,5,5,6,5,6,2,3,2,"187",NA,NA,"1",NA,NA,"Educated"
"653","6/27/2014 14:17","6/27/2014 14:24","1","Scientists",NA,"Scientists_Scientists","1",NA,"2",NA,7,7,7,7,4,4,7,7,7,4,7,4,7,7,7,4,7,7,"187",NA,"95","2","43",NA,"Scientists"
"654","6/27/2014 14:15","6/27/2014 14:25","1","Scientists",NA,"Scientists_Educated","1",NA,"1","1",4,4,3,5,6,6,4,5,5,5,4,4,6,6,6,4,4,4,"187","58","90","1","38",NA,"Educated"
"655","6/27/2014 14:20","6/27/2014 14:26","1","Scientists",NA,"Scientists_Educated","1",NA,"1","1",5,4,6,5,7,5,6,6,6,5,5,5,6,5,6,2,2,1,"187","32","70","1","42",NA,"Educated"
"659","6/27/2014 14:20","6/27/2014 14:27","1","Scientists",NA,"Scientists_Scientists","1",NA,"1","1",5,3,3,5,5,5,3,3,5,5,5,6,6,5,6,1,4,2,"187","50","79","2","44",NA,"Scientists"
"662","6/27/2014 14:31","6/27/2014 14:33","1","Scientists",NA,"Scientists_Scientists","1",NA,"1","1",1,2,1,6,5,5,1,1,1,6,6,6,4,2,4,1,2,1,"187","53","86","1","42",NA,"Scientists"
"664","6/27/2014 14:34","6/27/2014 14:38","1","Scientists",NA,"Scientists_Scientists","1",NA,"1","1",5,5,1,6,4,6,4,5,6,1,5,4,7,7,7,7,7,2,"187",NA,"71","2","43",NA,"Scientists"
"666","6/27/2014 14:34","6/27/2014 14:39","1","Scientists",NA,"Scientists_Educated","1",NA,"1","1",7,1,1,6,5,3,4,5,5,2,2,2,2,1,1,1,1,1,"187","27","53","1","41",NA,"Educated"
"668","6/27/2014 14:39","6/27/2014 14:42","1","Scientists",NA,"Scientists_Scientists","1",NA,"1","1",5,4,5,6,5,6,4,5,5,5,5,6,6,6,6,5,5,3,"187","59","87","2","43",NA,"Scientists"
"669","6/27/2014 14:40","6/27/2014 14:44","1","Scientists",NA,"Scientists_Educated","1",NA,"1","1",5,3,2,4,6,5,4,5,3,4,3,5,5,3,3,4,4,3,"187","46","77","2","43",NA,"Educated"
"670","6/27/2014 14:29","6/27/2014 14:44","1","Scientists",NA,"Scientists_Educated","1",NA,"1","1",6,5,2,4,5,5,6,5,5,1,3,4,6,5,7,5,6,2,"187","51","90","1","42",NA,"Educated"
"671","6/27/2014 14:42","6/27/2014 14:45","1","Scientists",NA,"Scientists_Educated","1",NA,"1","1",7,6,6,7,6,7,6,7,7,4,2,5,7,7,7,6,6,5,"187","57","91","1","39",NA,"Educated"
"672","6/27/2014 14:45","6/27/2014 14:48","1","Scientists",NA,"Scientists_Educated","1",NA,"1","1",7,7,6,6,6,7,6,7,7,5,5,4,7,7,7,7,4,4,"187","39","64","1","39",NA,"Educated"
"673","6/27/2014 14:47","6/27/2014 14:50","1","Scientists",NA,"Scientists_Scientists","1",NA,"1","1",5,5,3,5,5,5,5,6,5,3,3,3,5,5,5,5,5,3,"187","31","85","2","44",NA,"Scientists"
"676","6/27/2014 14:48","6/27/2014 14:52","1","Scientists",NA,"Scientists_Scientists","1",NA,"1","1",5,3,3,5,3,3,5,5,5,3,5,4,6,6,5,3,3,3,"187","50","80","1","42",NA,"Scientists"
"677","6/27/2014 14:47","6/27/2014 14:52","1","Scientists",NA,"Scientists_Educated","1",NA,"1","1",5,5,2,5,7,5,6,5,4,5,6,5,5,4,4,4,5,2,"187","30","57","1","43",NA,"Educated"
"679","6/27/2014 14:50","6/27/2014 14:53","1","Scientists",NA,"Scientists_Scientists","1",NA,"1","1",5,5,2,7,7,7,6,5,6,5,5,3,5,4,5,3,3,1,"187","38","68","2","42",NA,"Scientists"
"682","6/27/2014 14:52","6/27/2014 15:01","1","Scientists",NA,"Scientists_Scientists","1",NA,"1","1",6,6,2,6,6,7,3,6,6,5,3,4,6,7,7,7,5,3,"187","49","92","1","39",NA,"Scientists"
"683","6/27/2014 14:59","6/27/2014 15:02","1","Scientists",NA,"Scientists_Educated","1",NA,"1","1",4,4,4,5,5,5,4,5,5,5,5,6,4,4,4,3,4,2,"187","35","61","1","39",NA,"Educated"
"684","6/27/2014 14:59","6/27/2014 15:02","1","Scientists",NA,"Scientists_Scientists","1",NA,"1","1",7,7,6,7,7,7,7,7,7,2,4,4,6,7,7,5,3,4,"187","50","80","1","38",NA,"Scientists"
"685","6/27/2014 14:56","6/27/2014 15:03","1","Scientists",NA,"Scientists_Educated","1",NA,"1","6",5,5,2,5,5,5,3,6,5,3,3,3,6,6,2,6,6,2,"187","65","95","2","40",NA,"Educated"
"686","6/27/2014 14:58","6/27/2014 15:05","1","Scientists",NA,"Scientists_Scientists","1",NA,"1","1",5,6,5,5,5,5,5,4,5,2,2,5,5,5,6,5,4,3,"187","38","66","2","39",NA,"Scientists"
"687","6/27/2014 15:00","6/27/2014 15:07","1","Scientists",NA,"Scientists_Scientists","1",NA,"1","1",5,4,4,6,6,6,5,6,6,5,5,5,6,3,5,3,4,3,"187","55","82","1","39",NA,"Scientists"
"688","6/27/2014 15:02","6/27/2014 15:08","1","Scientists",NA,"Scientists_Educated","1",NA,"1","1",3,4,2,5,4,5,3,4,3,5,3,5,5,4,5,4,3,2,"187","56","84","1","38",NA,"Educated"
"689","6/27/2014 15:04","6/27/2014 15:10","1","Scientists",NA,"Scientists_Educated","1",NA,"1","1",5,3,3,5,5,4,4,5,5,4,5,3,4,4,4,4,4,4,"187","61","91","1","40",NA,"Educated"
"692","6/27/2014 15:07","6/27/2014 15:13","1","Scientists",NA,"Scientists_Scientists","1",NA,"1","1",5,5,5,5,5,5,5,5,5,3,5,4,5,5,6,3,5,4,"187","42","75","1","38",NA,"Scientists"
"693","6/27/2014 15:13","6/27/2014 15:15","1","Scientists",NA,"Scientists_Scientists","1",NA,"1","1",3,3,3,7,6,6,5,6,3,4,3,5,6,5,5,5,6,2,"187","46","86","1","39",NA,"Scientists"
"694","6/27/2014 14:42","6/27/2014 15:16","1","Scientists",NA,"Scientists_Scientists","1",NA,"1","1",6,6,3,6,6,7,7,7,6,3,3,6,7,7,7,7,6,4,"187","44","74","1","39",NA,"Scientists"
"696","6/27/2014 15:11","6/27/2014 15:18","1","Scientists",NA,"Scientists_Educated","1",NA,"1","1",5,3,2,5,4,6,5,5,5,3,2,4,5,5,4,5,3,2,"187","41","72","1","39",NA,"Educated"
"697","6/27/2014 15:11","6/27/2014 15:19","1","Scientists",NA,"Scientists_Educated","1",NA,"1","1",5,5,3,6,5,6,5,3,3,4,5,4,6,6,6,5,3,2,"187","36","66","1","41",NA,"Educated"
"698","6/27/2014 15:18","6/27/2014 15:21","1","Scientists",NA,"Scientists_Scientists","1",NA,"1","1",5,5,2,5,3,5,3,3,6,5,5,5,6,5,5,5,4,5,"187","39","89","1","39",NA,"Scientists"
"699","6/27/2014 15:16","6/27/2014 15:21","1","Scientists",NA,"Scientists_Educated","1",NA,"1","1",6,5,5,6,7,6,5,6,6,3,5,2,5,5,5,5,6,3,"187","45","75","1","42",NA,"Educated"
"701","6/27/2014 15:18","6/27/2014 15:23","1","Scientists",NA,"Scientists_Educated","1",NA,"1","1",6,5,4,5,6,6,6,6,7,5,4,4,6,7,6,6,4,6,"187","28","56","1","41",NA,"Educated"
"703","6/27/2014 15:25","6/27/2014 15:29","1","Scientists",NA,"Scientists_Educated","1",NA,"1","1",5,5,3,5,5,5,5,5,5,6,5,3,5,4,5,5,4,2,"187","50","80","1","38",NA,"Educated"
"705","6/27/2014 15:25","6/27/2014 15:31","1","Scientists",NA,"Scientists_Educated","1",NA,"1","1",2,1,1,5,2,5,2,2,2,3,3,5,5,6,6,2,3,2,"187","60","88","1","44",NA,"Educated"
"707","6/27/2014 15:27","6/27/2014 15:34","1","Scientists",NA,"Scientists_Scientists","1",NA,"1","1",3,4,2,5,4,3,3,3,3,2,4,3,3,4,4,4,3,2,"187","54","81","2","43",NA,"Scientists"
"708","6/27/2014 15:27","6/27/2014 15:34","1","Scientists",NA,"Scientists_Educated","1",NA,"1","1",2,6,2,4,2,4,6,6,4,2,1,2,5,2,4,6,3,2,"187","53","81","1","44",NA,"Educated"
"710","6/27/2014 15:28","6/27/2014 15:35","1","Scientists",NA,"Scientists_Educated","1",NA,"1","1",5,5,3,6,3,5,2,5,5,3,2,2,3,2,2,3,2,2,"187","45","72","1","42",NA,"Educated"
"711","6/27/2014 15:32","6/27/2014 15:37","1","Scientists",NA,"Scientists_Educated","1",NA,"1","1",6,7,3,4,4,6,5,3,5,5,3,3,5,6,3,6,3,1,"187","54","88","1","44",NA,"Educated"
"712","6/27/2014 15:29","6/27/2014 15:38","1","Scientists",NA,"Scientists_Educated","1",NA,"1","1",5,3,3,6,5,5,5,4,4,3,2,5,4,3,3,5,6,3,"187","41","72","2","40",NA,"Educated"
"713","6/27/2014 15:35","6/27/2014 15:38","1","Scientists",NA,"Scientists_Scientists","1",NA,"1","1",7,6,5,4,7,6,5,6,6,2,4,4,6,7,7,6,5,5,"187","64","92","1","42",NA,"Scientists"
"715","6/27/2014 15:37","6/27/2014 15:41","1","Scientists",NA,"Scientists_Scientists","1",NA,"1","1",6,6,3,7,6,6,7,6,6,5,5,5,7,7,7,7,6,5,"187",NA,"78","1","41",NA,"Scientists"
"720","6/27/2014 15:39","6/27/2014 15:44","1","Scientists",NA,"Scientists_Educated","1",NA,"1","2",2,5,3,5,5,5,2,5,5,5,5,5,5,4,4,4,4,2,"187","32","60","1","38",NA,"Educated"
"721","6/27/2014 15:41","6/27/2014 15:44","1","Scientists",NA,"Scientists_Scientists","1",NA,"1","1",5,4,6,7,6,7,6,5,5,3,4,5,6,5,6,5,2,2,"187","55","82","2","38",NA,"Scientists"
"722","6/27/2014 15:35","6/27/2014 15:46","1","Scientists",NA,"Scientists_Scientists","1",NA,"1","1",5,5,4,7,3,5,4,6,6,5,6,5,6,5,7,5,4,3,"187","53","86","1","41",NA,"Scientists"
"724","6/27/2014 15:43","6/27/2014 15:49","1","Scientists",NA,"Scientists_Educated","1",NA,"1","1",7,7,2,7,7,7,5,7,7,3,2,3,7,7,7,6,6,2,"187","24","52","1","41",NA,"Educated"
"726","6/27/2014 15:46","6/27/2014 15:50","1","Scientists",NA,"Scientists_Scientists","1",NA,"1","1",4,4,4,6,6,6,5,5,5,3,6,5,5,5,6,2,3,2,"187","50","80","1","40",NA,"Scientists"
"728","6/27/2014 15:46","6/27/2014 15:51","1","Scientists",NA,"Scientists_Educated","1",NA,"1","1",5,5,4,5,6,6,5,5,5,4,4,4,5,4,4,4,5,3,"187","55","90","2","41",NA,"Educated"
"729","6/27/2014 15:46","6/27/2014 15:51","1","Scientists",NA,"Scientists_Scientists","1",NA,"1","1",6,5,4,6,6,6,5,6,5,5,5,5,6,6,6,5,6,6,"187","62","92","2","38",NA,"Scientists"
"730","6/27/2014 12:28","6/27/2014 15:52","1","Scientists",NA,"Scientists_Scientists","1",NA,"1","1",6,7,5,7,5,7,6,7,6,4,1,2,6,7,7,6,5,5,"187","59","87","1","39",NA,"Scientists"
"732","6/27/2014 15:48","6/27/2014 15:55","1","Scientists",NA,"Scientists_Scientists","1",NA,"1","1",6,4,3,6,5,6,5,5,5,2,4,4,5,4,6,3,3,2,"187","40","70","2","38",NA,"Scientists"
"733","6/27/2014 15:49","6/27/2014 15:55","1","Scientists",NA,"Scientists_Educated","1",NA,"1","1",5,3,3,5,6,5,3,5,6,2,5,5,6,5,6,3,4,2,"187","31","52","1","38",NA,"Educated"
"735","6/27/2014 15:55","6/27/2014 16:01","1","Scientists",NA,"Scientists_Scientists","1",NA,"1","1",4,4,3,4,6,4,6,3,4,3,5,4,4,5,5,3,3,4,"187","43","78",NA,"41",NA,"Scientists"
"736","6/27/2014 15:56","6/27/2014 16:01","1","Scientists",NA,"Scientists_Educated","1",NA,"1","1",5,7,4,6,5,5,3,5,7,6,4,5,5,4,5,4,4,4,"187","38","70","1","41",NA,"Educated"
"737","6/27/2014 16:01","6/27/2014 16:04","1","Scientists",NA,"Scientists_Educated","1",NA,"1","1",6,6,7,6,6,6,6,6,5,5,5,6,6,7,7,6,5,2,"187","38","69","1","38",NA,"Educated"
"738","6/27/2014 16:00","6/27/2014 16:04","1","Scientists",NA,"Scientists_Scientists","1",NA,"1","1",5,4,3,4,5,3,6,5,4,3,5,6,6,5,6,4,3,2,"187","50","78","1","43",NA,"Scientists"
"739","6/27/2014 16:01","6/27/2014 16:05","1","Scientists",NA,"Scientists_Scientists","1",NA,"1","1",5,3,2,7,7,7,3,6,7,3,7,6,6,6,6,6,4,3,"187","54","84","1","38",NA,"Scientists"
"742","6/27/2014 16:06","6/27/2014 16:09","1","Scientists",NA,"Scientists_Educated","1",NA,"1","1",2,3,2,4,4,5,3,5,3,2,2,4,4,3,4,4,2,1,"187","31","59","1","39",NA,"Educated"
"743","6/27/2014 16:03","6/27/2014 16:09","1","Scientists",NA,"Scientists_Educated","1",NA,"1","1",6,5,4,6,6,6,6,6,6,4,3,4,7,6,6,6,4,3,"187","37","75","2","41",NA,"Educated"
"744","6/27/2014 16:03","6/27/2014 16:09","1","Scientists",NA,"Scientists_Scientists","1",NA,"1","1",5,5,2,7,7,7,5,6,6,4,4,4,7,7,7,4,4,2,"187","47","81","1","40",NA,"Scientists"
"746","6/27/2014 16:10","6/27/2014 16:13","1","Scientists",NA,"Scientists_Educated","1",NA,"1","1",2,2,2,2,3,2,2,2,2,3,3,2,3,2,2,1,2,1,"187","65","94","1","38",NA,"Educated"
"747","6/27/2014 16:10","6/27/2014 16:14","1","Scientists",NA,"Scientists_Scientists","1",NA,"1","6",6,5,2,6,6,6,5,6,6,5,5,5,6,6,6,5,4,4,"187","62","95","1","38",NA,"Scientists"
"748","6/27/2014 16:15","6/27/2014 16:18","1","Scientists",NA,"Scientists_Educated","1",NA,"1","1",6,5,2,6,6,6,5,5,5,4,4,5,4,4,4,4,4,4,"187","45","74","1","38",NA,"Educated"
"750","6/27/2014 16:18","6/27/2014 16:21","1","Scientists",NA,"Scientists_Scientists","1",NA,"1","1",3,5,2,6,5,5,6,5,4,4,5,6,5,3,3,3,2,3,"187","60","93","2","38",NA,"Scientists"
"752","6/27/2014 16:18","6/27/2014 16:23","1","Scientists",NA,"Scientists_Scientists","1",NA,"1","1",7,6,6,6,6,6,6,7,7,5,2,2,7,7,7,6,5,6,"187","32","87","2","43",NA,"Scientists"
"753","6/27/2014 16:17","6/27/2014 16:24","1","Scientists",NA,"Scientists_Educated","1",NA,"1","1",6,4,2,5,6,6,2,6,6,3,4,3,6,6,6,6,6,3,"187","42","82","1","39",NA,"Educated"
"754","6/27/2014 16:10","6/27/2014 16:25","1","Scientists",NA,"Scientists_Scientists","1",NA,"1","1",6,5,4,7,6,6,7,5,6,5,6,5,6,6,6,6,5,2,"187","64","92","1","38",NA,"Scientists"
"755","6/27/2014 16:24","6/27/2014 16:27","1","Scientists",NA,"Scientists_Scientists","1",NA,"1","1",6,6,2,6,2,6,6,6,6,1,2,2,6,6,6,4,6,2,"187","58","91","1","38",NA,"Scientists"
"756","6/27/2014 15:49","6/27/2014 16:28","1","Scientists",NA,"Scientists_Educated","1",NA,"1","1",5,5,3,6,6,5,5,6,5,2,3,6,6,5,6,5,5,4,"187","68","95","1","42",NA,"Educated"
"757","6/27/2014 16:26","6/27/2014 16:29","1","Scientists",NA,"Scientists_Scientists","1",NA,"1","1",5,4,1,7,5,6,5,6,6,3,2,4,6,7,6,6,3,6,"187","31","59","1","38",NA,"Scientists"
"758","6/27/2014 16:25","6/27/2014 16:30","1","Scientists",NA,"Scientists_Educated","1",NA,"1","1",3,2,2,5,3,5,4,4,3,5,3,5,4,4,4,4,4,4,"187","63","90","2","43",NA,"Educated"
"760","6/27/2014 16:29","6/27/2014 16:34","1","Scientists",NA,"Scientists_Scientists","1",NA,"2",NA,5,5,5,6,6,6,5,6,6,2,5,5,6,7,7,6,6,6,"187","58","96","2","38",NA,"Scientists"
"762","6/27/2014 16:36","6/27/2014 16:40","1","Scientists",NA,"Scientists_Educated","1",NA,"1","1",4,5,3,6,5,6,5,6,6,3,2,4,6,4,5,5,5,2,"187","41","79","1","38",NA,"Educated"
"763","6/27/2014 16:37","6/27/2014 16:40","1","Scientists",NA,"Scientists_Scientists","1",NA,"1","1",5,4,2,4,5,3,6,5,5,3,3,2,5,5,5,3,2,3,"187","36","74","2","38",NA,"Scientists"
"765","6/27/2014 16:39","6/27/2014 16:43","1","Scientists",NA,"Scientists_Educated","1",NA,"1","1",5,5,2,6,6,6,6,5,5,5,5,5,6,6,6,3,4,2,"187","45","75","1","39",NA,"Educated"
"766","6/27/2014 16:42","6/27/2014 16:45","1","Scientists",NA,"Scientists_Scientists","1",NA,"1","1",6,2,3,4,6,6,3,7,6,2,6,3,5,5,7,3,6,2,"187","57","86","1","38",NA,"Scientists"
"768","6/27/2014 16:27","6/27/2014 16:46","1","Scientists",NA,"Scientists_Scientists","1",NA,"1","1",2,6,1,4,7,7,2,1,6,2,6,6,4,2,5,1,1,1,"187","51","81","2","40",NA,"Scientists"
"771","6/27/2014 16:45","6/27/2014 16:50","1","Scientists",NA,"Scientists_Scientists","1",NA,"1","1",6,6,2,6,6,6,7,6,6,5,5,5,7,7,7,7,6,6,"187","53","82","1","44",NA,"Scientists"
"772","6/27/2014 15:45","6/27/2014 16:51","1","Scientists",NA,"Scientists_Educated","1",NA,"1","1",4,4,5,4,3,4,5,4,4,2,3,2,5,1,3,1,3,1,"187","61","92","1","38",NA,"Educated"
"773","6/27/2014 16:47","6/27/2014 16:52","1","Scientists",NA,"Scientists_Scientists","1",NA,"1","1",5,5,1,6,6,6,6,7,6,5,6,4,7,7,7,7,2,2,"187","56","89","1","38",NA,"Scientists"
"774","6/27/2014 16:40","6/27/2014 16:52","1","Scientists",NA,"Scientists_Educated","1",NA,"1","1",5,3,3,4,5,3,4,3,3,5,3,3,5,3,4,4,3,2,"187","64","92","1","39",NA,"Educated"
"775","6/27/2014 16:44","6/27/2014 16:53","1","Scientists",NA,"Scientists_Educated","1",NA,"1","1",5,4,2,5,5,6,6,6,6,4,5,5,6,6,6,6,4,2,"187","27","56","1","39",NA,"Educated"
"776","6/27/2014 16:52","6/27/2014 16:55","1","Scientists",NA,"Scientists_Educated","1",NA,"1","1",4,3,2,4,4,6,2,4,4,3,5,5,4,2,2,2,3,2,"187","52","80","2","42",NA,"Educated"
"778","6/27/2014 16:58","6/27/2014 17:02","1","Scientists",NA,"Scientists_Scientists","1",NA,"1","1",6,5,2,6,5,5,5,6,5,2,6,5,7,5,6,4,2,3,"187","31","72","2","38",NA,"Scientists"
"779","6/27/2014 16:57","6/27/2014 17:02","1","Scientists",NA,"Scientists_Scientists","1",NA,"1","1",5,6,2,6,6,6,6,6,6,5,5,5,6,6,6,5,5,6,"187","43","79","2","44",NA,"Scientists"
"780","6/27/2014 17:01","6/27/2014 17:04","1","Scientists",NA,"Scientists_Educated","1",NA,"1","1",5,5,1,5,5,5,5,5,5,5,3,1,5,1,1,5,2,1,"187","58","85","2","38",NA,"Educated"
"781","6/27/2014 16:59","6/27/2014 17:04","1","Scientists",NA,"Scientists_Educated","1",NA,"1","1",5,3,2,6,6,6,5,5,6,2,4,6,6,4,2,5,1,2,"187","41","72","2","38",NA,"Educated"
"787","6/27/2014 17:11","6/27/2014 17:16","1","Scientists",NA,"Scientists_Educated","1",NA,"1","1",4,5,3,6,4,6,4,5,5,4,5,5,5,5,5,4,4,3,"187","46","72","1","39",NA,"Educated"
"789","6/27/2014 17:08","6/27/2014 17:19","1","Scientists",NA,"Scientists_Educated","1",NA,"1","1",3,5,1,6,6,5,3,6,3,2,2,4,3,2,6,5,3,3,"187","34","66","1","38",NA,"Educated"
"790","6/27/2014 17:16","6/27/2014 17:20","1","Scientists",NA,"Scientists_Educated","1",NA,"1","1",6,6,4,5,6,6,6,6,7,3,2,2,7,7,6,6,6,4,"187","38","66","1","43",NA,"Educated"
"792","6/27/2014 17:13","6/27/2014 17:24","1","Scientists",NA,"Scientists_Scientists","1",NA,"1","1",5,5,5,6,7,6,5,6,6,6,6,5,6,6,6,5,4,4,"187","39","71","1","39",NA,"Scientists"
"794","6/27/2014 17:20","6/27/2014 17:26","1","Scientists",NA,"Scientists_Scientists","1",NA,"1","1",3,2,3,2,3,3,3,4,2,4,2,2,5,3,5,3,5,2,"187","56","88","1","41",NA,"Scientists"
"796","6/27/2014 17:13","6/27/2014 17:31","1","Scientists",NA,"Scientists_Educated","1",NA,"1","1",5,5,3,6,7,6,6,7,7,3,3,5,7,5,6,5,5,3,"187","46","89","2","42",NA,"Educated"
"797","6/27/2014 17:24","6/27/2014 17:31","1","Scientists",NA,"Scientists_Scientists","1",NA,"1","1",3,5,2,6,6,5,5,5,5,3,5,5,6,5,6,6,5,2,"187","35","78","2","40",NA,"Scientists"
"798","6/27/2014 17:28","6/27/2014 17:32","1","Scientists",NA,"Scientists_Scientists","1",NA,"1","1",5,5,2,6,6,6,6,6,6,6,5,5,6,6,6,6,5,2,"187","18","46","1","42",NA,"Scientists"
"799","6/27/2014 17:28","6/27/2014 17:34","1","Scientists",NA,"Scientists_Educated","1",NA,"1","1",2,2,2,3,2,2,2,3,2,1,3,3,5,3,1,2,2,2,"187","30","56","1","43",NA,"Educated"
"800","6/27/2014 17:21","6/27/2014 17:39","1","Scientists",NA,"Scientists_Educated","1",NA,"1","1",3,3,1,3,4,3,5,5,2,1,1,4,4,3,4,4,4,1,"187","28","64","2","40",NA,"Educated"
"801","6/27/2014 17:28","6/27/2014 17:40","1","Scientists",NA,"Scientists_Educated","1",NA,"1","1",7,2,4,5,5,5,4,2,4,2,1,6,4,1,2,2,1,1,"187","38","73","2","42",NA,"Educated"
"803","6/27/2014 17:32","6/27/2014 17:41","1","Scientists",NA,"Scientists_Scientists","1",NA,"1","1",3,5,1,6,7,6,5,6,6,3,5,2,6,6,6,2,5,4,"187","45","94","2","40",NA,"Scientists"
"804","6/27/2014 17:37","6/27/2014 17:43","1","Scientists",NA,"Scientists_Scientists","1",NA,"1","1",5,3,2,5,5,5,2,5,5,5,7,5,5,3,5,3,2,2,"187","62","90","2","39",NA,"Scientists"
"814","6/27/2014 18:05","6/27/2014 18:10","1","Scientists",NA,"Scientists_Educated","1",NA,"1","1",5,4,2,5,5,5,2,3,5,3,4,2,3,2,3,2,4,2,"187","52","91","1","42",NA,"Educated"
"815","6/27/2014 18:06","6/27/2014 18:10","1","Scientists",NA,"Scientists_Scientists","1",NA,"1","1",5,5,2,5,6,6,5,6,7,2,5,5,6,7,7,6,5,2,"187","53","79","1","39",NA,"Scientists"
"816","6/27/2014 18:07","6/27/2014 18:11","1","Scientists",NA,"Scientists_Educated","1",NA,"1","1",3,3,2,3,6,5,2,5,5,3,3,5,4,1,4,1,4,3,"187","37","73","1","39",NA,"Educated"
"817","6/27/2014 18:10","6/27/2014 18:14","1","Scientists",NA,"Scientists_Scientists","1",NA,"1","1",5,6,5,6,6,6,5,5,5,5,6,5,6,6,5,6,6,3,"187","33","62","1","38",NA,"Scientists"
"818","6/27/2014 18:03","6/27/2014 18:15","1","Scientists",NA,"Scientists_Educated","1",NA,"1","1",6,5,5,6,6,5,5,5,5,5,4,3,5,5,5,5,4,3,"187","59","88","1","44",NA,"Educated"
"819","6/27/2014 18:13","6/27/2014 18:16","1","Scientists",NA,"Scientists_Scientists","1",NA,"1","1",5,6,2,5,7,6,7,5,6,3,6,6,6,6,6,5,5,2,"187","39","71","1","39",NA,"Scientists"
"820","6/27/2014 18:13","6/27/2014 18:16","1","Scientists",NA,"Scientists_Educated","1",NA,"1","1",4,4,4,5,4,4,4,4,4,4,5,4,4,4,4,4,4,3,"187",NA,NA,"1",NA,NA,"Educated"
"821","6/27/2014 18:11","6/27/2014 18:17","1","Scientists",NA,"Scientists_Scientists","1",NA,"1","1",3,3,2,3,4,5,4,4,4,6,6,5,4,3,3,3,3,2,"187","64","94","1","39",NA,"Scientists"
"822","6/27/2014 18:12","6/27/2014 18:18","1","Scientists",NA,"Scientists_Scientists","1",NA,"1","1",6,6,5,7,7,7,6,6,7,2,3,5,7,6,7,6,4,5,"187","51","81","2","38",NA,"Scientists"
"825","6/27/2014 18:28","6/27/2014 18:31","1","Scientists",NA,"Scientists_Educated","1",NA,"1","1",6,5,2,7,5,6,4,5,6,1,1,5,6,1,6,2,4,1,"187","57","93","1","38",NA,"Educated"
"826","6/27/2014 18:27","6/27/2014 18:34","1","Scientists",NA,"Scientists_Scientists","1",NA,"1","1",5,5,3,6,6,6,6,6,6,5,5,5,6,6,6,5,5,3,"187","37","65","2","41",NA,"Scientists"
"829","6/27/2014 18:33","6/27/2014 18:38","1","Scientists",NA,"Scientists_Scientists","1",NA,"1","1",7,6,3,6,7,7,6,6,7,5,5,6,7,7,6,3,4,2,"187","51","79","2","43",NA,"Scientists"
"831","6/27/2014 18:38","6/27/2014 18:41","1","Scientists",NA,"Scientists_Scientists","1",NA,"1","1",5,6,3,6,5,5,6,6,6,4,5,4,7,6,6,5,5,5,"187","42","71","1","43",NA,"Scientists"
"832","6/27/2014 18:50","6/27/2014 18:55","1","Scientists",NA,"Scientists_Educated","1",NA,"1","1",5,3,2,2,6,6,2,6,6,5,5,2,5,3,4,4,3,2,"187","38","67","1","39",NA,"Educated"
"833","6/27/2014 18:55","6/27/2014 18:58","1","Scientists",NA,"Scientists_Educated","1",NA,"1","1",3,5,2,6,5,5,3,5,7,5,3,3,5,5,5,5,5,2,"187","51","80","1","43",NA,"Educated"
"834","6/27/2014 18:59","6/27/2014 19:04","1","Scientists",NA,"Scientists_Scientists","1",NA,"1","1",5,5,4,6,5,5,6,6,6,3,5,5,6,4,4,7,6,3,"187","42","69","1","38",NA,"Scientists"
"841","6/27/2014 19:24","6/27/2014 19:29","1","Scientists",NA,"Scientists_Educated","1",NA,"1","1",5,3,4,6,4,6,6,5,5,4,5,5,6,6,7,4,1,1,"187","50","80","1","44",NA,"Educated"
"842","6/27/2014 19:30","6/27/2014 19:35","1","Scientists",NA,"Scientists_Scientists","1",NA,"1","1",6,6,5,7,6,6,1,6,2,6,6,6,7,7,7,2,6,2,"187","42","74","1","41",NA,"Scientists"
"843","6/27/2014 19:23","6/27/2014 19:36","1","Scientists",NA,"Scientists_Scientists","1",NA,"1","1",6,6,3,7,6,6,6,6,6,5,5,2,7,7,7,3,3,1,"187","50","79","1","44",NA,"Scientists"
"845","6/27/2014 19:42","6/27/2014 19:45","1","Scientists",NA,"Scientists_Scientists","1",NA,"1","1",6,6,3,6,7,6,6,6,6,6,5,6,7,7,7,6,5,3,"187","52","86","1","40",NA,"Scientists"
"848","6/27/2014 19:59","6/27/2014 20:02","1","Scientists",NA,"Scientists_Scientists","1",NA,"1","1",3,3,3,4,5,3,5,4,4,3,3,3,4,3,4,4,3,3,"187","48","82","2","41",NA,"Scientists"
"849","6/27/2014 19:38","6/27/2014 20:03","1","Scientists",NA,"Scientists_Educated","1",NA,"1","1",6,5,3,6,6,6,5,6,5,3,3,3,6,5,3,5,5,2,"187","49","80","1","42",NA,"Educated"
"850","6/27/2014 20:02","6/27/2014 20:07","1","Scientists",NA,"Scientists_Educated","1",NA,"1","1",2,2,2,5,5,5,3,5,5,2,5,5,5,5,6,6,3,2,"187","56","92","1","38",NA,"Educated"
"851","6/27/2014 20:01","6/27/2014 20:09","1","Scientists",NA,"Scientists_Scientists","1",NA,"1","1",4,3,5,5,5,5,5,3,3,4,4,4,5,3,5,3,3,3,"187","57","85","2","38",NA,"Scientists"
"856","6/27/2014 20:21","6/27/2014 20:24","1","Scientists",NA,"Scientists_Scientists","1",NA,"1","1",6,6,5,7,6,7,6,5,5,4,4,4,6,4,7,3,5,5,"187","65","95","1","39",NA,"Scientists"
"858","6/27/2014 14:34","6/27/2014 20:30","1","Scientists",NA,"Scientists_Educated","1",NA,"1","1",3,2,5,5,5,5,2,5,3,3,5,5,2,4,3,2,2,2,"187","41","72","1","41",NA,"Educated"
"859","6/27/2014 20:28","6/27/2014 20:31","1","Scientists",NA,"Scientists_Scientists","1",NA,"1","1",5,2,3,6,5,6,5,6,5,7,3,5,7,3,7,3,5,3,"187","32","82","2","39",NA,"Scientists"
"860","6/27/2014 20:29","6/27/2014 20:33","1","Scientists",NA,"Scientists_Educated","1",NA,"1","1",4,5,1,6,5,5,5,3,5,5,4,3,4,3,4,3,3,2,"187","38","92","1","43",NA,"Educated"
"861","6/27/2014 20:31","6/27/2014 20:34","1","Scientists",NA,"Scientists_Scientists","1",NA,"1","1",7,6,6,6,6,6,6,7,7,6,6,5,7,7,7,7,7,7,"187","31","57","2","44",NA,"Scientists"
"862","6/27/2014 20:30","6/27/2014 20:34","1","Scientists",NA,"Scientists_Educated","1",NA,"1","2",5,5,2,5,6,5,5,6,5,4,5,4,6,7,6,6,3,3,"187","27","79","2","43",NA,"Educated"
"863","6/27/2014 20:40","6/27/2014 20:43","1","Scientists",NA,"Scientists_Scientists","1",NA,"1","1",5,4,2,6,5,5,4,4,6,5,5,5,5,4,6,3,4,4,"187","59","86","2","39",NA,"Scientists"
"866","6/27/2014 20:59","6/27/2014 21:01","1","Scientists",NA,"Scientists_Scientists","1",NA,"1","1",5,3,1,7,5,5,4,3,3,5,5,5,5,2,4,4,4,1,"187","55","82","1","38",NA,"Scientists"
"868","6/27/2014 21:03","6/27/2014 21:08","1","Scientists",NA,"Scientists_Educated","1",NA,"1","1",6,5,5,5,5,5,5,5,5,5,4,5,6,6,7,6,4,1,"187","33","61","1","43",NA,"Educated"
"871","6/27/2014 21:08","6/27/2014 21:13","1","Scientists",NA,"Scientists_Scientists","1",NA,"1","1",5,5,6,6,5,6,3,6,6,5,4,4,7,6,7,4,5,3,"187","33","71","1","39",NA,"Scientists"
"873","6/27/2014 21:27","6/27/2014 21:30","1","Scientists",NA,"Scientists_Educated","1",NA,"1","1",3,5,2,6,6,6,6,6,5,3,4,4,6,6,6,5,4,3,"187","35","70","2","38",NA,"Educated"
"874","6/27/2014 9:50","6/27/2014 21:39","1","Scientists",NA,"Scientists_Scientists","1",NA,"1","1",5,5,5,5,5,5,3,5,6,4,4,4,4,5,5,3,5,2,"187","62","90","1","43",NA,"Scientists"
"878","6/27/2014 22:13","6/27/2014 22:17","1","Scientists",NA,"Scientists_Educated","1",NA,"1","1",5,5,3,6,5,5,5,5,5,4,2,5,6,4,5,5,4,3,"187","44","75","1","39",NA,"Educated"
"879","6/27/2014 22:19","6/27/2014 22:21","1","Scientists",NA,"Scientists_Educated","1",NA,"1","1",6,3,2,5,5,6,5,5,5,5,5,6,4,3,4,2,3,2,"187","57","90","1","39",NA,"Educated"
"882","6/27/2014 22:28","6/27/2014 22:33","1","Scientists",NA,"Scientists_Scientists","1",NA,"1","1",5,5,4,6,5,5,6,6,6,3,5,4,6,5,6,4,5,5,"187","28","57","1","42",NA,"Scientists"
"884","6/27/2014 22:39","6/27/2014 22:42","1","Scientists",NA,"Scientists_Scientists","1",NA,"1","1",6,5,5,5,6,6,6,6,6,4,5,4,6,7,6,7,5,4,"187","36","78","1","38",NA,"Scientists"
"887","6/27/2014 22:36","6/27/2014 23:00","1","Scientists",NA,"Scientists_Educated","1",NA,"1","1",5,5,4,5,5,5,5,6,5,5,5,4,6,4,5,3,3,3,"187","59","92","1","38",NA,"Educated"
"892","6/27/2014 23:47","6/27/2014 23:57","1","Scientists",NA,"Scientists_Educated","1",NA,"1","1",6,3,2,6,7,5,7,7,6,2,2,3,6,6,6,4,4,5,"187","63","92","1","39",NA,"Educated"
"894","6/28/2014 0:03","6/28/2014 0:06","1","Scientists",NA,"Scientists_Scientists","1",NA,"1","1",5,5,5,6,6,6,5,6,5,5,4,6,6,6,6,6,5,4,"187","48","90","2","44",NA,"Scientists"
"895","6/28/2014 0:03","6/28/2014 0:09","1","Scientists",NA,"Scientists_Educated","1",NA,"1","1",5,5,4,5,5,6,5,4,5,4,2,4,4,2,4,2,4,2,"187","25","54","1","38",NA,"Educated"
"896","6/28/2014 0:11","6/28/2014 0:14","1","Scientists",NA,"Scientists_Scientists","1",NA,"1","2",2,4,2,6,4,4,5,5,5,5,5,5,4,4,6,3,4,1,"187","20","45","2","39",NA,"Scientists"
"897","6/27/2014 23:47","6/28/2014 0:15","1","Scientists",NA,"Scientists_Scientists","1",NA,"1","1",6,6,5,6,4,7,7,3,6,2,5,3,6,6,5,5,4,6,"187","39","76","1","39",NA,"Scientists"
"898","6/28/2014 0:22","6/28/2014 0:40","1","Scientists",NA,"Scientists_Educated","1",NA,"1","1",3,3,1,2,5,5,2,4,2,6,5,3,6,5,4,3,3,1,"187","55","88","1","41",NA,"Educated"
"899","6/28/2014 0:56","6/28/2014 1:04","1","Scientists",NA,"Scientists_Educated","1",NA,"1","1",5,4,4,4,5,6,4,5,3,3,3,5,5,4,4,2,2,3,"187","41","75","2","43",NA,"Educated"
"901","6/28/2014 1:23","6/28/2014 1:26","1","Scientists",NA,"Scientists_Scientists","1",NA,"1","1",6,7,6,6,6,7,7,6,7,2,4,4,6,6,7,6,6,6,"187","53","76","2","39",NA,"Scientists"
"903","6/28/2014 3:35","6/28/2014 3:43","1","Scientists",NA,"Scientists_Educated","1",NA,"1","1",5,5,4,5,5,6,6,5,5,4,4,3,5,5,5,4,3,4,"187","61","91","1","39",NA,"Educated"
"904","6/28/2014 4:01","6/28/2014 4:08","1","Scientists",NA,"Scientists_Scientists","1",NA,"1","1",5,5,3,4,5,5,5,6,6,5,3,4,6,5,6,3,3,3,"187","39","73","1","38",NA,"Scientists"
"905","6/28/2014 4:28","6/28/2014 4:32","1","Scientists",NA,"Scientists_Educated","1",NA,"1","1",6,6,4,5,6,6,6,5,6,6,5,5,6,6,7,4,4,2,"187","34","63","2","40",NA,"Educated"
"919","6/28/2014 13:12","6/28/2014 13:17","1","Scientists",NA,"Scientists_Scientists","1",NA,"1","1",6,6,2,6,6,6,7,6,6,5,7,6,7,7,7,7,5,1,"187","49","77","1","38",NA,"Scientists"
"920","6/28/2014 13:15","6/28/2014 13:18","1","Scientists",NA,"Scientists_Educated","1",NA,"1","1",4,5,4,6,6,6,5,6,5,4,5,5,5,5,6,5,3,3,"187","34","60","1","39",NA,"Educated"
"923","6/28/2014 13:38","6/28/2014 13:42","1","Scientists",NA,"Scientists_Scientists","1",NA,"1","1",7,7,2,6,7,7,6,7,7,5,6,5,7,7,7,7,7,4,"187","39","65","1","38",NA,"Scientists"
"924","6/28/2014 14:23","6/28/2014 14:29","1","Scientists",NA,"Scientists_Scientists","1",NA,"1","1",5,6,2,7,5,6,5,3,6,3,5,6,6,6,6,3,3,2,"187","51","89","1","38",NA,"Scientists"
"927","6/28/2014 15:10","6/28/2014 15:17","1","Scientists",NA,"Scientists_Educated","1",NA,"2",NA,4,4,2,5,3,5,5,4,3,3,2,5,5,3,4,3,5,2,"187","58","95","2","38",NA,"Educated"
"928","6/28/2014 15:20","6/28/2014 15:23","1","Scientists",NA,"Scientists_Educated","1",NA,"1","6",5,4,2,6,6,5,5,5,6,2,5,5,5,3,4,3,3,2,"187","42","78","2","44",NA,"Educated"
"930","6/28/2014 16:20","6/28/2014 16:25","1","Scientists",NA,"Scientists_Scientists","1",NA,"1","1",5,5,4,6,5,6,7,5,6,4,5,5,6,6,6,6,5,4,"187","35","61","1","40",NA,"Scientists"
"931","6/27/2014 17:23","6/28/2014 16:28","1","Scientists",NA,"Scientists_Educated","1",NA,"1","1",7,6,3,7,7,7,5,7,7,2,2,2,7,7,7,7,6,4,"187","33","68","2","38",NA,"Educated"
"933","6/28/2014 16:58","6/28/2014 17:05","1","Scientists",NA,"Scientists_Scientists","1",NA,"1","1",2,2,3,4,5,5,6,5,6,4,5,5,6,5,6,5,4,3,"187","48","77","1","39",NA,"Scientists"
"935","6/28/2014 17:36","6/28/2014 17:45","1","Scientists",NA,"Scientists_Scientists","1",NA,"1","1",4,4,3,5,6,6,5,5,5,5,6,5,6,6,6,5,5,3,"187","19","45","1","38",NA,"Scientists"
"937","6/28/2014 19:03","6/28/2014 19:06","1","Scientists",NA,"Scientists_Educated","1",NA,"1","1",4,5,4,5,4,4,4,6,4,5,6,5,4,4,4,4,4,4,"187","55","88","2","40",NA,"Educated"
"938","6/28/2014 19:21","6/28/2014 19:24","1","Scientists",NA,"Scientists_Educated","1",NA,"1","1",6,5,5,6,6,6,6,6,6,5,6,5,6,6,6,5,4,4,"187","33","56","2","38",NA,"Educated"
"940","6/28/2014 19:26","6/28/2014 19:30","1","Scientists",NA,"Scientists_Scientists","1",NA,"1","1",5,6,4,6,6,6,6,7,7,1,1,1,7,7,7,6,4,3,"187","56","93","1","38",NA,"Scientists"
"943","6/28/2014 20:52","6/28/2014 20:58","1","Scientists",NA,"Scientists_Educated","1",NA,"1","1",3,2,3,1,1,3,3,3,2,4,2,1,3,2,3,2,3,4,"187","59","87","1","44",NA,"Educated"
"944","6/28/2014 21:46","6/28/2014 21:54","1","Scientists",NA,"Scientists_Educated","1",NA,"1","1",4,5,3,5,6,6,4,5,5,2,5,5,4,4,4,4,5,4,"187","55","90","1","41",NA,"Educated"
"946","6/29/2014 0:09","6/29/2014 0:15","1","Scientists",NA,"Scientists_Educated","1",NA,"1","1",6,5,3,6,6,6,4,6,6,3,5,5,6,6,6,5,5,5,"187","61","94","1","38",NA,"Educated"
"948","6/29/2014 1:39","6/29/2014 1:44","1","Scientists",NA,"Scientists_Scientists","1",NA,"1","1",4,2,2,5,5,6,4,6,6,4,5,4,5,2,2,2,2,1,"187","59","92","1","38",NA,"Scientists"
"951","6/29/2014 5:26","6/29/2014 5:33","1","Scientists",NA,"Scientists_Educated","1",NA,"1","1",3,1,4,5,3,4,2,5,3,3,4,3,4,4,4,2,3,1,"187","45","70","2","39",NA,"Educated"
"964","6/29/2014 12:42","6/29/2014 13:57","1","Scientists",NA,"Scientists_Scientists","1",NA,"1","1",6,6,4,7,5,6,6,7,7,5,4,5,7,7,7,7,6,7,"187","49","79","2","43",NA,"Scientists"
"965","6/29/2014 14:18","6/29/2014 14:20","1","Scientists",NA,"Scientists_Scientists","1",NA,"1","1",4,4,3,5,5,6,5,3,4,5,6,5,5,5,6,6,3,2,"187","49","75","1","40",NA,"Scientists"
"972","6/29/2014 19:27","6/29/2014 19:31","1","Scientists",NA,"Scientists_Educated","1",NA,"1","1",7,7,4,7,6,7,4,7,7,3,4,5,7,7,7,5,6,5,"187","35","73","2","41",NA,"Educated"
"973","6/29/2014 20:03","6/29/2014 20:06","1","Scientists",NA,"Scientists_Educated","1",NA,"1","1",3,5,1,7,7,6,5,7,7,4,6,2,2,2,1,3,1,2,"187","49","80","1","43",NA,"Educated"
"975","6/29/2014 20:46","6/29/2014 20:49","1","Scientists",NA,"Scientists_Educated","1",NA,"1","1",4,4,4,4,4,4,4,4,4,1,4,5,4,4,4,4,4,4,"187","55","86","2","38",NA,"Educated"
"976","6/29/2014 21:16","6/29/2014 21:21","1","Scientists",NA,"Scientists_Scientists","1",NA,"1","1",6,6,3,7,6,7,5,6,6,3,5,6,6,5,5,5,6,4,"187","53","85","1","41",NA,"Scientists"
"980","6/30/2014 0:42","6/30/2014 0:54","1","Scientists",NA,"Scientists_Scientists","1",NA,"1","1",6,6,4,6,6,6,6,6,6,4,2,1,6,4,4,6,6,4,"187","57","85","1","38",NA,"Scientists"
"983","6/30/2014 2:06","6/30/2014 2:09","1","Scientists",NA,"Scientists_Scientists","1",NA,"1","1",6,6,6,6,6,6,7,6,6,4,2,7,6,6,6,6,6,6,"187","63","94","1","42",NA,"Scientists"
"994","6/30/2014 7:41","6/30/2014 7:48","1","Scientists",NA,"Scientists_Educated","1",NA,"1","1",6,5,5,6,6,6,6,5,6,6,6,5,6,6,6,6,6,4,"187","54","88","1","40",NA,"Educated"
"1004","6/30/2014 12:10","6/30/2014 12:15","1","Scientists",NA,"Scientists_Educated","1",NA,"1","1",5,6,2,4,6,5,6,6,6,6,5,5,4,4,4,4,3,2,"187","28","65","1","43",NA,"Educated"
"1006","6/30/2014 13:08","6/30/2014 13:14","1","Scientists",NA,"Scientists_Educated","1",NA,"1","1",3,5,2,5,5,5,5,5,4,5,5,5,5,5,5,4,4,4,"187","63","91","1","38",NA,"Educated"
"1010","6/30/2014 16:31","6/30/2014 16:37","1","Scientists",NA,"Scientists_Educated","1",NA,"1","1",5,3,2,5,6,5,3,4,5,1,2,2,4,5,6,3,2,2,"187","57","80","1","39",NA,"Educated"
"1011","6/30/2014 18:04","6/30/2014 18:07","1","Scientists",NA,"Scientists_Scientists","1",NA,"1","1",2,2,2,6,5,6,2,2,3,4,6,6,3,3,3,3,2,2,"187","51","90","2","38",NA,"Scientists"
"1012","6/30/2014 18:04","6/30/2014 18:08","1","Scientists",NA,"Scientists_Educated","1",NA,"1","1",6,5,3,5,5,5,5,5,5,6,5,4,5,2,5,2,3,2,"187","59","89","1","43",NA,"Educated"
"1013","6/30/2014 18:05","6/30/2014 18:10","1","Scientists",NA,"Scientists_Scientists","1",NA,"1","1",3,3,3,5,4,5,3,3,3,4,4,4,6,6,6,3,3,1,"187","40","72","1","40",NA,"Scientists"
"1015","6/30/2014 18:02","6/30/2014 18:15","1","Scientists",NA,"Scientists_Educated","1",NA,"1","1",5,5,3,5,5,6,5,5,5,4,3,4,5,5,5,3,5,3,"187","35","64","1","40",NA,"Educated"
"1019","6/30/2014 18:34","6/30/2014 18:38","1","Scientists",NA,"Scientists_Scientists","1",NA,"1","1",5,5,2,6,5,5,5,5,5,5,3,4,6,5,6,6,5,3,"187","44","70","2","39",NA,"Scientists"
"1024","6/30/2014 21:25","6/30/2014 21:31","1","Scientists",NA,"Scientists_Scientists","1",NA,"1","1",3,3,1,4,3,4,3,5,5,1,1,1,7,6,6,6,4,1,"187","26","51","1","42",NA,"Scientists"
"1026","6/30/2014 23:26","6/30/2014 23:30","1","Scientists",NA,"Scientists_Scientists","1",NA,"1","6",5,4,4,6,6,6,5,6,6,4,5,6,4,4,4,4,4,3,"187","61","93","1","39",NA,"Scientists"
"1028","6/30/2014 23:36","6/30/2014 23:40","1","Scientists",NA,"Scientists_Educated","1",NA,"1","1",5,4,2,6,6,6,5,6,6,3,2,3,5,4,4,3,4,2,"187","61","94","2","39",NA,"Educated"
"1031","7/1/2014 4:12","7/1/2014 4:17","1","Scientists",NA,"Scientists_Educated","1",NA,"1","1",3,4,3,5,5,5,5,3,5,3,5,4,4,3,4,3,3,3,"187","60","88","2","39",NA,"Educated"
"1035","7/1/2014 11:23","7/1/2014 11:28","1","Scientists",NA,"Scientists_Educated","1",NA,"1","2",3,3,2,4,6,6,2,3,5,3,5,4,5,3,3,2,3,1,"187","22","48","1","41",NA,"Educated"
"1039","7/1/2014 15:58","7/1/2014 16:07","1","Scientists",NA,"Scientists_Educated","1",NA,"1","1",5,5,2,5,7,6,6,6,6,3,5,3,6,3,5,3,4,2,"187","55","82","2","38",NA,"Educated"
"1043","7/1/2014 17:57","7/1/2014 17:59","1","Scientists",NA,"Scientists_Educated","1",NA,"1","1",7,6,5,7,7,7,7,7,7,4,3,4,6,7,6,7,5,5,"187","56","87","2","41",NA,"Educated"
"1045","7/1/2014 18:20","7/1/2014 18:27","1","Scientists",NA,"Scientists_Educated","1",NA,"1","1",5,4,2,5,5,5,5,5,5,5,5,5,5,6,5,5,5,2,"187","29","57","1","43",NA,"Educated"
"1046","7/1/2014 20:07","7/1/2014 20:15","1","Scientists",NA,"Scientists_Educated","1",NA,"1","1",7,5,4,6,6,7,7,7,7,4,5,5,5,5,5,6,4,5,"187","35","68","1","38",NA,"Educated"
"1047","6/27/2014 21:05","7/1/2014 21:27","1","Scientists",NA,"Scientists_Scientists","1",NA,"1","1",6,5,2,6,5,6,5,5,6,4,7,6,6,6,6,3,3,1,"187","58","90","2","42",NA,"Scientists"
"1048","7/1/2014 21:53","7/1/2014 22:00","1","Scientists",NA,"Scientists_Educated","1",NA,"1","1",5,5,2,5,5,6,6,5,5,3,2,5,5,5,5,5,3,3,"187","40","80","2","40",NA,"Educated"
"1050","7/2/2014 2:27","7/2/2014 2:32","1","Scientists",NA,"Scientists_Educated","1",NA,"1","1",5,5,6,6,6,6,5,6,6,5,6,5,6,4,6,4,5,3,"187","43","69","1","38",NA,"Educated"
"1051","7/2/2014 13:23","7/2/2014 13:27","1","Scientists",NA,"Scientists_Educated","1",NA,"1","1",5,3,3,5,5,5,3,5,5,3,3,4,5,3,2,2,5,2,"187","53","95","2","39",NA,"Educated"
"1054","7/2/2014 16:05","7/2/2014 16:08","1","Scientists",NA,"Scientists_Educated","1",NA,"1","1",7,7,5,6,7,7,7,7,7,2,5,5,7,7,7,7,7,4,"187","49","86","2","39",NA,"Educated"
"1056","7/2/2014 17:47","7/2/2014 17:52","1","Scientists",NA,"Scientists_Educated","1",NA,"1","1",5,4,3,5,5,5,5,5,5,1,3,5,5,3,2,5,3,2,"187","55","85","2","42",NA,"Educated"
"1057","7/2/2014 19:51","7/2/2014 19:55","1","Scientists",NA,"Scientists_Scientists","1",NA,"1","1",7,7,6,7,7,7,7,7,7,7,4,5,7,7,7,7,7,7,"187","46","74","2","39",NA,"Scientists"
"1063","7/4/2014 12:50","7/4/2014 13:14","1","Scientists",NA,"Scientists_Educated","1",NA,"2",NA,6,7,6,2,5,4,6,4,4,2,2,3,6,7,6,6,2,6,"187","55","96","2","43",NA,"Educated"
"1064","7/5/2014 0:59","7/5/2014 1:05","1","Scientists",NA,"Scientists_Scientists","1",NA,"1","1",5,5,3,6,6,3,3,3,4,3,5,3,6,4,5,3,4,3,"187","55","84","1","39",NA,"Scientists"
"1070","7/3/2014 3:43","7/7/2014 14:10","1","Scientists",NA,"Scientists_Educated","1",NA,"1","1",5,5,5,6,6,5,3,5,5,3,5,3,5,3,3,3,5,3,"187","30","57","1","39",NA,"Educated"
"1071","7/7/2014 18:37","7/7/2014 18:41","1","Scientists",NA,"Scientists_Scientists","1",NA,"1","1",5,5,3,6,7,7,5,6,6,3,5,5,5,5,6,5,5,3,"187","46","73","1","38",NA,"Scientists"
"1073","7/7/2014 20:49","7/7/2014 20:53","1","Scientists",NA,"Scientists_Scientists","1",NA,"1","1",5,6,5,7,7,7,4,5,6,3,3,4,6,6,6,4,4,1,"187","47","74","1","38",NA,"Scientists"
"1074","7/7/2014 23:42","7/7/2014 23:50","1","Scientists",NA,"Scientists_Scientists","1",NA,"1","1",4,6,5,7,7,7,5,5,5,6,6,6,6,6,5,6,5,5,"187","59","90","2","39",NA,"Scientists"
"1076","7/8/2014 16:50","7/8/2014 16:53","1","Scientists",NA,"Scientists_Educated","1",NA,"1","1",5,5,2,4,5,5,6,5,5,3,5,3,6,3,3,5,4,3,"187","32","61","1","39",NA,"Educated"
"1080","7/8/2014 19:05","7/8/2014 19:10","1","Scientists",NA,"Scientists_Scientists","1",NA,"1","1",3,7,4,7,5,7,7,7,6,5,5,5,6,7,7,6,5,3,"187","56","89","2","43",NA,"Scientists"
"1082","7/8/2014 21:01","7/8/2014 21:11","1","Scientists",NA,"Scientists_Educated","1",NA,"1","1",6,5,3,5,6,6,5,6,6,1,5,2,7,6,6,5,3,1,"187","23","52","1","38",NA,"Educated"
"1083","7/8/2014 21:19","7/8/2014 21:31","1","Scientists",NA,"Scientists_Educated","1",NA,"1","1",5,4,4,4,6,6,5,5,5,5,5,4,4,2,2,4,4,5,"187","45","82","1","39",NA,"Educated"
"1087","7/10/2014 16:00","7/10/2014 16:07","1","Scientists",NA,"Scientists_Educated","1",NA,"1","1",5,5,2,5,5,5,5,6,5,2,2,5,5,3,2,5,3,5,"187","47","93","1","44",NA,"Educated"
"1088","7/10/2014 19:28","7/10/2014 19:30","1","Scientists",NA,"Scientists_Scientists","1",NA,"1","1",6,6,2,6,6,6,6,6,6,3,3,4,6,6,6,5,3,3,"187","56","83","2","39",NA,"Scientists"
