"","X","Start_time","End_time","Finished","Respondent_group","Screening","Consent","Reason_nc","Check_group","ob1","ob2","ob3","ra1","ra2","ra3","op1","op2","op3","iq1","iq2","iq3","in1","in2","in3","co1","co2","co3","Country","Year_born","Gender","Religiousness","Feedback","Target"
"1",2,"5/13/2014 5:00","5/13/2014 5:03",1,"Educated",NA,1,NA,1,5,5,4,5,6,6,4,6,6,5,3,5,5,4,4,4,4,4,187,54,2,40,NA,"Educated"
"2",3,"5/13/2014 5:08","5/13/2014 5:12",1,"Educated",NA,1,NA,1,6,5,3,3,4,3,6,6,6,2,3,3,6,4,6,6,5,6,187,28,1,43,NA,"Educated"
"3",4,"5/13/2014 5:05","5/13/2014 5:14",1,"Educated",NA,1,NA,1,3,5,5,5,5,5,5,3,3,5,5,5,5,3,3,3,5,3,187,51,2,44,NA,"Scientists"
"4",5,"5/13/2014 5:09","5/13/2014 5:14",1,"Educated",NA,1,NA,1,5,5,5,6,6,5,6,6,6,4,4,6,6,7,7,6,6,6,187,26,2,42,NA,"Scientists"
"5",6,"5/13/2014 5:19","5/13/2014 5:22",1,"Educated",NA,1,NA,1,5,6,5,5,6,6,5,5,5,5,6,5,6,6,6,5,5,6,187,61,1,43,NA,"Scientists"
"6",7,"5/13/2014 5:20","5/13/2014 5:22",1,"Educated",NA,1,NA,2,4,4,4,4,4,4,4,4,4,4,4,4,4,4,4,4,4,4,187,52,1,39,NA,"Educated"
"7",8,"5/13/2014 5:26","5/13/2014 5:28",1,"Educated",NA,1,NA,2,6,6,6,6,7,6,6,5,6,6,7,6,6,7,6,6,6,5,187,44,2,44,NA,"Educated"
"8",9,"5/13/2014 5:25","5/13/2014 5:28",1,"Educated",NA,1,NA,1,6,6,6,6,6,6,6,6,6,6,6,6,6,6,5,5,6,2,187,63,1,43,NA,"Scientists"
"9",10,"5/13/2014 5:32","5/13/2014 5:35",1,"Educated",NA,1,NA,2,6,7,6,7,7,6,5,6,6,6,5,6,7,6,6,7,7,5,187,32,2,38,NA,"Scientists"
"10",11,"5/13/2014 5:35","5/13/2014 5:38",1,"Educated",NA,1,NA,2,3,3,5,4,6,6,2,1,4,6,1,2,4,1,1,1,4,3,187,63,2,44,NA,"Educated"
"11",12,"5/13/2014 5:39","5/13/2014 5:42",1,"Educated",NA,1,NA,1,2,3,3,5,5,5,2,5,4,6,3,3,5,2,2,2,5,2,187,34,2,42,NA,"Educated"
"12",13,"5/13/2014 5:44","5/13/2014 5:49",1,"Educated",NA,1,NA,2,3,5,3,6,4,6,4,4,4,4,4,4,4,4,5,4,4,4,187,23,1,41,NA,"Scientists"
"13",14,"5/13/2014 5:49","5/13/2014 5:53",1,"Educated",NA,1,NA,2,4,6,4,6,6,6,2,6,5,5,7,5,4,4,4,4,4,3,187,28,1,41,NA,"Educated"
"14",15,"5/13/2014 5:54","5/13/2014 6:01",1,"Educated",NA,1,NA,1,4,6,4,4,6,7,4,6,4,4,4,4,4,4,4,4,4,2,187,49,2,43,NA,"Scientists"
"15",16,"5/13/2014 5:59","5/13/2014 6:01",1,"Educated",NA,1,NA,4,5,4,4,6,5,6,4,5,3,6,5,6,4,4,4,4,5,4,187,40,1,38,NA,"Educated"
"16",17,"5/13/2014 6:02","5/13/2014 6:07",1,"Educated",NA,1,NA,2,1,2,4,1,3,4,4,4,4,3,7,2,4,1,1,1,4,1,187,36,2,44,NA,"Educated"
"17",18,"5/13/2014 6:02","5/13/2014 6:07",1,"Educated",NA,1,NA,1,6,6,5,6,2,6,4,6,6,5,5,7,6,5,5,3,5,3,187,61,1,41,NA,"Scientists"
"18",19,"5/13/2014 6:04","5/13/2014 6:11",1,"Educated",NA,1,NA,1,6,7,4,7,6,7,7,7,6,7,6,6,7,7,7,7,7,6,187,38,1,38,NA,"Scientists"
"19",20,"5/13/2014 6:20","5/13/2014 6:25",1,"Educated",NA,1,NA,1,5,4,6,3,4,5,4,3,4,4,5,5,3,2,2,2,4,4,187,30,1,40,NA,"Scientists"
"20",21,"5/13/2014 6:19","5/13/2014 6:26",1,"Educated",NA,1,NA,1,6,5,2,5,6,5,5,6,6,4,1,5,5,2,5,1,4,1,187,52,1,43,NA,"Educated"
"21",22,"5/13/2014 6:23","5/13/2014 6:26",1,"Educated",NA,1,NA,1,7,6,3,4,6,7,7,7,6,2,2,2,7,7,7,4,7,3,187,32,1,39,NA,"Scientists"
"22",23,"5/13/2014 6:20","5/13/2014 6:27",1,"Educated",NA,1,NA,1,6,4,4,7,5,4,4,4,4,2,3,5,4,4,4,4,4,4,187,42,2,42,NA,"Educated"
"23",24,"5/13/2014 6:29","5/13/2014 6:34",1,"Educated",NA,1,NA,1,4,4,2,5,4,5,4,4,4,4,3,4,4,4,4,4,4,4,187,55,1,44,NA,"Educated"
"24",25,"5/13/2014 6:36","5/13/2014 6:38",1,"Educated",NA,1,NA,1,7,7,6,6,7,6,7,6,7,7,6,5,6,7,7,6,7,6,187,49,2,43,NA,"Scientists"
"25",26,"5/13/2014 6:38","5/13/2014 6:43",1,"Educated",NA,1,NA,2,6,7,6,7,6,7,5,6,7,7,7,6,7,7,7,2,6,3,187,56,1,43,NA,"Scientists"
"26",27,"5/13/2014 6:41","5/13/2014 6:45",1,"Educated",NA,1,NA,2,5,3,2,6,5,5,5,6,5,2,2,2,5,6,2,4,2,3,187,67,2,38,NA,"Educated"
"27",28,"5/13/2014 6:22","5/13/2014 6:47",1,"Educated",NA,1,NA,2,6,6,2,5,7,6,5,6,6,3,4,4,7,3,5,4,5,3,187,56,1,38,NA,"Educated"
"28",29,"5/13/2014 6:44","5/13/2014 6:47",1,"Educated",NA,1,NA,1,6,6,5,6,6,6,6,7,6,4,3,4,7,6,6,6,5,4,187,50,2,40,NA,"Scientists"
"29",30,"5/13/2014 6:46","5/13/2014 6:50",1,"Educated",NA,1,NA,2,6,6,2,6,6,6,5,6,6,6,5,6,7,3,3,3,4,2,187,43,1,44,NA,"Educated"
"30",31,"5/13/2014 6:45","5/13/2014 6:53",1,"Educated",NA,1,NA,1,4,4,4,5,5,3,4,4,5,4,4,4,4,4,4,4,4,4,187,51,2,44,NA,"Scientists"
"31",32,"5/13/2014 6:51","5/13/2014 6:54",1,"Educated",NA,1,NA,1,6,7,6,7,7,6,7,6,6,3,2,2,7,6,7,6,7,6,187,40,2,40,NA,"Educated"
"32",33,"5/13/2014 22:59","5/13/2014 23:01",1,"Educated",NA,1,NA,2,5,5,6,5,6,6,6,7,7,5,6,5,5,6,6,5,5,6,187,65,1,40,NA,"Educated"
"33",34,"5/13/2014 22:59","5/13/2014 23:04",1,"Educated",NA,1,NA,1,5,2,2,7,3,6,6,1,5,5,6,6,5,2,1,2,3,2,187,29,1,43,NA,"Scientists"
"34",35,"5/13/2014 23:04","5/13/2014 23:07",1,"Educated",NA,1,NA,2,5,3,2,4,5,4,3,5,5,5,5,4,4,4,4,4,4,4,187,22,1,38,NA,"Educated"
"35",36,"5/13/2014 23:04","5/13/2014 23:07",1,"Educated",NA,1,NA,1,4,4,4,4,5,4,5,4,5,4,4,4,5,4,4,4,4,4,187,31,2,43,NA,"Scientists"
"36",37,"5/13/2014 23:08","5/13/2014 23:10",1,"Educated",NA,1,NA,1,4,4,2,3,4,2,2,4,4,4,4,4,4,4,2,4,4,4,187,59,2,40,NA,"Educated"
"37",38,"5/13/2014 23:07","5/13/2014 23:11",1,"Educated",NA,1,NA,1,6,6,4,6,6,6,6,5,6,5,3,5,6,5,6,5,6,2,187,32,1,39,NA,"Scientists"
"38",39,"5/13/2014 23:10","5/13/2014 23:12",1,"Educated",NA,1,NA,2,5,7,1,5,6,6,2,7,1,1,1,1,6,4,5,3,6,4,187,54,1,38,NA,"Scientists"
"39",40,"5/13/2014 23:12","5/13/2014 23:15",1,"Educated",NA,1,NA,1,5,5,3,6,6,5,5,5,4,3,2,4,5,2,4,1,4,4,187,60,2,38,NA,"Educated"
"40",41,"5/13/2014 23:13","5/13/2014 23:18",1,"Educated",NA,1,NA,1,6,5,3,5,6,5,6,7,3,5,3,4,6,6,4,6,4,4,187,55,2,43,NA,"Educated"
"41",42,"5/13/2014 23:16","5/13/2014 23:18",1,"Educated",NA,1,NA,1,4,4,4,5,4,6,3,4,4,3,5,3,4,6,1,6,4,2,187,50,1,38,NA,"Scientists"
"42",43,"5/13/2014 23:17","5/13/2014 23:19",1,"Educated",NA,1,NA,1,5,6,2,6,5,6,5,6,5,5,5,6,6,5,5,6,6,5,187,65,2,38,NA,"Scientists"
"43",44,"5/13/2014 23:15","5/13/2014 23:19",1,"Educated",NA,1,NA,1,6,5,5,6,6,5,6,5,6,5,5,5,6,6,5,5,5,3,187,49,1,43,NA,"Educated"
"44",45,"5/13/2014 23:23","5/13/2014 23:26",1,"Educated",NA,1,NA,2,6,6,6,7,6,6,6,6,4,2,3,4,7,7,7,7,6,5,187,41,1,44,NA,"Scientists"
"45",46,"5/13/2014 23:22","5/13/2014 23:27",1,"Educated",NA,1,NA,2,3,6,3,5,5,6,3,5,5,5,2,1,5,3,3,3,2,2,187,33,2,39,NA,"Educated"
"46",47,"5/13/2014 23:25","5/13/2014 23:28",1,"Educated",NA,1,NA,1,4,4,4,4,4,4,4,4,4,4,4,3,4,3,4,4,4,4,187,46,1,38,NA,"Educated"
"47",48,"5/13/2014 23:25","5/13/2014 23:29",1,"Educated",NA,1,NA,1,5,6,5,7,7,7,7,5,6,6,6,6,7,6,6,6,6,5,187,39,2,39,NA,"Scientists"
"48",49,"5/13/2014 23:30","5/13/2014 23:31",1,"Educated",NA,1,NA,1,7,5,7,6,6,7,7,7,4,5,1,5,7,6,7,6,5,2,187,43,1,44,NA,"Scientists"
"49",50,"5/13/2014 23:30","5/13/2014 23:32",1,"Educated",NA,1,NA,2,7,7,4,7,7,7,5,7,7,5,5,4,7,7,7,7,4,4,187,36,2,38,NA,"Scientists"
"50",51,"5/13/2014 23:29","5/13/2014 23:34",1,"Educated",NA,1,NA,2,5,6,2,5,6,5,5,6,6,5,2,5,4,2,2,3,3,2,187,54,2,43,NA,"Educated"
"51",52,"5/13/2014 23:32","5/13/2014 23:37",1,"Educated",NA,1,NA,2,4,4,4,4,4,4,4,4,4,6,4,4,4,4,4,4,4,4,187,53,2,43,NA,"Educated"
"52",53,"5/13/2014 23:35","5/13/2014 23:40",1,"Educated",NA,1,NA,1,5,6,6,6,7,7,4,6,6,6,4,6,7,6,7,7,7,6,187,30,2,44,NA,"Scientists"
"53",54,"5/13/2014 23:39","5/13/2014 23:42",1,"Educated",NA,1,NA,1,5,4,3,5,5,5,5,5,5,3,4,4,5,4,4,3,4,3,187,46,1,40,NA,"Educated"
"54",55,"5/13/2014 23:39","5/13/2014 23:42",1,"Educated",NA,1,NA,1,5,5,3,5,6,6,3,6,6,5,2,3,6,5,6,3,5,3,187,66,2,39,NA,"Educated"
"55",56,"5/13/2014 23:39","5/13/2014 23:43",1,"Educated",NA,1,NA,2,6,5,2,5,5,6,5,3,5,1,1,2,5,5,5,5,1,1,187,32,2,43,NA,"Scientists"
"56",57,"5/13/2014 23:47","5/13/2014 23:50",1,"Educated",NA,1,NA,2,4,4,4,4,4,4,4,4,4,4,4,4,4,4,4,4,4,4,187,30,2,44,NA,"Educated"
"57",58,"5/13/2014 23:47","5/13/2014 23:51",1,"Educated",NA,1,NA,1,5,5,5,6,5,6,5,5,6,4,4,5,5,4,4,4,4,4,187,36,2,42,NA,"Scientists"
"58",59,"5/14/2014 0:11","5/14/2014 0:13",1,"Educated",NA,1,NA,1,5,5,5,5,5,5,5,5,5,5,5,5,5,3,5,5,5,4,187,35,1,43,NA,"Educated"
"59",60,"5/14/2014 0:14","5/14/2014 0:24",1,"Educated",NA,1,NA,1,6,6,5,6,5,5,6,6,6,6,5,6,6,6,6,6,6,5,187,26,2,44,NA,"Scientists"
"60",61,"5/14/2014 0:18","5/14/2014 0:30",1,"Educated",NA,1,NA,1,4,4,4,4,4,4,4,4,4,4,4,4,4,4,4,4,4,4,187,66,2,41,NA,"Scientists"
"61",62,"5/14/2014 0:29","5/14/2014 0:31",1,"Educated",NA,1,NA,2,7,4,6,6,5,5,6,7,6,6,5,5,7,7,4,4,5,4,187,61,1,44,NA,"Educated"
"62",63,"5/14/2014 0:33","5/14/2014 0:35",1,"Educated",NA,1,NA,2,6,5,5,6,6,6,5,5,6,4,5,5,6,6,6,5,6,4,187,34,1,44,NA,"Scientists"
"63",64,"5/14/2014 0:35","5/14/2014 0:36",1,"Educated",NA,1,NA,1,4,5,4,5,4,4,5,4,5,5,4,5,4,4,5,5,4,4,187,62,1,43,NA,"Educated"
"64",65,"5/14/2014 0:45","5/14/2014 0:48",1,"Educated",NA,1,NA,1,5,4,5,6,6,4,3,4,4,5,NA,6,5,3,6,4,4,5,187,61,1,40,NA,"Scientists"
"65",66,"5/14/2014 0:56","5/14/2014 0:58",1,"Educated",NA,1,NA,2,3,3,2,3,3,3,3,3,3,3,2,2,2,2,1,3,2,3,187,43,1,40,NA,"Educated"
"66",67,"5/14/2014 0:43","5/14/2014 1:02",1,"Educated",NA,1,NA,1,5,5,4,5,5,5,5,5,4,3,4,4,5,4,4,3,4,3,187,65,2,40,NA,"Educated"
"67",68,"5/14/2014 0:59","5/14/2014 1:06",1,"Educated",NA,1,NA,1,6,7,5,6,6,6,7,6,5,6,5,7,6,6,6,3,3,3,187,39,1,43,NA,"Educated"
"68",69,"5/14/2014 1:05","5/14/2014 1:08",1,"Educated",NA,1,NA,1,3,3,3,3,3,3,3,4,3,3,3,3,3,3,3,3,3,3,187,35,1,44,NA,"Educated"
"69",70,"5/14/2014 1:00","5/14/2014 1:13",1,"Educated",NA,1,NA,2,7,7,4,6,6,7,6,6,4,6,4,4,7,7,7,7,6,4,187,39,2,44,NA,"Scientists"
"70",71,"5/14/2014 1:10","5/14/2014 1:13",1,"Educated",NA,1,NA,2,2,2,3,4,2,4,2,2,2,5,4,5,3,1,1,1,1,1,187,21,1,44,NA,"Scientists"
"71",72,"5/14/2014 1:11","5/14/2014 1:16",1,"Educated",NA,1,NA,1,4,3,2,3,3,4,2,6,5,4,1,2,5,2,2,5,3,2,187,39,2,39,NA,"Educated"
"72",73,"5/14/2014 1:16","5/14/2014 1:18",1,"Educated",NA,1,NA,1,5,3,5,6,5,5,6,6,4,4,5,6,4,4,3,4,4,5,187,63,1,42,NA,"Scientists"
"73",74,"5/14/2014 0:39","5/14/2014 1:19",1,"Educated",NA,1,NA,1,4,4,4,5,4,4,4,4,4,4,3,5,4,4,4,4,4,4,187,34,1,43,NA,"Scientists"
"74",75,"5/14/2014 1:17","5/14/2014 1:22",1,"Educated",NA,1,NA,1,4,2,3,4,5,4,4,5,5,5,2,4,4,1,1,3,4,2,187,29,1,42,NA,"Educated"
"75",76,"5/14/2014 1:07","5/14/2014 1:24",1,"Educated",NA,1,NA,4,3,4,2,5,5,5,4,3,4,2,6,6,5,4,5,2,2,2,187,38,1,41,NA,"Scientists"
"76",77,"5/14/2014 1:20","5/14/2014 1:25",1,"Educated",NA,1,NA,1,3,4,3,4,5,4,3,4,3,2,2,4,5,5,2,3,3,3,187,30,2,42,NA,"Scientists"
"77",78,"5/14/2014 1:21","5/14/2014 1:28",1,"Educated",NA,1,NA,2,6,7,4,7,7,6,7,7,6,4,4,1,7,1,1,7,6,1,187,54,1,42,NA,"Educated"
"78",79,"5/14/2014 1:18","5/14/2014 1:30",1,"Educated",NA,1,NA,1,7,7,7,7,7,7,7,7,7,7,7,6,7,7,7,7,7,7,187,52,2,44,NA,"Scientists"
"79",80,"5/14/2014 1:13","5/14/2014 1:35",1,"Educated",NA,1,NA,1,3,3,3,4,5,3,3,3,3,2,6,3,3,3,3,3,3,3,187,71,2,38,NA,"Educated"
"80",81,"5/14/2014 1:33","5/14/2014 1:37",1,"Educated",NA,1,NA,2,4,3,4,5,5,4,3,3,3,3,3,4,4,4,4,3,3,3,187,31,2,44,NA,"Scientists"
"81",82,"5/14/2014 1:44","5/14/2014 1:47",1,"Educated",NA,1,NA,1,5,6,5,6,7,6,6,6,6,5,6,5,5,6,6,6,7,5,187,64,1,42,NA,"Educated"
"82",83,"5/14/2014 1:36","5/14/2014 1:50",1,"Educated",NA,1,NA,1,4,4,1,4,3,4,4,5,4,4,1,1,4,3,4,4,3,3,187,40,2,40,NA,"Educated"
"83",84,"5/14/2014 1:50","5/14/2014 1:53",1,"Educated",NA,1,NA,2,6,7,7,7,7,6,7,7,7,5,5,5,7,6,6,6,6,5,187,18,1,41,NA,"Scientists"
"84",85,"5/14/2014 1:50","5/14/2014 1:53",1,"Educated",NA,1,NA,1,4,4,4,4,4,4,4,4,4,4,4,4,4,4,4,4,4,4,187,31,1,41,NA,"Educated"
"85",86,"5/14/2014 1:56","5/14/2014 1:59",1,"Educated",NA,1,NA,2,6,5,6,7,7,7,6,4,3,7,6,7,7,6,6,3,4,1,187,34,2,41,NA,"Scientists"
"86",87,"5/14/2014 1:58","5/14/2014 2:02",1,"Educated",NA,1,NA,1,4,4,4,4,4,5,4,4,3,4,4,4,4,4,4,4,3,3,187,59,2,43,NA,"Scientists"
"87",88,"5/14/2014 2:04","5/14/2014 2:07",1,"Educated",NA,1,NA,1,6,4,4,4,5,5,4,4,4,3,5,3,4,4,4,4,4,4,187,61,2,40,NA,"Educated"
"88",89,"5/14/2014 1:59","5/14/2014 2:09",1,"Educated",NA,1,NA,2,6,6,5,5,6,6,5,6,6,4,2,6,5,5,3,4,5,2,187,57,2,42,NA,"Educated"
"89",90,"5/14/2014 2:08","5/14/2014 2:09",1,"Educated",NA,1,NA,2,7,6,6,6,6,6,6,6,6,7,5,5,6,6,6,6,6,6,187,46,1,43,NA,"Scientists"
"90",91,"5/14/2014 2:13","5/14/2014 2:17",1,"Educated",NA,1,NA,1,4,1,1,1,4,4,4,4,1,1,1,1,1,1,1,1,1,1,187,32,1,39,NA,"Educated"
"91",92,"5/14/2014 2:21","5/14/2014 2:23",1,"Educated",NA,1,NA,2,5,5,4,6,5,6,5,5,5,5,5,5,5,4,4,4,5,5,187,42,1,43,NA,"Educated"
"92",93,"5/14/2014 2:18","5/14/2014 2:24",1,"Educated",NA,1,NA,1,5,5,3,5,6,5,5,5,6,6,6,5,6,6,6,5,6,4,187,24,1,38,NA,"Educated"
"93",94,"5/14/2014 1:53","5/14/2014 2:33",1,"Educated",NA,1,NA,1,6,6,6,5,6,5,5,6,6,6,6,6,6,6,5,6,6,6,187,67,1,38,NA,"Scientists"
"94",95,"5/14/2014 2:31","5/14/2014 2:34",1,"Educated",NA,1,NA,4,6,6,2,7,4,5,4,5,6,3,2,4,4,6,6,3,5,5,187,38,1,38,NA,"Scientists"
"95",96,"5/14/2014 2:37","5/14/2014 2:41",1,"Educated",NA,1,NA,2,1,4,4,7,1,4,1,1,4,4,7,7,4,1,1,1,4,1,187,47,2,38,NA,"Scientists"
"96",97,"5/14/2014 2:44","5/14/2014 2:48",1,"Educated",NA,1,NA,1,4,4,4,6,5,6,6,5,5,4,5,4,4,4,4,4,4,3,187,59,2,44,NA,"Educated"
"97",98,"5/14/2014 2:50","5/14/2014 2:56",1,"Educated",NA,1,NA,1,4,5,2,6,6,6,4,6,5,5,2,5,6,3,3,4,4,2,187,49,1,40,NA,"Educated"
"98",99,"5/14/2014 2:55","5/14/2014 2:58",1,"Educated",NA,1,NA,1,6,3,4,6,6,6,3,5,6,6,6,6,6,4,4,3,3,6,187,29,1,39,NA,"Scientists"
"99",100,"5/14/2014 2:56","5/14/2014 2:58",1,"Educated",NA,1,NA,2,5,6,3,7,6,6,5,6,7,5,6,4,7,7,7,7,3,4,187,64,2,38,NA,"Scientists"
"100",101,"5/14/2014 2:59","5/14/2014 3:00",1,"Educated",NA,1,NA,4,5,6,6,5,5,6,5,6,6,5,6,7,6,6,6,5,5,5,187,63,1,44,NA,"Educated"
"101",102,"5/14/2014 2:58","5/14/2014 3:01",1,"Educated",NA,1,NA,1,5,5,4,4,6,5,2,5,4,2,2,3,6,1,3,4,5,1,187,34,1,40,NA,"Educated"
"102",103,"5/14/2014 2:59","5/14/2014 3:01",1,"Educated",NA,1,NA,2,7,7,7,6,7,7,7,6,6,5,5,7,7,5,7,7,6,6,187,41,2,44,NA,"Educated"
"103",104,"5/14/2014 2:59","5/14/2014 3:04",1,"Educated",NA,1,NA,1,4,4,4,4,4,4,4,4,4,4,4,4,4,4,4,4,4,4,187,57,2,42,NA,"Scientists"
"104",105,"5/14/2014 2:58","5/14/2014 3:07",1,"Educated",NA,1,NA,2,6,6,4,4,6,6,6,6,2,6,4,4,6,6,6,6,6,2,187,25,2,43,NA,"Scientists"
"105",106,"5/14/2014 3:05","5/14/2014 3:08",1,"Educated",NA,1,NA,2,6,4,2,6,6,6,4,6,6,5,5,5,6,4,2,4,4,3,187,64,1,41,NA,"Scientists"
"106",107,"5/14/2014 3:09","5/14/2014 3:13",1,"Educated",NA,1,NA,1,2,2,2,6,3,5,2,1,4,2,1,5,2,1,1,1,2,2,187,32,1,41,NA,"Scientists"
"107",108,"5/14/2014 3:09","5/14/2014 3:14",1,"Educated",NA,1,NA,1,3,2,3,3,5,5,5,4,5,5,6,3,6,5,6,4,3,3,187,60,2,42,NA,"Educated"
"108",109,"5/14/2014 3:13","5/14/2014 3:16",1,"Educated",NA,1,NA,1,4,6,3,6,6,7,7,6,6,5,3,4,6,4,3,4,4,3,187,52,2,39,NA,"Scientists"
"109",110,"5/14/2014 3:13","5/14/2014 3:16",1,"Educated",NA,1,NA,2,7,4,3,7,7,6,4,4,6,3,1,5,4,5,4,4,6,4,187,43,1,38,NA,"Educated"
"110",111,"5/14/2014 3:14","5/14/2014 3:18",1,"Educated",NA,1,NA,1,3,3,3,3,2,2,5,3,6,2,5,2,1,1,2,2,2,2,187,36,1,44,NA,"Educated"
"111",112,"5/14/2014 3:21","5/14/2014 3:27",1,"Educated",NA,1,NA,1,4,3,3,5,6,5,4,4,4,2,2,3,6,5,5,4,5,3,187,31,2,44,NA,"Educated"
"112",113,"5/14/2014 3:24","5/14/2014 3:28",1,"Educated",NA,1,NA,2,3,3,6,6,7,7,7,6,5,6,6,7,3,3,3,3,5,5,187,26,2,41,NA,"Scientists"
"113",114,"5/14/2014 3:23","5/14/2014 3:28",1,"Educated",NA,1,NA,2,2,4,4,4,6,4,4,4,4,3,3,5,4,4,4,4,4,4,187,18,1,40,NA,"Scientists"
"114",115,"5/14/2014 3:25","5/14/2014 3:31",1,"Educated",NA,1,NA,2,7,6,5,6,7,6,5,7,6,6,5,5,7,6,4,4,3,2,187,61,2,38,NA,"Educated"
"115",116,"5/14/2014 3:24","5/14/2014 3:32",1,"Educated",NA,1,NA,1,6,6,3,6,5,7,6,6,7,3,3,3,7,6,7,7,3,4,187,32,1,39,NA,"Scientists"
"116",117,"5/14/2014 3:29","5/14/2014 3:34",1,"Educated",NA,1,NA,1,4,3,2,5,5,4,4,5,3,4,2,4,5,3,4,4,4,3,187,35,2,43,NA,"Educated"
"117",118,"5/14/2014 3:29","5/14/2014 3:34",1,"Educated",NA,1,NA,1,6,7,3,5,3,5,5,3,5,4,4,3,7,3,6,2,2,3,187,32,1,43,NA,"Scientists"
"118",119,"5/14/2014 3:34","5/14/2014 3:37",1,"Educated",NA,1,NA,4,3,3,4,2,2,2,3,3,4,3,3,2,3,4,4,3,3,4,187,18,1,40,NA,"Educated"
"119",120,"5/14/2014 3:34","5/14/2014 3:37",1,"Educated",NA,1,NA,1,5,5,5,6,6,6,6,5,5,4,4,6,6,5,5,5,6,4,187,33,2,43,NA,"Scientists"
"120",121,"5/14/2014 3:30","5/14/2014 3:38",1,"Educated",NA,1,NA,1,6,6,4,7,6,6,6,6,7,6,7,7,6,6,6,7,6,4,187,69,2,39,NA,"Scientists"
"121",122,"5/14/2014 3:34","5/14/2014 3:38",1,"Educated",NA,1,NA,2,5,4,4,4,4,4,4,6,4,3,3,4,4,4,4,4,4,4,187,52,1,43,NA,"Educated"
"122",123,"5/14/2014 3:36","5/14/2014 3:39",1,"Educated",NA,1,NA,2,4,5,4,5,6,5,5,5,3,5,5,5,6,4,3,3,4,5,187,48,1,43,NA,"Educated"
"123",124,"5/14/2014 3:31","5/14/2014 3:39",1,"Educated",NA,1,NA,1,3,3,4,4,4,4,2,3,2,4,4,4,4,3,4,3,4,3,187,51,1,39,NA,"Scientists"
"124",125,"5/14/2014 3:29","5/14/2014 3:39",1,"Educated",NA,1,NA,1,6,5,4,5,6,7,5,6,6,7,2,4,5,5,6,4,4,2,187,58,1,40,NA,"Educated"
"125",126,"5/14/2014 3:38","5/14/2014 3:40",1,"Educated",NA,1,NA,1,5,4,4,7,5,7,4,4,6,5,5,5,5,4,4,5,5,5,187,58,1,38,NA,"Scientists"
"126",127,"5/14/2014 3:36","5/14/2014 3:41",1,"Educated",NA,1,NA,1,5,6,6,7,6,6,7,5,5,3,6,4,5,5,5,3,4,4,187,23,2,40,NA,"Scientists"
"127",128,"5/14/2014 3:37","5/14/2014 3:41",1,"Educated",NA,1,NA,1,6,6,7,6,7,7,7,6,6,6,7,6,7,6,6,6,6,5,187,67,2,43,NA,"Educated"
"128",129,"5/14/2014 3:39","5/14/2014 3:42",1,"Educated",NA,1,NA,1,4,4,4,4,4,4,4,4,4,4,4,4,4,4,4,4,4,4,187,39,2,38,NA,"Educated"
"129",130,"5/14/2014 3:40","5/14/2014 3:43",1,"Educated",NA,1,NA,1,4,7,4,7,7,7,7,4,7,7,7,7,7,4,4,4,4,4,187,47,2,41,NA,"Scientists"
"130",131,"5/14/2014 3:41","5/14/2014 3:45",1,"Educated",NA,1,NA,4,1,1,1,1,1,1,1,1,1,1,1,1,1,1,1,1,1,1,187,40,1,38,NA,"Educated"
"131",132,"5/14/2014 3:42","5/14/2014 3:46",1,"Educated",NA,1,NA,1,6,6,4,7,5,6,6,5,5,4,5,6,5,5,5,6,5,4,187,45,2,40,NA,"Scientists"
"132",133,"5/14/2014 3:41","5/14/2014 3:49",1,"Educated",NA,1,NA,2,5,6,4,7,6,7,4,4,6,4,5,6,6,4,4,4,6,4,187,29,2,43,NA,"Scientists"
"133",134,"5/14/2014 3:47","5/14/2014 3:52",1,"Educated",NA,1,NA,2,6,5,5,6,4,6,6,6,2,4,4,5,5,5,6,6,4,2,187,43,2,40,NA,"Scientists"
"134",135,"5/14/2014 3:49","5/14/2014 3:55",1,"Educated",NA,1,NA,1,5,5,4,5,7,6,5,5,6,1,1,4,5,4,4,5,6,4,187,65,1,38,NA,"Educated"
"135",136,"5/14/2014 3:51","5/14/2014 3:55",1,"Educated",NA,1,NA,2,5,2,1,3,5,4,4,6,5,5,2,3,6,3,4,2,4,3,187,48,1,40,NA,"Educated"
"136",137,"5/14/2014 3:57","5/14/2014 4:00",1,"Educated",NA,1,NA,1,1,2,2,2,2,2,2,2,1,4,1,5,2,2,2,1,2,2,187,59,2,43,NA,"Scientists"
"137",138,"5/14/2014 3:58","5/14/2014 4:03",1,"Educated",NA,1,NA,1,4,4,4,4,5,4,4,4,4,4,4,2,3,3,4,4,4,4,187,64,1,39,NA,"Educated"
"138",139,"5/14/2014 3:42","5/14/2014 4:06",1,"Educated",NA,1,NA,1,4,4,4,4,4,4,4,4,4,3,3,4,4,4,4,4,4,4,187,62,2,39,NA,"Educated"
"139",140,"5/14/2014 3:57","5/14/2014 4:12",1,"Educated",NA,1,NA,1,7,6,7,4,7,5,7,5,6,4,6,7,6,6,4,6,7,5,187,54,2,43,NA,"Scientists"
"140",141,"5/14/2014 4:09","5/14/2014 4:13",1,"Educated",NA,1,NA,1,4,5,6,6,6,7,6,4,6,5,1,5,2,4,4,4,2,4,187,49,1,38,NA,"Educated"
"141",142,"5/14/2014 4:07","5/14/2014 4:14",1,"Educated",NA,1,NA,4,2,5,5,5,5,5,2,4,2,3,4,3,5,2,2,2,2,4,187,48,1,40,NA,"Scientists"
"142",143,"5/14/2014 4:13","5/14/2014 4:15",1,"Educated",NA,1,NA,1,7,6,6,7,4,6,7,6,5,6,5,5,7,6,6,7,7,7,187,60,1,39,NA,"Scientists"
"143",144,"5/14/2014 4:01","5/14/2014 4:16",1,"Educated",NA,1,NA,2,5,6,5,5,3,6,5,5,5,3,2,2,3,2,2,2,3,2,187,37,2,43,NA,"Educated"
"144",145,"5/14/2014 4:15","5/14/2014 4:19",1,"Educated",NA,1,NA,2,2,2,2,3,2,5,2,2,2,2,5,2,2,2,3,2,2,2,187,51,2,44,NA,"Educated"
"145",146,"5/14/2014 4:14","5/14/2014 4:22",1,"Educated",NA,1,NA,1,6,5,7,4,7,6,4,6,6,5,6,5,5,7,4,7,5,6,187,54,2,43,NA,"Scientists"
"146",147,"5/14/2014 4:20","5/14/2014 4:23",1,"Educated",NA,1,NA,1,5,5,6,6,7,7,5,6,7,5,6,6,6,6,7,6,7,4,187,14,1,38,NA,"Educated"
"147",148,"5/14/2014 4:19","5/14/2014 4:23",1,"Educated",NA,1,NA,2,5,6,5,6,5,6,4,6,6,2,2,3,6,5,6,6,5,3,187,41,1,43,NA,"Educated"
"148",149,"5/14/2014 4:10","5/14/2014 4:23",1,"Educated",NA,1,NA,1,7,7,4,6,7,7,7,7,4,7,7,7,7,5,7,6,7,6,187,58,2,40,NA,"Scientists"
"149",150,"5/14/2014 4:22","5/14/2014 4:24",1,"Educated",NA,1,NA,1,6,6,2,6,6,5,3,5,6,6,6,5,5,2,4,6,6,2,187,67,2,42,NA,"Educated"
"150",151,"5/14/2014 4:18","5/14/2014 4:25",1,"Educated",NA,1,NA,1,2,3,1,7,6,5,1,3,3,3,2,6,5,3,3,3,3,1,187,64,2,40,NA,"Scientists"
"151",152,"5/14/2014 4:24","5/14/2014 4:27",1,"Educated",NA,1,NA,1,2,2,3,4,3,6,4,3,2,3,1,4,5,1,1,1,4,1,187,63,2,38,NA,"Educated"
"152",153,"5/14/2014 4:25","5/14/2014 4:28",1,"Educated",NA,1,NA,1,7,7,4,4,7,7,7,7,7,1,1,4,7,7,7,7,7,4,187,27,1,39,NA,"Scientists"
"153",154,"5/14/2014 4:22","5/14/2014 4:31",1,"Educated",NA,1,NA,1,7,6,5,6,6,5,7,7,7,7,4,6,5,6,6,6,4,5,187,57,2,43,NA,"Scientists"
"154",155,"5/14/2014 4:21","5/14/2014 4:31",1,"Educated",NA,1,NA,1,6,6,5,5,2,2,6,6,5,4,5,5,6,5,7,6,6,6,187,70,1,43,NA,"Educated"
"155",156,"5/14/2014 4:11","5/14/2014 4:32",1,"Educated",NA,1,NA,4,5,5,2,6,6,6,6,6,4,5,3,6,7,7,3,4,6,5,187,69,2,43,NA,"Educated"
"156",157,"5/14/2014 4:28","5/14/2014 4:32",1,"Educated",NA,1,NA,1,5,5,5,6,5,6,7,6,7,6,7,6,5,6,5,6,6,5,187,65,1,40,NA,"Scientists"
"157",158,"5/14/2014 4:30","5/14/2014 4:33",1,"Educated",NA,1,NA,4,5,5,5,5,5,5,5,6,7,5,4,4,6,4,4,5,4,4,187,60,1,39,NA,"Educated"
"158",159,"5/14/2014 4:37","5/14/2014 4:42",1,"Educated",NA,1,NA,1,6,5,5,5,5,5,5,5,6,5,5,5,5,5,5,5,5,6,187,56,2,42,NA,"Educated"
"159",160,"5/14/2014 4:37","5/14/2014 4:43",1,"Educated",NA,1,NA,1,6,6,7,7,5,6,5,5,7,7,7,4,7,6,5,6,7,7,187,54,2,43,NA,"Scientists"
"160",161,"5/14/2014 4:45","5/14/2014 4:49",1,"Educated",NA,1,NA,1,6,7,6,7,6,6,4,6,6,5,5,6,7,6,6,6,6,7,187,41,1,38,NA,"Scientists"
"161",162,"5/14/2014 4:49","5/14/2014 4:53",1,"Educated",NA,1,NA,1,6,6,6,6,6,6,2,6,6,6,5,3,6,6,6,6,6,6,187,31,1,43,NA,"Educated"
"162",163,"5/14/2014 4:50","5/14/2014 4:54",1,"Educated",NA,1,NA,1,5,4,4,5,5,4,4,4,4,5,4,4,4,4,4,3,4,4,187,57,2,44,NA,"Educated"
"163",164,"5/14/2014 4:50","5/14/2014 4:54",1,"Educated",NA,1,NA,2,6,6,4,5,6,6,6,5,5,5,5,6,5,5,4,6,4,6,187,41,2,43,NA,"Scientists"
"164",165,"5/14/2014 4:26","5/14/2014 5:02",1,"Educated",NA,1,NA,1,3,3,4,6,5,5,3,3,5,4,5,4,3,3,3,3,3,2,187,34,2,38,NA,"Scientists"
"165",166,"5/14/2014 5:00","5/14/2014 5:02",1,"Educated",NA,1,NA,2,4,6,5,5,4,5,4,4,6,6,5,6,5,6,6,6,5,5,187,57,1,43,NA,"Scientists"
"166",167,"5/14/2014 4:54","5/14/2014 5:04",1,"Educated",NA,1,NA,2,4,4,4,6,4,6,5,4,5,4,3,4,5,4,4,4,5,3,187,26,1,42,NA,"Scientists"
"167",168,"5/14/2014 3:27","5/14/2014 5:10",1,"Educated",NA,1,NA,2,7,6,4,7,6,6,6,7,7,5,5,6,4,1,1,4,4,1,187,56,1,38,NA,"Educated"
"168",169,"5/14/2014 5:06","5/14/2014 5:12",1,"Educated",NA,1,NA,2,4,4,4,4,4,4,4,4,4,4,4,4,4,4,4,4,4,4,187,63,2,42,NA,"Educated"
"169",170,"5/14/2014 5:08","5/14/2014 5:16",1,"Educated",NA,1,NA,1,3,4,3,6,5,3,4,4,3,4,3,4,4,3,3,3,4,3,187,22,1,41,NA,"Scientists"
"170",171,"5/14/2014 5:18","5/14/2014 5:22",1,"Educated",NA,1,NA,1,7,6,7,7,7,7,7,7,6,6,6,7,7,7,6,7,7,7,187,67,2,41,NA,"Educated"
"171",172,"5/14/2014 5:20","5/14/2014 5:23",1,"Educated",NA,1,NA,1,7,7,5,6,7,6,7,7,7,4,6,6,6,4,5,6,2,2,187,39,2,39,NA,"Scientists"
"172",173,"5/14/2014 5:20","5/14/2014 5:23",1,"Educated",NA,1,NA,1,5,6,3,4,5,6,5,5,1,3,4,4,5,4,3,4,4,3,187,59,2,44,NA,"Educated"
"173",174,"5/14/2014 5:26","5/14/2014 5:29",1,"Educated",NA,1,NA,2,6,6,3,7,7,7,6,7,7,7,7,7,7,4,4,5,4,2,187,19,1,44,NA,"Scientists"
"174",175,"5/14/2014 5:39","5/14/2014 5:44",1,"Educated",NA,1,NA,1,6,6,5,6,5,4,6,6,6,5,5,5,6,4,5,6,6,5,187,26,2,44,NA,"Scientists"
"175",176,"5/14/2014 5:41","5/14/2014 5:44",1,"Educated",NA,1,NA,1,5,4,3,2,6,4,5,5,6,1,2,3,5,3,4,4,5,1,187,28,1,42,NA,"Educated"
"176",177,"5/14/2014 5:42","5/14/2014 5:45",1,"Educated",NA,1,NA,1,4,4,4,7,4,5,4,4,4,5,1,6,7,4,4,4,4,4,187,38,2,44,NA,"Scientists"
"177",178,"5/14/2014 5:42","5/14/2014 5:46",1,"Educated",NA,1,NA,1,5,6,2,6,7,7,5,6,5,2,2,6,6,2,5,6,6,2,187,41,1,38,NA,"Educated"
"178",179,"5/14/2014 5:38","5/14/2014 5:48",1,"Educated",NA,1,NA,2,4,4,4,4,4,4,4,4,4,4,4,4,4,4,4,4,4,4,187,40,1,38,NA,"Educated"
"179",180,"5/14/2014 5:46","5/14/2014 5:48",1,"Educated",NA,1,NA,2,6,5,4,5,5,5,5,6,5,6,4,6,6,5,2,4,5,2,187,41,2,38,NA,"Educated"
"180",181,"5/14/2014 5:38","5/14/2014 5:49",1,"Educated",NA,1,NA,1,4,3,2,4,4,4,4,3,4,2,2,5,4,2,2,2,2,4,187,36,2,42,NA,"Educated"
"181",182,"5/14/2014 5:42","5/14/2014 5:53",1,"Educated",NA,1,NA,1,7,7,7,7,5,7,7,7,7,7,7,7,7,4,6,7,7,7,187,32,2,41,NA,"Scientists"
"182",183,"5/14/2014 4:58","5/14/2014 5:53",1,"Educated",NA,1,NA,1,5,5,3,5,5,5,5,5,5,5,5,4,5,5,5,5,5,5,187,46,2,42,NA,"Educated"
"183",184,"5/14/2014 5:53","5/14/2014 5:57",1,"Educated",NA,1,NA,1,6,5,5,6,6,7,7,6,7,6,6,6,6,6,6,5,5,5,187,48,2,38,NA,"Scientists"
"184",185,"5/14/2014 5:53","5/14/2014 5:58",1,"Educated",NA,1,NA,2,7,7,7,6,6,6,7,7,6,6,5,6,7,7,7,7,7,4,187,11,1,44,NA,"Scientists"
"185",186,"5/14/2014 5:56","5/14/2014 6:00",1,"Educated",NA,1,NA,1,5,2,2,6,6,6,4,2,1,6,4,5,6,7,7,5,5,6,187,44,1,44,NA,"Educated"
"186",187,"5/14/2014 6:03","5/14/2014 6:05",1,"Educated",NA,1,NA,1,5,7,7,7,7,7,6,7,7,4,4,6,7,7,7,7,7,7,187,31,1,44,NA,"Scientists"
"187",188,"5/14/2014 6:05","5/14/2014 6:08",1,"Educated",NA,1,NA,2,6,4,4,4,5,5,5,4,4,4,4,5,5,4,4,3,5,5,187,36,1,41,NA,"Educated"
"188",189,"5/14/2014 6:07","5/14/2014 6:10",1,"Educated",NA,1,NA,4,5,6,5,5,5,5,5,6,5,3,3,2,4,5,4,2,5,4,187,34,1,39,NA,"Educated"
"189",190,"5/14/2014 6:12","5/14/2014 6:14",1,"Educated",NA,1,NA,2,6,4,3,6,6,6,5,3,3,5,4,6,4,4,3,4,4,4,187,56,2,43,NA,"Scientists"
"190",191,"5/14/2014 6:13","5/14/2014 6:16",1,"Educated",NA,1,NA,4,6,5,5,4,6,6,5,5,6,2,4,4,6,4,6,4,2,5,187,35,1,41,NA,"Educated"
"191",192,"5/14/2014 6:15","5/14/2014 6:19",1,"Educated",NA,1,NA,4,5,6,4,5,5,5,4,6,5,5,5,5,5,5,5,5,6,5,128,63,2,42,NA,"Scientists"
"192",193,"5/14/2014 6:18","5/14/2014 6:20",1,"Educated",NA,1,NA,1,6,6,4,6,5,7,6,5,5,6,5,6,6,7,7,6,4,4,187,54,2,38,NA,"Scientists"
"193",194,"5/14/2014 6:24","5/14/2014 6:25",1,"Educated",NA,1,NA,1,6,7,6,6,6,7,6,7,7,6,7,6,7,6,7,7,6,7,187,42,2,44,NA,"Educated"
"194",195,"5/14/2014 6:20","5/14/2014 6:25",1,"Educated",NA,1,NA,4,7,7,4,7,6,7,7,7,6,6,7,6,7,7,7,6,7,7,187,72,2,42,NA,"Educated"
"195",196,"5/14/2014 6:26","5/14/2014 6:28",1,"Educated",NA,1,NA,1,7,7,6,7,7,7,6,7,7,5,5,6,7,7,7,7,7,7,187,48,1,44,NA,"Scientists"
"196",197,"5/14/2014 6:48","5/14/2014 6:52",1,"Educated",NA,1,NA,1,5,6,2,2,2,2,3,2,2,2,2,2,2,2,2,2,2,2,187,65,1,42,NA,"Scientists"
"197",198,"5/14/2014 6:55","5/14/2014 6:58",1,"Educated",NA,1,NA,1,5,5,5,5,5,5,3,4,5,4,5,3,4,3,3,4,5,3,187,37,1,41,NA,"Educated"
"198",199,"5/14/2014 6:56","5/14/2014 6:59",1,"Educated",NA,1,NA,1,5,6,4,7,1,5,4,1,7,5,5,7,6,6,7,4,5,7,187,55,1,44,NA,"Scientists"
"199",200,"5/14/2014 6:55","5/14/2014 7:00",1,"Educated",NA,1,NA,1,5,3,2,6,6,5,3,5,5,5,6,5,5,5,5,5,5,3,187,63,1,42,NA,"Scientists"
"200",201,"5/14/2014 6:51","5/14/2014 7:01",1,"Educated",NA,1,NA,1,3,2,1,2,5,5,4,1,5,6,2,1,2,2,1,1,1,1,187,51,2,44,NA,"Educated"
"201",202,"5/14/2014 7:01","5/14/2014 7:04",1,"Educated",NA,1,NA,2,4,5,4,4,4,4,5,4,4,4,4,4,4,4,5,4,4,3,187,37,1,39,NA,"Educated"
"202",203,"5/14/2014 7:09","5/14/2014 7:11",1,"Educated",NA,1,NA,1,3,4,3,6,5,6,4,5,5,5,6,6,4,2,2,3,5,1,187,53,2,43,NA,"Educated"
"203",204,"5/14/2014 7:05","5/14/2014 7:14",1,"Educated",NA,1,NA,1,5,6,4,5,4,4,4,6,5,3,5,4,5,4,6,4,4,4,187,57,1,43,NA,"Educated"
"204",205,"5/14/2014 7:13","5/14/2014 7:16",1,"Educated",NA,1,NA,2,7,6,6,7,6,7,6,6,6,4,6,6,6,6,6,6,6,4,187,33,1,38,NA,"Scientists"
"205",206,"5/14/2014 7:05","5/14/2014 7:22",1,"Educated",NA,1,NA,1,5,4,3,5,5,4,5,5,5,5,6,6,4,4,4,3,3,4,187,52,1,44,NA,"Scientists"
"206",207,"5/14/2014 7:37","5/14/2014 7:44",1,"Educated",NA,1,NA,2,4,4,3,4,5,5,4,4,4,5,3,5,4,4,4,4,4,4,187,53,1,43,NA,"Educated"
"207",208,"5/14/2014 7:47","5/14/2014 7:52",1,"Educated",NA,1,NA,1,4,5,4,5,5,6,5,6,4,4,3,4,6,4,4,4,4,4,187,56,2,44,NA,"Educated"
"208",209,"5/14/2014 7:47","5/14/2014 7:52",1,"Educated",NA,1,NA,1,6,6,3,4,5,6,6,6,6,2,5,3,6,6,7,5,4,4,187,19,1,38,NA,"Scientists"
"209",210,"5/14/2014 8:01","5/14/2014 8:04",1,"Educated",NA,1,NA,2,5,5,4,7,5,6,5,4,4,5,5,5,6,4,4,4,6,5,187,66,2,44,NA,"Scientists"
"210",211,"5/14/2014 8:03","5/14/2014 8:11",1,"Educated",NA,1,NA,2,4,4,4,4,4,4,4,4,4,2,1,4,4,4,4,4,4,4,187,64,1,38,NA,"Educated"
"211",212,"5/14/2014 8:25","5/14/2014 8:35",1,"Educated",NA,1,NA,1,5,5,4,5,6,6,4,4,5,5,4,5,5,4,4,4,4,4,187,62,1,42,NA,"Educated"
"212",213,"5/14/2014 7:50","5/14/2014 8:42",1,"Educated",NA,1,NA,1,5,7,2,7,7,7,6,6,6,4,5,4,7,5,7,7,5,4,187,47,1,39,NA,"Scientists"
"213",214,"5/14/2014 8:38","5/14/2014 8:44",1,"Educated",NA,1,NA,1,3,3,2,6,6,6,4,4,4,2,3,5,6,5,5,4,4,3,187,65,1,38,NA,"Scientists"
"214",215,"5/14/2014 8:45","5/14/2014 8:46",1,"Educated",NA,1,NA,1,6,7,6,6,6,7,7,6,6,6,6,7,6,6,7,7,6,6,187,55,2,43,NA,"Scientists"
"215",216,"5/14/2014 8:52","5/14/2014 8:55",1,"Educated",NA,1,NA,2,6,6,1,5,6,7,6,6,6,6,4,4,6,7,6,6,6,4,187,66,2,43,NA,"Scientists"
"216",217,"5/14/2014 8:48","5/14/2014 8:57",1,"Educated",NA,1,NA,1,6,6,5,6,6,6,6,6,6,6,5,6,6,5,6,5,5,5,187,61,1,42,NA,"Educated"
"217",218,"5/14/2014 9:10","5/14/2014 9:13",1,"Educated",NA,1,NA,1,6,6,4,7,7,7,7,6,7,6,5,6,6,6,5,6,5,4,187,70,1,42,NA,"Scientists"
"218",219,"5/14/2014 9:32","5/14/2014 9:36",1,"Educated",NA,1,NA,2,5,6,4,6,6,6,6,6,5,5,3,4,4,4,3,4,4,2,187,38,1,43,NA,"Educated"
"219",220,"5/14/2014 9:36","5/14/2014 9:38",1,"Educated",NA,1,NA,2,6,5,6,6,5,6,5,4,6,4,5,6,5,5,4,6,5,7,187,50,2,42,NA,"Educated"
"220",221,"5/14/2014 9:44","5/14/2014 9:46",1,"Educated",NA,1,NA,1,4,4,4,4,4,5,4,4,4,5,4,4,4,4,4,4,4,4,187,53,1,40,NA,"Scientists"
"221",222,"5/14/2014 9:43","5/14/2014 9:48",1,"Educated",NA,1,NA,1,5,5,5,6,5,5,5,6,5,5,6,6,5,4,4,4,5,4,187,42,2,43,NA,"Scientists"
"222",223,"5/14/2014 9:46","5/14/2014 9:52",1,"Educated",NA,1,NA,1,5,3,2,5,6,5,4,5,4,4,3,4,4,2,4,4,3,2,187,51,1,43,NA,"Educated"
"223",224,"5/14/2014 10:04","5/14/2014 10:06",1,"Educated",NA,1,NA,1,5,4,6,4,6,5,5,6,4,5,4,5,3,5,5,5,5,5,187,56,1,41,NA,"Educated"
"224",225,"5/14/2014 10:12","5/14/2014 10:14",1,"Educated",NA,1,NA,2,6,6,6,6,6,6,6,6,6,6,6,6,6,6,6,6,4,6,187,58,1,43,NA,"Scientists"
"225",226,"5/14/2014 10:21","5/14/2014 10:25",1,"Educated",NA,1,NA,1,3,5,3,3,5,5,5,5,5,5,5,3,3,3,3,3,3,3,187,33,1,40,NA,"Educated"
"226",227,"5/14/2014 10:41","5/14/2014 10:43",1,"Educated",NA,1,NA,1,6,6,6,6,6,7,6,7,5,6,6,6,6,6,6,7,6,7,187,64,1,43,NA,"Educated"
"227",228,"5/14/2014 10:49","5/14/2014 10:52",1,"Educated",NA,1,NA,4,6,7,4,6,6,6,6,7,7,4,5,4,6,7,6,7,6,4,187,47,1,38,NA,"Scientists"
"228",229,"5/14/2014 10:52","5/14/2014 10:54",1,"Educated",NA,1,NA,1,6,6,6,5,5,6,3,5,6,4,3,5,5,5,5,5,5,5,187,65,2,41,NA,"Scientists"
"229",230,"5/14/2014 11:08","5/14/2014 11:09",1,"Educated",NA,1,NA,1,6,5,6,6,6,6,6,5,6,6,5,6,6,6,6,5,6,6,187,63,1,43,NA,"Educated"
"230",231,"5/14/2014 11:10","5/14/2014 11:12",1,"Educated",NA,1,NA,1,4,5,4,3,3,3,5,3,4,4,5,2,4,3,6,4,4,3,187,49,1,43,NA,"Scientists"
"231",232,"5/14/2014 11:15","5/14/2014 11:19",1,"Educated",NA,1,NA,1,5,6,3,6,4,6,5,6,6,2,3,5,6,4,4,6,6,6,187,69,1,38,NA,"Educated"
"232",233,"5/14/2014 11:20","5/14/2014 11:21",1,"Educated",NA,1,NA,1,5,6,6,6,6,5,5,6,6,6,5,6,7,6,5,6,6,7,187,50,1,43,NA,"Scientists"
"233",234,"5/14/2014 11:25","5/14/2014 11:26",1,"Educated",NA,1,NA,1,7,5,6,6,7,5,6,6,6,6,6,6,5,6,6,6,6,5,187,66,1,43,NA,"Educated"
"234",235,"5/14/2014 11:23","5/14/2014 11:27",1,"Educated",NA,1,NA,1,5,6,4,6,7,7,6,5,6,5,7,6,7,7,7,3,6,6,187,39,1,38,NA,"Educated"
"235",236,"5/14/2014 11:24","5/14/2014 11:28",1,"Educated",NA,1,NA,1,6,6,4,6,6,6,6,6,6,4,4,4,6,6,6,6,4,4,187,37,2,39,NA,"Scientists"
"236",237,"5/14/2014 11:30","5/14/2014 11:34",1,"Educated",NA,1,NA,2,5,5,4,5,5,6,3,6,6,5,5,5,6,5,5,6,2,3,187,23,1,42,NA,"Educated"
"237",238,"5/14/2014 11:38","5/14/2014 11:41",1,"Educated",NA,1,NA,1,6,6,6,7,6,7,7,6,6,6,7,6,7,6,7,7,6,6,187,49,1,43,NA,"Scientists"
"238",239,"5/14/2014 12:11","5/14/2014 12:14",1,"Educated",NA,1,NA,1,4,5,2,6,4,6,6,5,5,6,3,3,6,6,3,2,6,3,187,54,2,43,NA,"Educated"
"239",240,"5/14/2014 12:22","5/14/2014 12:24",1,"Educated",NA,1,NA,2,4,5,2,4,5,6,4,5,6,3,5,3,4,4,4,3,4,5,187,48,2,42,NA,"Educated"
"240",241,"5/14/2014 12:24","5/14/2014 12:27",1,"Educated",NA,1,NA,1,4,4,4,4,4,4,4,4,4,3,3,3,4,4,4,4,4,4,187,41,2,40,NA,"Scientists"
"241",242,"5/14/2014 12:16","5/14/2014 12:31",1,"Educated",NA,1,NA,2,7,7,7,7,7,7,7,5,5,6,7,7,7,7,7,6,7,5,187,37,2,44,NA,"Scientists"
"242",243,"5/14/2014 12:36","5/14/2014 12:38",1,"Educated",NA,1,NA,2,7,7,7,7,7,6,7,7,6,6,7,6,6,7,7,7,7,6,187,60,1,44,NA,"Scientists"
"243",244,"5/14/2014 12:34","5/14/2014 12:39",1,"Educated",NA,1,NA,2,5,3,3,4,5,4,5,5,6,3,5,4,5,3,3,3,5,2,187,28,1,38,NA,"Educated"
"244",245,"5/14/2014 12:50","5/14/2014 12:52",1,"Educated",NA,1,NA,4,6,6,5,6,6,6,5,5,6,5,4,4,6,4,5,4,5,4,187,22,1,38,NA,"Scientists"
"245",246,"5/14/2014 12:50","5/14/2014 12:53",1,"Educated",NA,1,NA,1,6,6,2,6,3,5,3,6,3,5,1,3,6,1,2,2,2,2,187,58,2,43,NA,"Educated"
"246",247,"5/14/2014 12:52","5/14/2014 12:56",1,"Educated",NA,1,NA,1,4,4,5,6,4,6,4,4,6,5,7,6,5,4,6,6,4,3,187,56,2,44,NA,"Educated"
"247",248,"5/14/2014 12:55","5/14/2014 13:00",1,"Educated",NA,1,NA,1,5,5,2,4,6,5,2,5,5,2,1,2,5,5,3,5,3,6,187,36,1,43,NA,"Scientists"
"248",249,"5/14/2014 13:12","5/14/2014 13:15",1,"Educated",NA,1,NA,2,4,4,3,4,3,4,4,3,3,4,5,3,4,4,4,3,3,3,187,41,1,42,NA,"Educated"
"249",250,"5/14/2014 13:16","5/14/2014 13:17",1,"Educated",NA,1,NA,1,6,7,6,6,5,6,7,6,6,6,7,7,7,6,7,6,6,5,187,49,1,43,NA,"Scientists"
"250",251,"5/14/2014 13:20","5/14/2014 13:26",1,"Educated",NA,1,NA,1,5,5,2,4,4,6,4,5,5,3,2,3,6,2,2,3,4,1,187,40,1,39,NA,"Educated"
"251",252,"5/14/2014 13:33","5/14/2014 13:35",1,"Educated",NA,1,NA,1,5,5,5,5,6,5,4,5,5,6,6,6,6,5,6,4,5,5,187,57,1,42,NA,"Scientists"
"252",253,"5/14/2014 13:34","5/14/2014 13:36",1,"Educated",NA,1,NA,1,7,7,4,7,7,7,7,7,2,2,2,3,7,7,2,7,4,7,187,55,2,43,NA,"Scientists"
"253",254,"5/14/2014 13:54","5/14/2014 13:56",1,"Educated",NA,1,NA,2,3,5,3,5,4,5,5,6,5,3,5,5,5,4,4,4,3,3,187,44,2,42,NA,"Scientists"
"254",255,"5/14/2014 13:55","5/14/2014 13:58",1,"Educated",NA,1,NA,1,3,4,4,4,4,4,4,4,4,4,3,4,4,4,4,4,4,3,187,31,1,38,NA,"Educated"
"255",256,"5/14/2014 13:59","5/14/2014 14:03",1,"Educated",NA,1,NA,1,4,4,2,6,5,6,2,5,4,1,5,2,6,5,5,4,3,2,187,63,2,43,NA,"Scientists"
"256",257,"5/14/2014 14:02","5/14/2014 14:04",1,"Educated",NA,1,NA,1,4,4,3,3,4,3,4,5,4,3,3,3,4,3,3,5,4,3,187,42,2,41,NA,"Educated"
"257",258,"5/14/2014 14:04","5/14/2014 14:06",1,"Educated",NA,1,NA,1,5,5,5,3,5,5,5,4,4,5,5,4,5,3,5,5,4,5,187,71,1,42,NA,"Educated"
"258",259,"5/14/2014 14:12","5/14/2014 14:13",1,"Educated",NA,1,NA,1,4,4,4,4,4,4,4,4,4,4,4,4,4,4,4,4,4,4,187,62,1,39,NA,"Educated"
"259",260,"5/14/2014 14:12","5/14/2014 14:13",1,"Educated",NA,1,NA,1,6,6,5,6,6,6,7,7,7,7,6,5,7,7,6,6,6,6,187,50,1,43,NA,"Scientists"
"260",261,"5/14/2014 14:14","5/14/2014 14:17",1,"Educated",NA,1,NA,1,4,5,4,5,4,5,6,4,5,3,4,4,7,6,4,5,4,2,187,31,2,39,NA,"Educated"
"261",262,"5/14/2014 14:04","5/14/2014 14:17",1,"Educated",NA,1,NA,1,2,5,4,5,5,4,4,5,4,3,2,5,6,6,5,2,4,4,187,36,1,42,NA,"Scientists"
"262",263,"5/14/2014 14:16","5/14/2014 14:18",1,"Educated",NA,1,NA,1,6,6,6,6,7,6,6,7,7,7,6,7,6,7,6,6,6,6,187,60,1,43,NA,"Scientists"
"263",264,"5/14/2014 14:16","5/14/2014 14:18",1,"Educated",NA,1,NA,1,5,6,6,6,6,5,5,5,6,7,5,7,6,7,6,6,6,6,187,55,2,42,NA,"Scientists"
"264",265,"5/14/2014 14:19","5/14/2014 14:21",1,"Educated",NA,1,NA,1,6,5,5,5,6,5,5,6,5,4,5,5,5,5,6,6,5,4,187,63,1,43,NA,"Educated"
"265",266,"5/14/2014 14:32","5/14/2014 14:33",1,"Educated",NA,1,NA,1,6,7,6,6,6,6,6,6,6,6,5,6,7,6,6,7,6,6,187,49,1,43,NA,"Educated"
"266",267,"5/14/2014 14:37","5/14/2014 14:38",1,"Educated",NA,1,NA,1,6,6,6,5,6,6,6,6,6,6,6,5,6,7,6,6,6,5,187,49,1,43,NA,"Scientists"
"267",268,"5/14/2014 14:41","5/14/2014 14:42",1,"Educated",NA,1,NA,1,7,6,6,6,6,6,6,7,7,7,6,7,6,6,6,7,6,7,187,51,1,43,NA,"Scientists"
"268",269,"5/14/2014 14:45","5/14/2014 14:47",1,"Educated",NA,1,NA,2,5,5,5,5,5,5,5,5,5,5,5,5,5,5,5,5,5,5,187,56,1,39,NA,"Educated"
"269",270,"5/14/2014 14:46","5/14/2014 14:53",1,"Educated",NA,1,NA,4,3,3,3,5,3,5,1,3,3,2,1,2,5,3,2,5,2,1,187,22,1,44,NA,"Scientists"
"270",271,"5/14/2014 14:55","5/14/2014 14:59",1,"Educated",NA,1,NA,2,5,5,4,7,6,6,5,6,6,5,5,5,4,4,3,4,5,4,187,41,1,38,NA,"Educated"
"271",272,"5/14/2014 14:47","5/14/2014 14:59",1,"Educated",NA,1,NA,1,5,6,6,4,4,5,5,5,5,4,5,4,5,4,5,5,5,5,187,49,2,38,NA,"Educated"
"272",273,"5/14/2014 14:57","5/14/2014 14:59",1,"Educated",NA,1,NA,1,5,4,4,6,7,6,7,6,6,7,7,6,6,7,7,6,7,6,187,28,1,44,NA,"Educated"
"273",274,"5/14/2014 14:56","5/14/2014 15:00",1,"Educated",NA,1,NA,1,6,6,3,6,5,6,6,6,6,6,6,5,6,4,5,3,5,2,187,32,2,38,NA,"Scientists"
"274",275,"5/14/2014 14:57","5/14/2014 15:00",1,"Educated",NA,1,NA,2,6,6,6,7,7,7,6,4,6,5,5,6,6,4,6,4,4,6,187,43,2,38,NA,"Scientists"
"275",276,"5/14/2014 15:00","5/14/2014 15:05",1,"Educated",NA,1,NA,1,4,5,4,5,4,4,4,4,5,4,5,4,5,4,5,4,5,3,187,20,1,43,NA,"Scientists"
"276",277,"5/14/2014 15:02","5/14/2014 15:08",1,"Educated",NA,1,NA,2,7,7,5,6,7,7,7,7,7,2,4,4,7,7,7,7,6,5,187,34,1,42,NA,"Educated"
"277",278,"5/14/2014 15:05","5/14/2014 15:08",1,"Educated",NA,1,NA,1,7,7,2,7,5,7,6,7,6,3,5,3,7,7,7,7,3,4,187,32,1,43,NA,"Scientists"
"278",279,"5/14/2014 15:07","5/14/2014 15:10",1,"Educated",NA,1,NA,1,4,4,3,2,4,4,4,4,4,2,1,1,4,4,4,4,4,3,187,35,1,43,NA,"Educated"
"279",280,"5/14/2014 15:16","5/14/2014 15:18",1,"Educated",NA,1,NA,1,4,6,4,6,6,6,4,6,4,4,6,6,6,4,4,4,5,4,187,62,2,44,NA,"Educated"
"280",281,"5/14/2014 15:17","5/14/2014 15:19",1,"Educated",NA,1,NA,1,4,4,1,7,6,5,5,4,5,4,5,6,5,4,4,4,5,1,187,42,2,42,NA,"Scientists"
"281",282,"5/14/2014 15:14","5/14/2014 15:20",1,"Educated",NA,1,NA,1,6,6,4,6,6,6,5,6,6,3,5,6,6,6,6,5,6,4,187,38,2,43,NA,"Scientists"
"282",283,"5/14/2014 15:20","5/14/2014 15:23",1,"Educated",NA,1,NA,1,4,3,3,5,5,5,6,4,5,5,2,4,5,4,4,3,4,3,187,32,1,42,NA,"Educated"
"283",284,"5/14/2014 15:25","5/14/2014 15:27",1,"Educated",NA,1,NA,1,4,4,4,4,4,4,4,4,4,4,4,4,4,4,4,4,4,4,187,57,2,42,NA,"Educated"
"284",285,"5/14/2014 15:25","5/14/2014 15:28",1,"Educated",NA,1,NA,2,2,3,6,5,5,5,3,3,3,2,2,4,5,2,3,2,3,2,187,65,2,43,NA,"Scientists"
"285",286,"5/14/2014 15:36","5/14/2014 15:38",1,"Educated",NA,1,NA,2,7,7,2,7,7,7,7,7,7,7,7,7,7,7,7,7,7,7,187,56,2,44,NA,"Educated"
"286",287,"5/14/2014 15:37","5/14/2014 15:41",1,"Educated",NA,1,NA,1,5,1,5,6,7,7,7,3,2,5,3,2,5,4,4,3,4,1,187,31,1,44,NA,"Educated"
"287",288,"5/14/2014 15:39","5/14/2014 15:41",1,"Educated",NA,1,NA,1,4,4,4,4,4,4,4,4,4,4,4,4,4,4,4,4,4,4,187,27,1,44,NA,"Scientists"
"288",289,"5/14/2014 15:32","5/14/2014 15:42",1,"Educated",NA,1,NA,1,5,5,5,5,3,6,4,5,4,3,6,5,5,4,4,5,5,4,187,60,2,42,NA,"Scientists"
"289",290,"5/14/2014 15:40","5/14/2014 15:43",1,"Educated",NA,1,NA,1,5,4,5,6,5,6,4,5,5,4,4,4,6,4,4,5,4,4,187,36,1,41,NA,"Scientists"
"290",291,"5/14/2014 15:42","5/14/2014 15:45",1,"Educated",NA,1,NA,1,4,4,3,5,4,5,4,5,4,4,4,4,4,4,4,4,4,4,187,45,2,42,NA,"Educated"
"291",292,"5/14/2014 15:42","5/14/2014 15:45",1,"Educated",NA,1,NA,1,5,5,4,4,5,5,5,5,5,3,3,5,3,3,3,3,3,2,187,55,1,38,NA,"Educated"
"292",293,"5/14/2014 15:43","5/14/2014 15:46",1,"Educated",NA,1,NA,1,4,5,6,5,6,4,6,5,6,4,5,5,5,5,5,5,6,5,187,66,1,42,NA,"Scientists"
"293",294,"5/14/2014 15:51","5/14/2014 15:58",1,"Educated",NA,1,NA,2,5,5,3,6,5,6,6,5,5,6,6,5,6,3,3,3,5,3,187,31,2,38,NA,"Educated"
"294",295,"5/14/2014 15:57","5/14/2014 15:59",1,"Educated",NA,1,NA,1,5,5,4,5,6,5,4,5,5,4,4,4,6,4,4,5,4,4,187,35,2,41,NA,"Scientists"
"295",296,"5/14/2014 16:03","5/14/2014 16:05",1,"Educated",NA,1,NA,1,3,3,3,5,5,5,5,4,5,4,4,4,4,4,3,4,4,4,187,63,2,44,NA,"Scientists"
"296",297,"5/14/2014 15:59","5/14/2014 16:06",1,"Educated",NA,1,NA,1,3,3,3,3,3,3,3,3,3,3,3,3,3,3,3,3,3,3,187,45,2,44,NA,"Educated"
"297",298,"5/14/2014 16:09","5/14/2014 16:12",1,"Educated",NA,1,NA,1,6,6,3,6,6,5,5,6,6,2,3,4,6,5,6,6,3,4,187,36,1,38,NA,"Educated"
"298",299,"5/14/2014 16:04","5/14/2014 16:14",1,"Educated",NA,1,NA,1,7,7,7,7,5,7,6,7,7,2,2,5,7,2,4,6,6,6,187,42,1,42,NA,"Scientists"
"299",300,"5/14/2014 16:15","5/14/2014 16:18",1,"Educated",NA,1,NA,1,4,3,2,6,5,6,2,3,2,2,5,3,4,3,4,3,2,2,187,36,1,39,NA,"Educated"
"300",301,"5/14/2014 16:21","5/14/2014 16:24",1,"Educated",NA,1,NA,1,6,6,3,4,5,6,6,5,6,5,5,4,6,6,6,6,6,4,187,38,2,44,NA,"Educated"
"301",302,"5/14/2014 16:18","5/14/2014 16:24",1,"Educated",NA,1,NA,1,6,7,5,7,5,7,4,4,6,7,5,7,7,1,1,5,4,4,187,43,1,44,NA,"Scientists"
"302",303,"5/14/2014 16:21","5/14/2014 16:25",1,"Educated",NA,1,NA,1,5,2,7,5,3,2,2,2,3,5,5,6,3,4,4,4,2,1,187,39,2,44,NA,"Scientists"
"303",304,"5/14/2014 22:31","5/14/2014 22:34",1,"Educated",NA,1,NA,2,6,4,4,4,6,6,5,4,6,4,2,3,4,4,4,4,4,2,187,35,2,42,NA,"Educated"
"304",305,"5/14/2014 22:36","5/14/2014 22:40",1,"Educated",NA,1,NA,1,5,6,7,6,7,7,5,6,6,7,5,5,7,7,7,7,7,6,187,32,1,42,NA,"Educated"
"305",306,"5/14/2014 22:42","5/14/2014 22:44",1,"Educated",NA,1,NA,1,4,4,4,4,4,4,4,4,4,4,4,4,4,4,4,NA,4,4,187,64,1,44,NA,"Scientists"
"306",307,"5/14/2014 22:42","5/14/2014 22:46",1,"Educated",NA,1,NA,1,5,5,3,5,5,5,5,2,5,4,3,3,7,5,6,3,5,3,187,61,2,43,NA,"Scientists"
"307",308,"5/14/2014 22:42","5/14/2014 22:47",1,"Educated",NA,1,NA,1,5,5,5,5,6,6,5,6,4,4,5,4,6,7,7,5,5,6,187,24,1,44,NA,"Educated"
"308",309,"5/14/2014 22:48","5/14/2014 22:52",1,"Educated",NA,1,NA,2,1,4,2,5,5,6,5,2,5,1,1,4,2,2,2,2,4,1,187,28,2,42,NA,"Educated"
"309",310,"5/14/2014 22:46","5/14/2014 22:52",1,"Educated",NA,1,NA,1,5,6,6,6,5,7,7,7,6,5,6,6,7,7,7,6,7,5,187,34,1,43,NA,"Scientists"
"310",311,"5/14/2014 22:52","5/14/2014 22:53",1,"Educated",NA,1,NA,2,5,5,5,5,5,5,5,5,5,5,5,5,5,5,4,5,5,5,187,56,2,43,NA,"Educated"
"311",312,"5/14/2014 22:48","5/14/2014 22:53",1,"Educated",NA,1,NA,2,7,7,7,7,6,7,6,6,5,4,6,6,7,7,7,6,7,4,187,19,2,43,NA,"Scientists"
"312",313,"5/14/2014 22:56","5/14/2014 22:58",1,"Educated",NA,1,NA,1,4,4,4,4,4,4,3,5,5,4,4,3,4,4,4,4,6,4,187,49,1,41,NA,"Educated"
"313",314,"5/14/2014 22:59","5/14/2014 23:03",1,"Educated",NA,1,NA,1,6,6,3,6,5,6,5,6,4,4,3,4,6,5,4,2,5,2,187,34,2,39,NA,"Scientists"
"314",315,"5/14/2014 22:58","5/14/2014 23:03",1,"Educated",NA,1,NA,1,5,5,6,6,5,6,4,5,5,5,7,6,5,1,1,1,5,1,187,66,2,42,NA,"Scientists"
"315",316,"5/14/2014 23:06","5/14/2014 23:12",1,"Educated",NA,1,NA,2,4,3,3,4,4,5,5,5,4,2,3,3,5,5,5,4,4,3,187,38,2,43,NA,"Educated"
"316",317,"5/14/2014 23:08","5/14/2014 23:12",1,"Educated",NA,1,NA,1,2,3,4,6,5,5,4,2,2,5,6,6,4,5,5,4,5,4,187,28,1,43,NA,"Scientists"
"317",318,"5/14/2014 22:59","5/14/2014 23:40",1,"Educated",NA,1,NA,1,3,4,4,5,5,5,3,4,2,5,5,4,4,2,2,4,2,3,187,57,2,38,NA,"Educated"
"318",75,"5/14/2014 13:30","5/14/2014 13:36",1,"Scientists",NA,1,NA,1,4,5,3,5,5,5,5,4,4,5,3,1,4,5,4,4,5,4,187,48,1,39,NA,"Educated"
"319",78,"5/14/2014 13:47","5/14/2014 13:51",1,"Scientists",NA,1,NA,1,6,5,6,6,6,6,6,6,5,6,6,6,6,2,6,2,3,2,187,40,1,38,NA,"Scientists"
"320",79,"5/14/2014 13:51","5/14/2014 13:55",1,"Scientists",NA,1,NA,1,3,2,2,2,5,3,2,2,2,5,5,7,4,6,6,3,2,3,187,51,1,39,NA,"Educated"
"321",86,"5/14/2014 14:35","5/14/2014 14:38",1,"Scientists",NA,1,NA,NA,5,5,4,4,5,5,5,5,5,5,5,3,4,4,5,4,5,3,187,69,1,42,NA,"Educated"
"322",87,"5/14/2014 14:36","5/14/2014 14:40",1,"Scientists",NA,1,NA,1,5,5,4,5,5,5,5,5,5,4,5,5,5,4,5,5,4,1,187,55,1,38,NA,"Educated"
"323",88,"5/14/2014 15:00","5/14/2014 15:02",1,"Scientists",NA,1,NA,1,5,4,3,6,5,5,5,3,5,4,4,6,6,5,5,5,5,3,187,41,1,39,NA,"Scientists"
"324",92,"5/14/2014 15:32","5/14/2014 15:36",1,"Scientists",NA,1,NA,1,2,1,2,3,3,4,4,2,1,2,3,3,4,3,4,1,1,1,187,43,1,39,NA,"Scientists"
"325",93,"5/14/2014 15:46","5/14/2014 15:48",1,"Scientists",NA,1,NA,1,2,2,2,5,5,4,3,3,3,4,2,4,2,2,2,3,1,1,187,49,1,39,NA,"Educated"
"326",96,"5/14/2014 15:53","5/14/2014 15:55",1,"Scientists",NA,1,NA,1,3,2,2,2,4,2,1,2,3,1,1,2,4,1,3,1,3,2,187,44,2,39,NA,"Educated"
"327",97,"5/14/2014 15:59","5/14/2014 16:02",1,"Scientists",NA,1,NA,1,6,6,6,6,7,5,5,6,7,3,4,5,7,7,7,7,6,4,187,49,1,43,NA,"Scientists"
"328",103,"5/14/2014 16:22","5/14/2014 16:34",1,"Scientists",NA,1,NA,1,7,6,2,6,7,3,6,7,6,3,6,5,6,6,6,7,3,2,187,31,1,39,NA,"Scientists"
"329",104,"5/14/2014 16:41","5/14/2014 16:49",1,"Scientists",NA,1,NA,1,5,3,3,6,2,6,3,6,6,3,5,4,6,3,3,3,3,1,187,44,1,42,NA,"Educated"
"330",106,"5/14/2014 16:57","5/14/2014 17:00",1,"Scientists",NA,1,NA,1,3,3,2,5,5,5,3,3,4,2,2,5,3,2,3,3,3,2,187,42,2,38,NA,"Educated"
"331",107,"5/14/2014 17:02","5/14/2014 17:04",1,"Scientists",NA,1,NA,1,4,5,5,4,6,6,6,5,6,5,5,5,4,4,5,3,4,5,187,39,1,40,NA,"Scientists"
"332",111,"5/14/2014 17:44","5/14/2014 18:01",1,"Scientists",NA,1,NA,1,4,3,2,5,4,5,4,5,3,5,4,5,4,4,4,4,4,4,187,57,2,42,NA,"Educated"
"333",112,"5/14/2014 18:24","5/14/2014 18:28",1,"Scientists",NA,1,NA,1,7,5,3,NA,6,7,6,6,6,4,6,6,6,5,6,6,6,4,187,52,2,42,NA,"Scientists"
"334",114,"5/14/2014 19:03","5/14/2014 19:13",1,"Scientists",NA,1,NA,1,6,6,5,6,6,7,6,7,7,3,5,4,7,7,7,6,6,5,187,56,2,42,NA,"Scientists"
"335",120,"5/14/2014 22:44","5/14/2014 22:48",1,"Scientists",NA,1,NA,1,3,4,2,4,6,4,4,5,7,4,1,4,6,7,7,4,3,2,187,33,1,41,NA,"Scientists"
"336",121,"5/14/2014 22:55","5/14/2014 22:58",1,"Scientists",NA,1,NA,1,5,5,4,6,6,6,3,5,5,5,5,6,5,5,6,5,2,2,187,56,2,38,NA,"Scientists"
"337",123,"5/15/2014 0:11","5/15/2014 0:17",1,"Scientists",NA,1,NA,1,5,5,3,6,4,6,6,5,7,3,2,4,6,5,5,5,5,5,187,37,2,42,NA,"Scientists"
"338",136,"5/15/2014 19:19","5/15/2014 19:24",1,"Scientists",NA,1,NA,1,4,5,2,5,6,6,5,5,6,4,4,4,5,5,6,5,2,2,187,43,2,38,NA,"Scientists"
"339",137,"5/15/2014 21:36","5/15/2014 21:55",1,"Scientists",NA,1,NA,1,3,3,3,4,3,5,2,3,6,5,5,5,5,3,7,3,2,3,187,29,1,42,NA,"Educated"
"340",165,"5/19/2014 13:27","5/19/2014 13:35",1,"Scientists",NA,1,NA,NA,5,5,2,6,6,5,5,6,6,6,3,2,4,4,4,4,4,4,187,65,1,39,NA,"Educated"
"341",167,"5/19/2014 13:43","5/19/2014 13:49",1,"Scientists",NA,1,NA,2,6,6,2,7,5,6,5,6,5,3,4,4,7,7,7,6,6,5,187,26,1,44,NA,"Scientists"
"342",179,"5/19/2014 15:16","5/19/2014 15:21",1,"Scientists",NA,1,NA,2,2,3,2,5,4,3,2,3,1,2,3,3,2,2,2,4,2,2,187,21,2,40,NA,"Educated"
"343",197,"5/19/2014 17:55","5/19/2014 20:48",1,"Scientists",NA,1,NA,1,6,2,3,3,5,5,2,5,6,4,2,2,4,3,3,1,3,1,187,60,1,39,NA,"Scientists"
"344",198,"5/20/2014 0:08","5/20/2014 0:11",1,"Scientists",NA,1,NA,1,7,7,4,7,5,7,6,5,5,5,5,4,7,6,7,6,5,4,187,62,1,43,NA,"Scientists"
"345",210,"5/20/2014 19:29","5/20/2014 19:32",1,"Scientists",NA,1,NA,1,5,5,4,5,6,7,5,7,6,5,6,4,6,7,6,4,3,1,187,58,1,39,NA,"Scientists"
"346",215,"5/14/2014 18:34","5/21/2014 18:01",1,"Scientists",NA,1,NA,1,6,5,2,5,5,6,5,6,6,2,6,5,5,5,5,5,4,4,187,39,1,39,NA,"Educated"
"347",245,"6/11/2014 13:45","6/11/2014 13:51",1,"Scientists",NA,1,NA,1,3,5,2,6,5,6,5,5,5,6,5,4,5,5,6,5,5,5,187,63,2,39,NA,"Educated"
"348",249,"6/11/2014 14:01","6/11/2014 14:04",1,"Scientists",NA,1,NA,1,5,2,2,6,5,6,5,5,5,4,3,4,3,2,2,2,2,1,187,56,2,43,NA,"Educated"
"349",252,"6/11/2014 16:37","6/11/2014 17:00",1,"Scientists",NA,1,NA,1,3,5,1,6,5,6,3,5,3,5,2,3,4,2,2,1,4,1,187,65,2,38,NA,"Educated"
"350",254,"6/11/2014 18:18","6/11/2014 18:21",1,"Scientists",NA,1,NA,1,5,3,1,5,5,6,3,5,5,2,4,2,6,3,3,3,2,2,187,56,1,42,NA,"Scientists"
"351",256,"6/11/2014 19:35","6/11/2014 19:37",1,"Scientists",NA,1,NA,1,5,5,4,6,6,6,4,4,4,5,5,6,4,4,4,4,4,1,187,56,1,40,NA,"Educated"
"352",258,"6/11/2014 19:53","6/11/2014 20:08",1,"Scientists",NA,1,NA,1,3,3,3,6,5,6,3,5,3,3,3,3,5,2,3,3,2,2,187,29,1,44,NA,"Scientists"
"353",261,"6/11/2014 20:56","6/11/2014 21:00",1,"Scientists",NA,1,NA,1,5,3,2,4,5,5,3,5,5,4,4,5,6,6,6,5,3,4,187,50,1,44,NA,"Scientists"
"354",271,"6/13/2014 13:35","6/13/2014 13:38",1,"Scientists",NA,1,NA,1,6,6,6,6,6,6,6,6,6,4,4,4,6,6,6,6,6,3,187,38,1,38,NA,"Educated"
"355",273,"6/16/2014 16:23","6/16/2014 16:26",1,"Scientists",NA,1,NA,1,6,7,5,6,6,6,6,6,6,4,4,4,7,7,7,7,7,6,187,59,2,38,NA,"Scientists"
"356",274,"6/16/2014 16:24","6/16/2014 16:28",1,"Scientists",NA,1,NA,1,6,6,1,6,5,7,5,6,5,3,1,7,6,6,6,6,6,5,187,58,1,38,NA,"Scientists"
"357",275,"6/16/2014 16:23","6/16/2014 16:28",1,"Scientists",NA,1,NA,1,3,3,2,3,3,5,3,3,3,3,3,2,5,3,3,2,3,2,187,61,1,38,NA,"Educated"
"358",276,"6/16/2014 16:28","6/16/2014 16:31",1,"Scientists",NA,1,NA,1,6,6,1,7,6,6,3,6,6,2,5,2,6,6,6,6,5,1,187,30,1,43,NA,"Scientists"
"359",280,"6/16/2014 16:28","6/16/2014 16:35",1,"Scientists",NA,1,NA,1,2,5,2,6,3,5,5,2,5,2,2,2,2,2,2,2,2,2,187,53,2,38,NA,"Educated"
"360",282,"6/16/2014 16:32","6/16/2014 16:36",1,"Scientists",NA,1,NA,1,5,5,3,5,5,5,5,5,7,1,2,2,5,5,5,3,5,2,187,53,1,38,NA,"Scientists"
"361",283,"6/16/2014 16:36","6/16/2014 16:39",1,"Scientists",NA,1,NA,1,1,1,1,5,3,3,2,1,1,5,5,6,5,4,4,3,2,1,187,52,1,42,NA,"Scientists"
"362",294,"6/16/2014 16:51","6/16/2014 16:57",1,"Scientists",NA,1,NA,1,5,5,2,6,2,7,5,6,3,2,2,2,7,6,6,6,4,4,187,59,2,42,NA,"Scientists"
"363",299,"6/16/2014 16:58","6/16/2014 17:02",1,"Scientists",NA,1,NA,1,5,2,1,5,5,5,3,3,5,2,5,2,5,5,6,3,3,3,187,55,2,39,NA,"Scientists"
"364",300,"6/16/2014 17:06","6/16/2014 17:10",1,"Scientists",NA,1,NA,1,2,2,2,4,4,4,2,2,3,4,5,3,4,1,1,3,4,3,187,34,1,43,NA,"Educated"
"365",309,"6/16/2014 17:21","6/16/2014 17:27",1,"Scientists",NA,1,NA,1,5,5,5,6,6,6,5,6,6,5,5,5,5,3,2,5,2,3,187,35,2,38,NA,"Educated"
"366",311,"6/16/2014 17:18","6/16/2014 17:34",1,"Scientists",NA,1,NA,1,4,3,4,5,6,5,4,5,4,6,3,5,4,1,2,2,1,1,187,42,1,43,NA,"Educated"
"367",314,"6/16/2014 17:41","6/16/2014 17:44",1,"Scientists",NA,1,NA,1,2,3,2,6,5,6,2,3,6,5,4,5,6,6,6,3,4,2,187,56,1,39,NA,"Scientists"
"368",317,"6/16/2014 18:43","6/16/2014 18:47",1,"Scientists",NA,1,NA,1,6,4,2,5,4,5,4,6,5,3,3,2,5,2,5,2,3,1,187,59,1,42,NA,"Educated"
"369",319,"6/16/2014 18:49","6/16/2014 18:52",1,"Scientists",NA,1,NA,1,3,3,3,6,5,6,4,5,5,3,6,4,4,3,3,3,3,3,187,38,1,42,NA,"Educated"
"370",321,"6/16/2014 18:55","6/16/2014 19:00",1,"Scientists",NA,1,NA,1,5,4,5,6,6,6,6,5,5,5,6,5,6,4,6,5,3,1,187,NA,2,42,NA,"Scientists"
"371",326,"6/16/2014 19:18","6/16/2014 19:24",1,"Scientists",NA,1,NA,1,3,2,2,6,6,5,3,5,5,5,5,4,4,2,2,2,2,2,187,59,1,39,NA,"Scientists"
"372",331,"6/16/2014 20:29","6/16/2014 20:32",1,"Scientists",NA,1,NA,1,2,3,2,6,6,6,5,3,3,2,5,5,5,3,3,4,4,2,187,47,1,38,NA,"Scientists"
"373",332,"6/16/2014 20:45","6/16/2014 20:49",1,"Scientists",NA,1,NA,1,1,1,1,4,3,2,5,5,5,5,3,3,2,1,1,2,1,2,187,NA,1,39,NA,"Educated"
"374",334,"6/16/2014 21:06","6/16/2014 21:10",1,"Scientists",NA,1,NA,1,5,5,4,5,6,5,5,5,5,4,5,5,6,6,5,6,6,5,187,49,1,38,NA,"Scientists"
"375",335,"6/16/2014 20:49","6/16/2014 21:20",1,"Scientists",NA,1,NA,1,2,2,1,5,7,6,2,2,2,2,2,5,6,2,1,1,2,2,187,55,1,42,NA,"Educated"
"376",341,"6/16/2014 22:50","6/16/2014 22:57",1,"Scientists",NA,1,NA,1,6,5,5,7,6,6,5,4,6,5,6,5,6,7,7,7,7,3,187,66,1,43,NA,"Scientists"
"377",345,"6/16/2014 23:58","6/17/2014 0:02",1,"Scientists",NA,1,NA,1,2,2,2,6,5,6,5,5,5,5,5,5,5,2,5,3,2,1,187,50,1,38,NA,"Educated"
"378",349,"6/17/2014 2:27","6/17/2014 2:31",1,"Scientists",NA,1,NA,1,3,5,2,5,5,4,6,3,5,5,6,5,5,3,5,3,3,2,187,35,2,41,NA,"Scientists"
"379",379,"6/17/2014 18:48","6/17/2014 18:55",1,"Scientists",NA,1,NA,2,5,6,2,7,7,7,6,6,6,3,7,7,6,6,4,5,5,1,187,22,2,39,NA,"Scientists"
"380",380,"6/17/2014 21:21","6/17/2014 21:24",1,"Scientists",NA,1,NA,1,5,4,4,6,6,5,4,5,5,3,6,6,5,5,5,4,5,1,187,49,1,38,NA,"Educated"
"381",384,"6/18/2014 16:45","6/18/2014 16:53",1,"Scientists",NA,1,NA,1,3,2,1,5,5,6,3,4,3,5,4,5,4,2,NA,2,4,1,187,27,1,38,NA,"Scientists"
"382",385,"6/19/2014 4:05","6/19/2014 4:11",1,"Scientists",NA,1,NA,1,5,4,4,6,5,5,6,6,6,6,6,4,6,5,5,5,4,2,187,35,1,41,NA,"Educated"
"383",394,"6/23/2014 17:19","6/23/2014 17:23",1,"Scientists",NA,1,NA,1,5,7,3,7,6,7,6,6,7,2,4,4,7,7,7,7,3,3,187,55,1,41,NA,"Scientists"
"384",395,"6/23/2014 17:40","6/23/2014 17:44",1,"Scientists",NA,1,NA,1,6,6,3,6,6,6,7,7,6,4,2,3,7,7,7,5,4,4,187,40,1,43,NA,"Educated"
"385",416,"6/27/2014 8:59","6/27/2014 9:04",1,"Scientists",NA,1,NA,1,3,2,1,5,6,5,1,2,1,6,5,5,5,4,4,1,2,1,187,38,2,38,NA,"Scientists"
"386",438,"6/27/2014 9:12","6/27/2014 9:18",1,"Scientists",NA,1,NA,2,3,3,2,4,5,5,5,6,6,3,3,3,5,6,5,5,3,2,187,21,2,39,NA,"Educated"
"387",472,"6/27/2014 9:43","6/27/2014 9:47",1,"Scientists",NA,1,NA,1,5,4,3,6,6,5,4,4,4,2,2,5,4,4,4,4,4,1,187,40,1,38,NA,"Educated"
"388",476,"6/27/2014 9:45","6/27/2014 9:49",1,"Scientists",NA,1,NA,1,5,5,2,5,6,5,5,6,7,5,5,5,4,4,4,5,4,2,187,30,1,38,NA,"Educated"
"389",480,"6/27/2014 9:46","6/27/2014 9:50",1,"Scientists",NA,1,NA,1,6,6,4,7,6,7,6,6,7,5,5,5,7,6,6,5,6,3,187,56,2,42,NA,"Scientists"
"390",483,"6/27/2014 9:48","6/27/2014 9:52",1,"Scientists",NA,1,NA,1,7,7,6,7,7,7,7,7,7,5,5,5,7,7,7,7,7,6,187,23,1,40,NA,"Scientists"
"391",489,"6/27/2014 9:50","6/27/2014 9:55",1,"Scientists",NA,1,NA,1,5,6,5,5,6,6,6,6,6,6,5,6,6,6,6,6,7,5,187,NA,NA,39,NA,"Educated"
"392",493,"6/27/2014 9:54","6/27/2014 9:59",1,"Scientists",NA,1,NA,1,6,6,2,6,6,5,5,6,7,4,4,4,7,7,7,6,6,5,187,37,2,41,NA,"Scientists"
"393",496,"6/27/2014 9:56","6/27/2014 10:01",1,"Scientists",NA,1,NA,1,6,6,1,7,7,6,7,6,6,1,1,4,6,6,6,5,3,2,187,55,1,38,NA,"Scientists"
"394",511,"6/27/2014 10:12","6/27/2014 10:24",1,"Scientists",NA,1,NA,1,2,2,4,6,6,6,5,4,3,5,4,5,4,2,3,2,2,2,187,35,1,41,NA,"Educated"
"395",512,"6/27/2014 10:21","6/27/2014 10:25",1,"Scientists",NA,1,NA,1,6,7,4,4,6,6,6,6,6,2,3,4,7,7,7,7,4,4,187,33,1,38,NA,"Educated"
"396",529,"6/27/2014 10:44","6/27/2014 10:48",1,"Scientists",NA,1,NA,1,6,7,5,5,6,5,6,6,5,3,2,5,6,5,6,6,3,3,187,36,2,38,NA,"Scientists"
"397",532,"6/27/2014 10:51","6/27/2014 10:55",1,"Scientists",NA,1,NA,1,4,7,4,4,7,6,5,6,7,6,5,5,5,7,6,6,5,3,187,60,2,43,NA,"Educated"
"398",535,"6/27/2014 10:52","6/27/2014 11:08",1,"Scientists",NA,1,NA,1,5,3,3,7,5,6,5,4,4,2,7,4,5,3,5,2,2,2,187,41,2,41,NA,"Scientists"
"399",536,"6/27/2014 10:58","6/27/2014 11:10",1,"Scientists",NA,1,NA,1,6,5,2,5,6,7,6,7,5,6,2,6,6,7,7,2,2,2,187,38,2,43,NA,"Educated"
"400",544,"6/27/2014 11:24","6/27/2014 11:29",1,"Scientists",NA,1,NA,1,5,6,2,6,5,6,7,6,6,3,4,4,6,4,6,5,6,5,187,47,1,43,NA,"Educated"
"401",545,"6/27/2014 11:28","6/27/2014 11:31",1,"Scientists",NA,1,NA,NA,2,2,2,5,2,6,3,2,2,2,6,6,6,2,2,2,2,2,187,44,1,43,NA,"Scientists"
"402",552,"6/27/2014 11:41","6/27/2014 11:44",1,"Scientists",NA,1,NA,NA,5,5,4,6,6,6,5,6,6,5,5,5,6,6,6,6,4,4,187,67,1,38,NA,"Scientists"
"403",555,"6/27/2014 11:44","6/27/2014 11:48",1,"Scientists",NA,1,NA,1,5,5,3,5,5,6,5,6,5,6,5,4,4,4,5,4,4,3,187,57,2,39,NA,"Educated"
"404",558,"6/27/2014 11:55","6/27/2014 11:57",1,"Scientists",NA,1,NA,1,6,6,3,5,5,6,5,6,3,3,5,4,6,6,6,6,5,5,187,53,1,43,NA,"Scientists"
"405",565,"6/27/2014 12:09","6/27/2014 12:14",1,"Scientists",NA,1,NA,1,6,6,5,5,5,6,5,5,6,5,5,5,6,5,5,5,4,3,187,30,1,43,NA,"Scientists"
"406",566,"6/27/2014 12:10","6/27/2014 12:15",1,"Scientists",NA,1,NA,1,3,3,1,6,5,6,2,5,5,2,1,3,6,5,6,5,6,2,187,44,1,44,NA,"Scientists"
"407",573,"6/27/2014 12:25","6/27/2014 12:29",1,"Scientists",NA,1,NA,1,5,3,3,5,6,5,4,6,6,4,6,4,5,3,3,3,5,3,187,53,1,38,NA,"Educated"
"408",574,"6/27/2014 12:24","6/27/2014 12:29",1,"Scientists",NA,1,NA,1,4,5,4,5,5,5,5,5,5,4,5,4,5,5,5,4,4,5,187,48,1,38,NA,"Scientists"
"409",575,"6/27/2014 12:25","6/27/2014 12:30",1,"Scientists",NA,1,NA,1,7,7,4,7,6,7,7,7,7,2,5,2,7,7,7,7,NA,2,187,55,1,38,NA,"Scientists"
"410",578,"6/27/2014 12:31","6/27/2014 12:35",1,"Scientists",NA,1,NA,1,5,3,3,5,5,5,3,5,3,3,3,3,5,3,3,5,5,2,187,58,2,38,NA,"Educated"
"411",579,"6/27/2014 12:36","6/27/2014 12:38",1,"Scientists",NA,1,NA,1,5,5,2,5,6,5,5,4,6,3,5,5,6,5,6,5,3,2,187,40,1,38,NA,"Scientists"
"412",580,"6/27/2014 12:33","6/27/2014 12:40",1,"Scientists",NA,1,NA,1,5,5,5,6,6,6,5,5,6,2,3,3,6,6,6,6,6,6,187,45,1,39,NA,"Scientists"
"413",581,"6/27/2014 12:31","6/27/2014 12:42",1,"Scientists",NA,1,NA,1,5,6,6,5,6,6,6,3,6,5,2,4,6,3,5,2,4,1,187,49,1,39,NA,"Educated"
"414",587,"6/27/2014 12:48","6/27/2014 12:52",1,"Scientists",NA,1,NA,1,5,5,2,7,5,7,3,6,6,1,6,5,6,2,4,5,6,2,187,41,1,43,NA,"Scientists"
"415",593,"6/27/2014 12:56","6/27/2014 12:59",1,"Scientists",NA,1,NA,1,5,3,2,6,3,6,3,3,4,6,2,5,4,4,4,3,2,1,187,47,1,38,NA,"Educated"
"416",594,"6/27/2014 12:57","6/27/2014 13:01",1,"Scientists",NA,1,NA,1,2,3,2,5,5,5,4,2,2,3,3,2,3,3,5,2,3,2,187,36,1,39,NA,"Educated"
"417",595,"6/27/2014 12:56","6/27/2014 13:02",1,"Scientists",NA,1,NA,6,5,5,5,6,5,6,5,6,5,4,4,4,5,4,6,4,4,3,187,44,2,41,NA,"Scientists"
"418",596,"6/27/2014 12:59","6/27/2014 13:04",1,"Scientists",NA,1,NA,1,6,4,4,6,6,5,4,6,6,3,3,3,6,6,7,3,4,2,187,57,1,40,NA,"Scientists"
"419",599,"6/27/2014 13:04","6/27/2014 13:08",1,"Scientists",NA,1,NA,1,5,5,5,5,5,6,6,6,5,5,5,4,6,5,5,6,4,4,187,49,1,38,NA,"Educated"
"420",600,"6/27/2014 13:01","6/27/2014 13:09",1,"Scientists",NA,1,NA,1,4,5,4,6,5,6,4,3,5,3,4,5,6,5,6,5,3,2,187,38,2,43,NA,"Scientists"
"421",601,"6/27/2014 13:06","6/27/2014 13:11",1,"Scientists",NA,1,NA,1,3,5,2,5,5,3,2,2,5,3,2,4,5,2,6,2,2,2,187,32,1,42,NA,"Educated"
"422",602,"6/27/2014 13:11","6/27/2014 13:14",1,"Scientists",NA,1,NA,1,6,6,5,7,7,6,6,6,6,3,3,4,7,6,7,5,5,3,187,55,1,42,NA,"Scientists"
"423",603,"6/27/2014 13:11","6/27/2014 13:15",1,"Scientists",NA,1,NA,1,6,7,3,4,6,5,6,7,7,3,2,2,7,7,7,4,4,3,187,28,1,41,NA,"Educated"
"424",604,"6/27/2014 13:08","6/27/2014 13:16",1,"Scientists",NA,1,NA,1,5,6,4,6,6,6,5,5,2,5,2,6,6,5,6,5,3,4,187,37,1,42,NA,"Scientists"
"425",605,"6/27/2014 13:13","6/27/2014 13:17",1,"Scientists",NA,1,NA,1,3,3,2,4,3,2,2,3,4,3,2,5,4,3,3,2,2,1,187,33,1,38,NA,"Scientists"
"426",606,"6/27/2014 13:15","6/27/2014 13:17",1,"Scientists",NA,1,NA,1,4,3,3,6,5,6,3,4,4,4,5,5,5,5,6,4,4,2,187,50,1,43,NA,"Scientists"
"427",610,"6/27/2014 13:14","6/27/2014 13:23",1,"Scientists",NA,1,NA,1,3,4,2,5,4,5,4,5,5,1,1,2,4,1,1,1,2,1,187,54,2,38,NA,"Educated"
"428",612,"6/27/2014 13:25","6/27/2014 13:28",1,"Scientists",NA,1,NA,1,6,6,6,6,6,6,5,5,5,2,2,2,6,6,6,5,5,3,187,39,1,38,NA,"Scientists"
"429",614,"6/27/2014 13:28","6/27/2014 13:30",1,"Scientists",NA,1,NA,1,7,6,4,6,7,7,7,7,7,1,2,4,7,7,7,7,4,4,187,36,1,41,NA,"Scientists"
"430",617,"6/27/2014 13:28","6/27/2014 13:32",1,"Scientists",NA,1,NA,1,5,5,3,4,5,6,5,6,5,4,3,4,6,5,6,6,5,3,187,41,2,41,NA,"Educated"
"431",619,"6/27/2014 13:30","6/27/2014 13:34",1,"Scientists",NA,1,NA,1,6,7,3,6,5,6,5,7,6,4,3,4,7,7,7,3,5,3,187,40,2,41,NA,"Scientists"
"432",620,"6/27/2014 13:29","6/27/2014 13:34",1,"Scientists",NA,1,NA,1,3,3,3,7,5,6,6,5,6,5,5,3,7,6,6,6,5,5,187,52,2,42,NA,"Scientists"
"433",624,"6/27/2014 13:36","6/27/2014 13:41",1,"Scientists",NA,1,NA,1,5,5,4,6,6,6,5,6,6,3,4,5,6,5,5,2,3,2,187,34,1,41,NA,"Scientists"
"434",628,"6/27/2014 13:43","6/27/2014 13:47",1,"Scientists",NA,1,NA,1,5,6,5,5,6,6,6,6,6,5,6,4,6,6,6,6,5,4,187,56,1,38,NA,"Educated"
"435",629,"6/27/2014 13:44","6/27/2014 13:49",1,"Scientists",NA,1,NA,1,6,3,2,4,3,7,1,5,3,3,1,2,7,7,7,3,3,2,187,46,2,43,NA,"Scientists"
"436",631,"6/27/2014 13:47","6/27/2014 13:50",1,"Scientists",NA,1,NA,1,2,5,3,6,5,3,6,6,6,5,4,5,3,2,2,3,5,3,187,33,1,43,NA,"Educated"
"437",632,"6/27/2014 13:48","6/27/2014 13:52",1,"Scientists",NA,1,NA,1,3,3,2,3,3,5,3,5,4,3,3,3,5,5,7,3,3,3,187,67,2,41,NA,"Scientists"
"438",634,"6/27/2014 13:49","6/27/2014 13:54",1,"Scientists",NA,1,NA,NA,4,4,5,4,5,6,4,4,4,5,4,3,4,2,2,4,2,1,187,43,2,42,NA,"Scientists"
"439",635,"6/27/2014 13:50","6/27/2014 13:54",1,"Scientists",NA,1,NA,1,5,2,1,4,5,4,4,4,4,4,1,1,4,4,4,2,4,1,187,63,2,41,NA,"Educated"
"440",636,"6/27/2014 13:50","6/27/2014 13:56",1,"Scientists",NA,1,NA,1,3,2,2,5,4,4,4,5,5,2,2,2,5,2,1,1,4,3,187,47,2,39,NA,"Educated"
"441",637,"6/27/2014 13:53","6/27/2014 13:57",1,"Scientists",NA,1,NA,1,3,3,3,5,5,5,2,6,5,3,2,4,3,3,3,2,4,3,187,35,1,39,NA,"Scientists"
"442",638,"6/27/2014 13:53","6/27/2014 13:57",1,"Scientists",NA,1,NA,1,2,2,1,4,2,4,2,2,2,1,1,1,3,2,2,3,1,1,187,59,1,38,NA,"Educated"
"443",640,"6/27/2014 14:02","6/27/2014 14:04",1,"Scientists",NA,1,NA,1,5,5,5,6,5,5,6,6,6,5,2,5,5,6,6,5,5,4,187,49,2,39,NA,"Scientists"
"444",644,"6/27/2014 14:04","6/27/2014 14:07",1,"Scientists",NA,1,NA,1,5,5,3,7,6,5,5,5,5,2,3,2,5,5,5,5,5,5,187,57,1,38,NA,"Scientists"
"445",646,"6/27/2014 14:05","6/27/2014 14:11",1,"Scientists",NA,1,NA,1,4,6,4,5,5,5,6,4,6,3,5,5,6,6,6,6,5,4,187,21,1,38,NA,"Educated"
"446",649,"6/27/2014 14:14","6/27/2014 14:19",1,"Scientists",NA,1,NA,1,6,4,3,7,7,7,6,6,5,3,7,5,6,6,7,4,5,3,187,38,1,42,NA,"Scientists"
"447",650,"6/27/2014 14:11","6/27/2014 14:19",1,"Scientists",NA,1,NA,2,3,3,3,5,4,5,5,6,5,3,6,4,5,4,5,4,5,5,187,24,1,39,NA,"Scientists"
"448",651,"6/27/2014 14:19","6/27/2014 14:22",1,"Scientists",NA,1,NA,1,6,6,5,6,6,6,6,6,5,4,4,5,6,5,6,5,5,5,187,31,1,41,NA,"Scientists"
"449",652,"6/27/2014 14:20","6/27/2014 14:23",1,"Scientists",NA,1,NA,1,5,6,6,6,6,6,6,6,6,6,5,5,6,5,6,2,3,2,187,NA,1,NA,NA,"Educated"
"450",653,"6/27/2014 14:17","6/27/2014 14:24",1,"Scientists",NA,1,NA,NA,7,7,7,7,4,4,7,7,7,4,7,4,7,7,7,4,7,7,187,NA,2,43,NA,"Scientists"
"451",654,"6/27/2014 14:15","6/27/2014 14:25",1,"Scientists",NA,1,NA,1,4,4,3,5,6,6,4,5,5,5,4,4,6,6,6,4,4,4,187,58,1,38,NA,"Educated"
"452",655,"6/27/2014 14:20","6/27/2014 14:26",1,"Scientists",NA,1,NA,1,5,4,6,5,7,5,6,6,6,5,5,5,6,5,6,2,2,1,187,32,1,42,NA,"Educated"
"453",659,"6/27/2014 14:20","6/27/2014 14:27",1,"Scientists",NA,1,NA,1,5,3,3,5,5,5,3,3,5,5,5,6,6,5,6,1,4,2,187,50,2,44,NA,"Scientists"
"454",662,"6/27/2014 14:31","6/27/2014 14:33",1,"Scientists",NA,1,NA,1,1,2,1,6,5,5,1,1,1,6,6,6,4,2,4,1,2,1,187,53,1,42,NA,"Scientists"
"455",664,"6/27/2014 14:34","6/27/2014 14:38",1,"Scientists",NA,1,NA,1,5,5,1,6,4,6,4,5,6,1,5,4,7,7,7,7,7,2,187,NA,2,43,NA,"Scientists"
"456",666,"6/27/2014 14:34","6/27/2014 14:39",1,"Scientists",NA,1,NA,1,7,1,1,6,5,3,4,5,5,2,2,2,2,1,1,1,1,1,187,27,1,41,NA,"Educated"
"457",668,"6/27/2014 14:39","6/27/2014 14:42",1,"Scientists",NA,1,NA,1,5,4,5,6,5,6,4,5,5,5,5,6,6,6,6,5,5,3,187,59,2,43,NA,"Scientists"
"458",669,"6/27/2014 14:40","6/27/2014 14:44",1,"Scientists",NA,1,NA,1,5,3,2,4,6,5,4,5,3,4,3,5,5,3,3,4,4,3,187,46,2,43,NA,"Educated"
"459",670,"6/27/2014 14:29","6/27/2014 14:44",1,"Scientists",NA,1,NA,1,6,5,2,4,5,5,6,5,5,1,3,4,6,5,7,5,6,2,187,51,1,42,NA,"Educated"
"460",671,"6/27/2014 14:42","6/27/2014 14:45",1,"Scientists",NA,1,NA,1,7,6,6,7,6,7,6,7,7,4,2,5,7,7,7,6,6,5,187,57,1,39,NA,"Educated"
"461",672,"6/27/2014 14:45","6/27/2014 14:48",1,"Scientists",NA,1,NA,1,7,7,6,6,6,7,6,7,7,5,5,4,7,7,7,7,4,4,187,39,1,39,NA,"Educated"
"462",673,"6/27/2014 14:47","6/27/2014 14:50",1,"Scientists",NA,1,NA,1,5,5,3,5,5,5,5,6,5,3,3,3,5,5,5,5,5,3,187,31,2,44,NA,"Scientists"
"463",676,"6/27/2014 14:48","6/27/2014 14:52",1,"Scientists",NA,1,NA,1,5,3,3,5,3,3,5,5,5,3,5,4,6,6,5,3,3,3,187,50,1,42,NA,"Scientists"
"464",677,"6/27/2014 14:47","6/27/2014 14:52",1,"Scientists",NA,1,NA,1,5,5,2,5,7,5,6,5,4,5,6,5,5,4,4,4,5,2,187,30,1,43,NA,"Educated"
"465",679,"6/27/2014 14:50","6/27/2014 14:53",1,"Scientists",NA,1,NA,1,5,5,2,7,7,7,6,5,6,5,5,3,5,4,5,3,3,1,187,38,2,42,NA,"Scientists"
"466",682,"6/27/2014 14:52","6/27/2014 15:01",1,"Scientists",NA,1,NA,1,6,6,2,6,6,7,3,6,6,5,3,4,6,7,7,7,5,3,187,49,1,39,NA,"Scientists"
"467",683,"6/27/2014 14:59","6/27/2014 15:02",1,"Scientists",NA,1,NA,1,4,4,4,5,5,5,4,5,5,5,5,6,4,4,4,3,4,2,187,35,1,39,NA,"Educated"
"468",684,"6/27/2014 14:59","6/27/2014 15:02",1,"Scientists",NA,1,NA,1,7,7,6,7,7,7,7,7,7,2,4,4,6,7,7,5,3,4,187,50,1,38,NA,"Scientists"
"469",685,"6/27/2014 14:56","6/27/2014 15:03",1,"Scientists",NA,1,NA,6,5,5,2,5,5,5,3,6,5,3,3,3,6,6,2,6,6,2,187,65,2,40,NA,"Educated"
"470",686,"6/27/2014 14:58","6/27/2014 15:05",1,"Scientists",NA,1,NA,1,5,6,5,5,5,5,5,4,5,2,2,5,5,5,6,5,4,3,187,38,2,39,NA,"Scientists"
"471",687,"6/27/2014 15:00","6/27/2014 15:07",1,"Scientists",NA,1,NA,1,5,4,4,6,6,6,5,6,6,5,5,5,6,3,5,3,4,3,187,55,1,39,NA,"Scientists"
"472",688,"6/27/2014 15:02","6/27/2014 15:08",1,"Scientists",NA,1,NA,1,3,4,2,5,4,5,3,4,3,5,3,5,5,4,5,4,3,2,187,56,1,38,NA,"Educated"
"473",689,"6/27/2014 15:04","6/27/2014 15:10",1,"Scientists",NA,1,NA,1,5,3,3,5,5,4,4,5,5,4,5,3,4,4,4,4,4,4,187,61,1,40,NA,"Educated"
"474",692,"6/27/2014 15:07","6/27/2014 15:13",1,"Scientists",NA,1,NA,1,5,5,5,5,5,5,5,5,5,3,5,4,5,5,6,3,5,4,187,42,1,38,NA,"Scientists"
"475",693,"6/27/2014 15:13","6/27/2014 15:15",1,"Scientists",NA,1,NA,1,3,3,3,7,6,6,5,6,3,4,3,5,6,5,5,5,6,2,187,46,1,39,NA,"Scientists"
"476",694,"6/27/2014 14:42","6/27/2014 15:16",1,"Scientists",NA,1,NA,1,6,6,3,6,6,7,7,7,6,3,3,6,7,7,7,7,6,4,187,44,1,39,NA,"Scientists"
"477",696,"6/27/2014 15:11","6/27/2014 15:18",1,"Scientists",NA,1,NA,1,5,3,2,5,4,6,5,5,5,3,2,4,5,5,4,5,3,2,187,41,1,39,NA,"Educated"
"478",697,"6/27/2014 15:11","6/27/2014 15:19",1,"Scientists",NA,1,NA,1,5,5,3,6,5,6,5,3,3,4,5,4,6,6,6,5,3,2,187,36,1,41,NA,"Educated"
"479",698,"6/27/2014 15:18","6/27/2014 15:21",1,"Scientists",NA,1,NA,1,5,5,2,5,3,5,3,3,6,5,5,5,6,5,5,5,4,5,187,39,1,39,NA,"Scientists"
"480",699,"6/27/2014 15:16","6/27/2014 15:21",1,"Scientists",NA,1,NA,1,6,5,5,6,7,6,5,6,6,3,5,2,5,5,5,5,6,3,187,45,1,42,NA,"Educated"
"481",701,"6/27/2014 15:18","6/27/2014 15:23",1,"Scientists",NA,1,NA,1,6,5,4,5,6,6,6,6,7,5,4,4,6,7,6,6,4,6,187,28,1,41,NA,"Educated"
"482",703,"6/27/2014 15:25","6/27/2014 15:29",1,"Scientists",NA,1,NA,1,5,5,3,5,5,5,5,5,5,6,5,3,5,4,5,5,4,2,187,50,1,38,NA,"Educated"
"483",705,"6/27/2014 15:25","6/27/2014 15:31",1,"Scientists",NA,1,NA,1,2,1,1,5,2,5,2,2,2,3,3,5,5,6,6,2,3,2,187,60,1,44,NA,"Educated"
"484",707,"6/27/2014 15:27","6/27/2014 15:34",1,"Scientists",NA,1,NA,1,3,4,2,5,4,3,3,3,3,2,4,3,3,4,4,4,3,2,187,54,2,43,NA,"Scientists"
"485",708,"6/27/2014 15:27","6/27/2014 15:34",1,"Scientists",NA,1,NA,1,2,6,2,4,2,4,6,6,4,2,1,2,5,2,4,6,3,2,187,53,1,44,NA,"Educated"
"486",710,"6/27/2014 15:28","6/27/2014 15:35",1,"Scientists",NA,1,NA,1,5,5,3,6,3,5,2,5,5,3,2,2,3,2,2,3,2,2,187,45,1,42,NA,"Educated"
"487",711,"6/27/2014 15:32","6/27/2014 15:37",1,"Scientists",NA,1,NA,1,6,7,3,4,4,6,5,3,5,5,3,3,5,6,3,6,3,1,187,54,1,44,NA,"Educated"
"488",712,"6/27/2014 15:29","6/27/2014 15:38",1,"Scientists",NA,1,NA,1,5,3,3,6,5,5,5,4,4,3,2,5,4,3,3,5,6,3,187,41,2,40,NA,"Educated"
"489",713,"6/27/2014 15:35","6/27/2014 15:38",1,"Scientists",NA,1,NA,1,7,6,5,4,7,6,5,6,6,2,4,4,6,7,7,6,5,5,187,64,1,42,NA,"Scientists"
"490",715,"6/27/2014 15:37","6/27/2014 15:41",1,"Scientists",NA,1,NA,1,6,6,3,7,6,6,7,6,6,5,5,5,7,7,7,7,6,5,187,NA,1,41,NA,"Scientists"
"491",720,"6/27/2014 15:39","6/27/2014 15:44",1,"Scientists",NA,1,NA,2,2,5,3,5,5,5,2,5,5,5,5,5,5,4,4,4,4,2,187,32,1,38,NA,"Educated"
"492",721,"6/27/2014 15:41","6/27/2014 15:44",1,"Scientists",NA,1,NA,1,5,4,6,7,6,7,6,5,5,3,4,5,6,5,6,5,2,2,187,55,2,38,NA,"Scientists"
"493",722,"6/27/2014 15:35","6/27/2014 15:46",1,"Scientists",NA,1,NA,1,5,5,4,7,3,5,4,6,6,5,6,5,6,5,7,5,4,3,187,53,1,41,NA,"Scientists"
"494",724,"6/27/2014 15:43","6/27/2014 15:49",1,"Scientists",NA,1,NA,1,7,7,2,7,7,7,5,7,7,3,2,3,7,7,7,6,6,2,187,24,1,41,NA,"Educated"
"495",726,"6/27/2014 15:46","6/27/2014 15:50",1,"Scientists",NA,1,NA,1,4,4,4,6,6,6,5,5,5,3,6,5,5,5,6,2,3,2,187,50,1,40,NA,"Scientists"
"496",728,"6/27/2014 15:46","6/27/2014 15:51",1,"Scientists",NA,1,NA,1,5,5,4,5,6,6,5,5,5,4,4,4,5,4,4,4,5,3,187,55,2,41,NA,"Educated"
"497",729,"6/27/2014 15:46","6/27/2014 15:51",1,"Scientists",NA,1,NA,1,6,5,4,6,6,6,5,6,5,5,5,5,6,6,6,5,6,6,187,62,2,38,NA,"Scientists"
"498",730,"6/27/2014 12:28","6/27/2014 15:52",1,"Scientists",NA,1,NA,1,6,7,5,7,5,7,6,7,6,4,1,2,6,7,7,6,5,5,187,59,1,39,NA,"Scientists"
"499",732,"6/27/2014 15:48","6/27/2014 15:55",1,"Scientists",NA,1,NA,1,6,4,3,6,5,6,5,5,5,2,4,4,5,4,6,3,3,2,187,40,2,38,NA,"Scientists"
"500",733,"6/27/2014 15:49","6/27/2014 15:55",1,"Scientists",NA,1,NA,1,5,3,3,5,6,5,3,5,6,2,5,5,6,5,6,3,4,2,187,31,1,38,NA,"Educated"
"501",735,"6/27/2014 15:55","6/27/2014 16:01",1,"Scientists",NA,1,NA,1,4,4,3,4,6,4,6,3,4,3,5,4,4,5,5,3,3,4,187,43,NA,41,NA,"Scientists"
"502",736,"6/27/2014 15:56","6/27/2014 16:01",1,"Scientists",NA,1,NA,1,5,7,4,6,5,5,3,5,7,6,4,5,5,4,5,4,4,4,187,38,1,41,NA,"Educated"
"503",737,"6/27/2014 16:01","6/27/2014 16:04",1,"Scientists",NA,1,NA,1,6,6,7,6,6,6,6,6,5,5,5,6,6,7,7,6,5,2,187,38,1,38,NA,"Educated"
"504",738,"6/27/2014 16:00","6/27/2014 16:04",1,"Scientists",NA,1,NA,1,5,4,3,4,5,3,6,5,4,3,5,6,6,5,6,4,3,2,187,50,1,43,NA,"Scientists"
"505",739,"6/27/2014 16:01","6/27/2014 16:05",1,"Scientists",NA,1,NA,1,5,3,2,7,7,7,3,6,7,3,7,6,6,6,6,6,4,3,187,54,1,38,NA,"Scientists"
"506",742,"6/27/2014 16:06","6/27/2014 16:09",1,"Scientists",NA,1,NA,1,2,3,2,4,4,5,3,5,3,2,2,4,4,3,4,4,2,1,187,31,1,39,NA,"Educated"
"507",743,"6/27/2014 16:03","6/27/2014 16:09",1,"Scientists",NA,1,NA,1,6,5,4,6,6,6,6,6,6,4,3,4,7,6,6,6,4,3,187,37,2,41,NA,"Educated"
"508",744,"6/27/2014 16:03","6/27/2014 16:09",1,"Scientists",NA,1,NA,1,5,5,2,7,7,7,5,6,6,4,4,4,7,7,7,4,4,2,187,47,1,40,NA,"Scientists"
"509",746,"6/27/2014 16:10","6/27/2014 16:13",1,"Scientists",NA,1,NA,1,2,2,2,2,3,2,2,2,2,3,3,2,3,2,2,1,2,1,187,65,1,38,NA,"Educated"
"510",747,"6/27/2014 16:10","6/27/2014 16:14",1,"Scientists",NA,1,NA,6,6,5,2,6,6,6,5,6,6,5,5,5,6,6,6,5,4,4,187,62,1,38,NA,"Scientists"
"511",748,"6/27/2014 16:15","6/27/2014 16:18",1,"Scientists",NA,1,NA,1,6,5,2,6,6,6,5,5,5,4,4,5,4,4,4,4,4,4,187,45,1,38,NA,"Educated"
"512",750,"6/27/2014 16:18","6/27/2014 16:21",1,"Scientists",NA,1,NA,1,3,5,2,6,5,5,6,5,4,4,5,6,5,3,3,3,2,3,187,60,2,38,NA,"Scientists"
"513",752,"6/27/2014 16:18","6/27/2014 16:23",1,"Scientists",NA,1,NA,1,7,6,6,6,6,6,6,7,7,5,2,2,7,7,7,6,5,6,187,32,2,43,NA,"Scientists"
"514",753,"6/27/2014 16:17","6/27/2014 16:24",1,"Scientists",NA,1,NA,1,6,4,2,5,6,6,2,6,6,3,4,3,6,6,6,6,6,3,187,42,1,39,NA,"Educated"
"515",754,"6/27/2014 16:10","6/27/2014 16:25",1,"Scientists",NA,1,NA,1,6,5,4,7,6,6,7,5,6,5,6,5,6,6,6,6,5,2,187,64,1,38,NA,"Scientists"
"516",755,"6/27/2014 16:24","6/27/2014 16:27",1,"Scientists",NA,1,NA,1,6,6,2,6,2,6,6,6,6,1,2,2,6,6,6,4,6,2,187,58,1,38,NA,"Scientists"
"517",756,"6/27/2014 15:49","6/27/2014 16:28",1,"Scientists",NA,1,NA,1,5,5,3,6,6,5,5,6,5,2,3,6,6,5,6,5,5,4,187,68,1,42,NA,"Educated"
"518",757,"6/27/2014 16:26","6/27/2014 16:29",1,"Scientists",NA,1,NA,1,5,4,1,7,5,6,5,6,6,3,2,4,6,7,6,6,3,6,187,31,1,38,NA,"Scientists"
"519",758,"6/27/2014 16:25","6/27/2014 16:30",1,"Scientists",NA,1,NA,1,3,2,2,5,3,5,4,4,3,5,3,5,4,4,4,4,4,4,187,63,2,43,NA,"Educated"
"520",760,"6/27/2014 16:29","6/27/2014 16:34",1,"Scientists",NA,1,NA,NA,5,5,5,6,6,6,5,6,6,2,5,5,6,7,7,6,6,6,187,58,2,38,NA,"Scientists"
"521",762,"6/27/2014 16:36","6/27/2014 16:40",1,"Scientists",NA,1,NA,1,4,5,3,6,5,6,5,6,6,3,2,4,6,4,5,5,5,2,187,41,1,38,NA,"Educated"
"522",763,"6/27/2014 16:37","6/27/2014 16:40",1,"Scientists",NA,1,NA,1,5,4,2,4,5,3,6,5,5,3,3,2,5,5,5,3,2,3,187,36,2,38,NA,"Scientists"
"523",765,"6/27/2014 16:39","6/27/2014 16:43",1,"Scientists",NA,1,NA,1,5,5,2,6,6,6,6,5,5,5,5,5,6,6,6,3,4,2,187,45,1,39,NA,"Educated"
"524",766,"6/27/2014 16:42","6/27/2014 16:45",1,"Scientists",NA,1,NA,1,6,2,3,4,6,6,3,7,6,2,6,3,5,5,7,3,6,2,187,57,1,38,NA,"Scientists"
"525",768,"6/27/2014 16:27","6/27/2014 16:46",1,"Scientists",NA,1,NA,1,2,6,1,4,7,7,2,1,6,2,6,6,4,2,5,1,1,1,187,51,2,40,NA,"Scientists"
"526",771,"6/27/2014 16:45","6/27/2014 16:50",1,"Scientists",NA,1,NA,1,6,6,2,6,6,6,7,6,6,5,5,5,7,7,7,7,6,6,187,53,1,44,NA,"Scientists"
"527",772,"6/27/2014 15:45","6/27/2014 16:51",1,"Scientists",NA,1,NA,1,4,4,5,4,3,4,5,4,4,2,3,2,5,1,3,1,3,1,187,61,1,38,NA,"Educated"
"528",773,"6/27/2014 16:47","6/27/2014 16:52",1,"Scientists",NA,1,NA,1,5,5,1,6,6,6,6,7,6,5,6,4,7,7,7,7,2,2,187,56,1,38,NA,"Scientists"
"529",774,"6/27/2014 16:40","6/27/2014 16:52",1,"Scientists",NA,1,NA,1,5,3,3,4,5,3,4,3,3,5,3,3,5,3,4,4,3,2,187,64,1,39,NA,"Educated"
"530",775,"6/27/2014 16:44","6/27/2014 16:53",1,"Scientists",NA,1,NA,1,5,4,2,5,5,6,6,6,6,4,5,5,6,6,6,6,4,2,187,27,1,39,NA,"Educated"
"531",776,"6/27/2014 16:52","6/27/2014 16:55",1,"Scientists",NA,1,NA,1,4,3,2,4,4,6,2,4,4,3,5,5,4,2,2,2,3,2,187,52,2,42,NA,"Educated"
"532",778,"6/27/2014 16:58","6/27/2014 17:02",1,"Scientists",NA,1,NA,1,6,5,2,6,5,5,5,6,5,2,6,5,7,5,6,4,2,3,187,31,2,38,NA,"Scientists"
"533",779,"6/27/2014 16:57","6/27/2014 17:02",1,"Scientists",NA,1,NA,1,5,6,2,6,6,6,6,6,6,5,5,5,6,6,6,5,5,6,187,43,2,44,NA,"Scientists"
"534",780,"6/27/2014 17:01","6/27/2014 17:04",1,"Scientists",NA,1,NA,1,5,5,1,5,5,5,5,5,5,5,3,1,5,1,1,5,2,1,187,58,2,38,NA,"Educated"
"535",781,"6/27/2014 16:59","6/27/2014 17:04",1,"Scientists",NA,1,NA,1,5,3,2,6,6,6,5,5,6,2,4,6,6,4,2,5,1,2,187,41,2,38,NA,"Educated"
"536",787,"6/27/2014 17:11","6/27/2014 17:16",1,"Scientists",NA,1,NA,1,4,5,3,6,4,6,4,5,5,4,5,5,5,5,5,4,4,3,187,46,1,39,NA,"Educated"
"537",789,"6/27/2014 17:08","6/27/2014 17:19",1,"Scientists",NA,1,NA,1,3,5,1,6,6,5,3,6,3,2,2,4,3,2,6,5,3,3,187,34,1,38,NA,"Educated"
"538",790,"6/27/2014 17:16","6/27/2014 17:20",1,"Scientists",NA,1,NA,1,6,6,4,5,6,6,6,6,7,3,2,2,7,7,6,6,6,4,187,38,1,43,NA,"Educated"
"539",792,"6/27/2014 17:13","6/27/2014 17:24",1,"Scientists",NA,1,NA,1,5,5,5,6,7,6,5,6,6,6,6,5,6,6,6,5,4,4,187,39,1,39,NA,"Scientists"
"540",794,"6/27/2014 17:20","6/27/2014 17:26",1,"Scientists",NA,1,NA,1,3,2,3,2,3,3,3,4,2,4,2,2,5,3,5,3,5,2,187,56,1,41,NA,"Scientists"
"541",796,"6/27/2014 17:13","6/27/2014 17:31",1,"Scientists",NA,1,NA,1,5,5,3,6,7,6,6,7,7,3,3,5,7,5,6,5,5,3,187,46,2,42,NA,"Educated"
"542",797,"6/27/2014 17:24","6/27/2014 17:31",1,"Scientists",NA,1,NA,1,3,5,2,6,6,5,5,5,5,3,5,5,6,5,6,6,5,2,187,35,2,40,NA,"Scientists"
"543",798,"6/27/2014 17:28","6/27/2014 17:32",1,"Scientists",NA,1,NA,1,5,5,2,6,6,6,6,6,6,6,5,5,6,6,6,6,5,2,187,18,1,42,NA,"Scientists"
"544",799,"6/27/2014 17:28","6/27/2014 17:34",1,"Scientists",NA,1,NA,1,2,2,2,3,2,2,2,3,2,1,3,3,5,3,1,2,2,2,187,30,1,43,NA,"Educated"
"545",800,"6/27/2014 17:21","6/27/2014 17:39",1,"Scientists",NA,1,NA,1,3,3,1,3,4,3,5,5,2,1,1,4,4,3,4,4,4,1,187,28,2,40,NA,"Educated"
"546",801,"6/27/2014 17:28","6/27/2014 17:40",1,"Scientists",NA,1,NA,1,7,2,4,5,5,5,4,2,4,2,1,6,4,1,2,2,1,1,187,38,2,42,NA,"Educated"
"547",803,"6/27/2014 17:32","6/27/2014 17:41",1,"Scientists",NA,1,NA,1,3,5,1,6,7,6,5,6,6,3,5,2,6,6,6,2,5,4,187,45,2,40,NA,"Scientists"
"548",804,"6/27/2014 17:37","6/27/2014 17:43",1,"Scientists",NA,1,NA,1,5,3,2,5,5,5,2,5,5,5,7,5,5,3,5,3,2,2,187,62,2,39,NA,"Scientists"
"549",814,"6/27/2014 18:05","6/27/2014 18:10",1,"Scientists",NA,1,NA,1,5,4,2,5,5,5,2,3,5,3,4,2,3,2,3,2,4,2,187,52,1,42,NA,"Educated"
"550",815,"6/27/2014 18:06","6/27/2014 18:10",1,"Scientists",NA,1,NA,1,5,5,2,5,6,6,5,6,7,2,5,5,6,7,7,6,5,2,187,53,1,39,NA,"Scientists"
"551",816,"6/27/2014 18:07","6/27/2014 18:11",1,"Scientists",NA,1,NA,1,3,3,2,3,6,5,2,5,5,3,3,5,4,1,4,1,4,3,187,37,1,39,NA,"Educated"
"552",817,"6/27/2014 18:10","6/27/2014 18:14",1,"Scientists",NA,1,NA,1,5,6,5,6,6,6,5,5,5,5,6,5,6,6,5,6,6,3,187,33,1,38,NA,"Scientists"
"553",818,"6/27/2014 18:03","6/27/2014 18:15",1,"Scientists",NA,1,NA,1,6,5,5,6,6,5,5,5,5,5,4,3,5,5,5,5,4,3,187,59,1,44,NA,"Educated"
"554",819,"6/27/2014 18:13","6/27/2014 18:16",1,"Scientists",NA,1,NA,1,5,6,2,5,7,6,7,5,6,3,6,6,6,6,6,5,5,2,187,39,1,39,NA,"Scientists"
"555",820,"6/27/2014 18:13","6/27/2014 18:16",1,"Scientists",NA,1,NA,1,4,4,4,5,4,4,4,4,4,4,5,4,4,4,4,4,4,3,187,NA,1,NA,NA,"Educated"
"556",821,"6/27/2014 18:11","6/27/2014 18:17",1,"Scientists",NA,1,NA,1,3,3,2,3,4,5,4,4,4,6,6,5,4,3,3,3,3,2,187,64,1,39,NA,"Scientists"
"557",822,"6/27/2014 18:12","6/27/2014 18:18",1,"Scientists",NA,1,NA,1,6,6,5,7,7,7,6,6,7,2,3,5,7,6,7,6,4,5,187,51,2,38,NA,"Scientists"
"558",825,"6/27/2014 18:28","6/27/2014 18:31",1,"Scientists",NA,1,NA,1,6,5,2,7,5,6,4,5,6,1,1,5,6,1,6,2,4,1,187,57,1,38,NA,"Educated"
"559",826,"6/27/2014 18:27","6/27/2014 18:34",1,"Scientists",NA,1,NA,1,5,5,3,6,6,6,6,6,6,5,5,5,6,6,6,5,5,3,187,37,2,41,NA,"Scientists"
"560",829,"6/27/2014 18:33","6/27/2014 18:38",1,"Scientists",NA,1,NA,1,7,6,3,6,7,7,6,6,7,5,5,6,7,7,6,3,4,2,187,51,2,43,NA,"Scientists"
"561",831,"6/27/2014 18:38","6/27/2014 18:41",1,"Scientists",NA,1,NA,1,5,6,3,6,5,5,6,6,6,4,5,4,7,6,6,5,5,5,187,42,1,43,NA,"Scientists"
"562",832,"6/27/2014 18:50","6/27/2014 18:55",1,"Scientists",NA,1,NA,1,5,3,2,2,6,6,2,6,6,5,5,2,5,3,4,4,3,2,187,38,1,39,NA,"Educated"
"563",833,"6/27/2014 18:55","6/27/2014 18:58",1,"Scientists",NA,1,NA,1,3,5,2,6,5,5,3,5,7,5,3,3,5,5,5,5,5,2,187,51,1,43,NA,"Educated"
"564",834,"6/27/2014 18:59","6/27/2014 19:04",1,"Scientists",NA,1,NA,1,5,5,4,6,5,5,6,6,6,3,5,5,6,4,4,7,6,3,187,42,1,38,NA,"Scientists"
"565",841,"6/27/2014 19:24","6/27/2014 19:29",1,"Scientists",NA,1,NA,1,5,3,4,6,4,6,6,5,5,4,5,5,6,6,7,4,1,1,187,50,1,44,NA,"Educated"
"566",842,"6/27/2014 19:30","6/27/2014 19:35",1,"Scientists",NA,1,NA,1,6,6,5,7,6,6,1,6,2,6,6,6,7,7,7,2,6,2,187,42,1,41,NA,"Scientists"
"567",843,"6/27/2014 19:23","6/27/2014 19:36",1,"Scientists",NA,1,NA,1,6,6,3,7,6,6,6,6,6,5,5,2,7,7,7,3,3,1,187,50,1,44,NA,"Scientists"
"568",845,"6/27/2014 19:42","6/27/2014 19:45",1,"Scientists",NA,1,NA,1,6,6,3,6,7,6,6,6,6,6,5,6,7,7,7,6,5,3,187,52,1,40,NA,"Scientists"
"569",848,"6/27/2014 19:59","6/27/2014 20:02",1,"Scientists",NA,1,NA,1,3,3,3,4,5,3,5,4,4,3,3,3,4,3,4,4,3,3,187,48,2,41,NA,"Scientists"
"570",849,"6/27/2014 19:38","6/27/2014 20:03",1,"Scientists",NA,1,NA,1,6,5,3,6,6,6,5,6,5,3,3,3,6,5,3,5,5,2,187,49,1,42,NA,"Educated"
"571",850,"6/27/2014 20:02","6/27/2014 20:07",1,"Scientists",NA,1,NA,1,2,2,2,5,5,5,3,5,5,2,5,5,5,5,6,6,3,2,187,56,1,38,NA,"Educated"
"572",851,"6/27/2014 20:01","6/27/2014 20:09",1,"Scientists",NA,1,NA,1,4,3,5,5,5,5,5,3,3,4,4,4,5,3,5,3,3,3,187,57,2,38,NA,"Scientists"
"573",856,"6/27/2014 20:21","6/27/2014 20:24",1,"Scientists",NA,1,NA,1,6,6,5,7,6,7,6,5,5,4,4,4,6,4,7,3,5,5,187,65,1,39,NA,"Scientists"
"574",858,"6/27/2014 14:34","6/27/2014 20:30",1,"Scientists",NA,1,NA,1,3,2,5,5,5,5,2,5,3,3,5,5,2,4,3,2,2,2,187,41,1,41,NA,"Educated"
"575",859,"6/27/2014 20:28","6/27/2014 20:31",1,"Scientists",NA,1,NA,1,5,2,3,6,5,6,5,6,5,7,3,5,7,3,7,3,5,3,187,32,2,39,NA,"Scientists"
"576",860,"6/27/2014 20:29","6/27/2014 20:33",1,"Scientists",NA,1,NA,1,4,5,1,6,5,5,5,3,5,5,4,3,4,3,4,3,3,2,187,38,1,43,NA,"Educated"
"577",861,"6/27/2014 20:31","6/27/2014 20:34",1,"Scientists",NA,1,NA,1,7,6,6,6,6,6,6,7,7,6,6,5,7,7,7,7,7,7,187,31,2,44,NA,"Scientists"
"578",862,"6/27/2014 20:30","6/27/2014 20:34",1,"Scientists",NA,1,NA,2,5,5,2,5,6,5,5,6,5,4,5,4,6,7,6,6,3,3,187,27,2,43,NA,"Educated"
"579",863,"6/27/2014 20:40","6/27/2014 20:43",1,"Scientists",NA,1,NA,1,5,4,2,6,5,5,4,4,6,5,5,5,5,4,6,3,4,4,187,59,2,39,NA,"Scientists"
"580",866,"6/27/2014 20:59","6/27/2014 21:01",1,"Scientists",NA,1,NA,1,5,3,1,7,5,5,4,3,3,5,5,5,5,2,4,4,4,1,187,55,1,38,NA,"Scientists"
"581",868,"6/27/2014 21:03","6/27/2014 21:08",1,"Scientists",NA,1,NA,1,6,5,5,5,5,5,5,5,5,5,4,5,6,6,7,6,4,1,187,33,1,43,NA,"Educated"
"582",871,"6/27/2014 21:08","6/27/2014 21:13",1,"Scientists",NA,1,NA,1,5,5,6,6,5,6,3,6,6,5,4,4,7,6,7,4,5,3,187,33,1,39,NA,"Scientists"
"583",873,"6/27/2014 21:27","6/27/2014 21:30",1,"Scientists",NA,1,NA,1,3,5,2,6,6,6,6,6,5,3,4,4,6,6,6,5,4,3,187,35,2,38,NA,"Educated"
"584",874,"6/27/2014 9:50","6/27/2014 21:39",1,"Scientists",NA,1,NA,1,5,5,5,5,5,5,3,5,6,4,4,4,4,5,5,3,5,2,187,62,1,43,NA,"Scientists"
"585",878,"6/27/2014 22:13","6/27/2014 22:17",1,"Scientists",NA,1,NA,1,5,5,3,6,5,5,5,5,5,4,2,5,6,4,5,5,4,3,187,44,1,39,NA,"Educated"
"586",879,"6/27/2014 22:19","6/27/2014 22:21",1,"Scientists",NA,1,NA,1,6,3,2,5,5,6,5,5,5,5,5,6,4,3,4,2,3,2,187,57,1,39,NA,"Educated"
"587",882,"6/27/2014 22:28","6/27/2014 22:33",1,"Scientists",NA,1,NA,1,5,5,4,6,5,5,6,6,6,3,5,4,6,5,6,4,5,5,187,28,1,42,NA,"Scientists"
"588",884,"6/27/2014 22:39","6/27/2014 22:42",1,"Scientists",NA,1,NA,1,6,5,5,5,6,6,6,6,6,4,5,4,6,7,6,7,5,4,187,36,1,38,NA,"Scientists"
"589",887,"6/27/2014 22:36","6/27/2014 23:00",1,"Scientists",NA,1,NA,1,5,5,4,5,5,5,5,6,5,5,5,4,6,4,5,3,3,3,187,59,1,38,NA,"Educated"
"590",892,"6/27/2014 23:47","6/27/2014 23:57",1,"Scientists",NA,1,NA,1,6,3,2,6,7,5,7,7,6,2,2,3,6,6,6,4,4,5,187,63,1,39,NA,"Educated"
"591",894,"6/28/2014 0:03","6/28/2014 0:06",1,"Scientists",NA,1,NA,1,5,5,5,6,6,6,5,6,5,5,4,6,6,6,6,6,5,4,187,48,2,44,NA,"Scientists"
"592",895,"6/28/2014 0:03","6/28/2014 0:09",1,"Scientists",NA,1,NA,1,5,5,4,5,5,6,5,4,5,4,2,4,4,2,4,2,4,2,187,25,1,38,NA,"Educated"
"593",896,"6/28/2014 0:11","6/28/2014 0:14",1,"Scientists",NA,1,NA,2,2,4,2,6,4,4,5,5,5,5,5,5,4,4,6,3,4,1,187,20,2,39,NA,"Scientists"
"594",897,"6/27/2014 23:47","6/28/2014 0:15",1,"Scientists",NA,1,NA,1,6,6,5,6,4,7,7,3,6,2,5,3,6,6,5,5,4,6,187,39,1,39,NA,"Scientists"
"595",898,"6/28/2014 0:22","6/28/2014 0:40",1,"Scientists",NA,1,NA,1,3,3,1,2,5,5,2,4,2,6,5,3,6,5,4,3,3,1,187,55,1,41,NA,"Educated"
"596",899,"6/28/2014 0:56","6/28/2014 1:04",1,"Scientists",NA,1,NA,1,5,4,4,4,5,6,4,5,3,3,3,5,5,4,4,2,2,3,187,41,2,43,NA,"Educated"
"597",901,"6/28/2014 1:23","6/28/2014 1:26",1,"Scientists",NA,1,NA,1,6,7,6,6,6,7,7,6,7,2,4,4,6,6,7,6,6,6,187,53,2,39,NA,"Scientists"
"598",903,"6/28/2014 3:35","6/28/2014 3:43",1,"Scientists",NA,1,NA,1,5,5,4,5,5,6,6,5,5,4,4,3,5,5,5,4,3,4,187,61,1,39,NA,"Educated"
"599",904,"6/28/2014 4:01","6/28/2014 4:08",1,"Scientists",NA,1,NA,1,5,5,3,4,5,5,5,6,6,5,3,4,6,5,6,3,3,3,187,39,1,38,NA,"Scientists"
"600",905,"6/28/2014 4:28","6/28/2014 4:32",1,"Scientists",NA,1,NA,1,6,6,4,5,6,6,6,5,6,6,5,5,6,6,7,4,4,2,187,34,2,40,NA,"Educated"
"601",919,"6/28/2014 13:12","6/28/2014 13:17",1,"Scientists",NA,1,NA,1,6,6,2,6,6,6,7,6,6,5,7,6,7,7,7,7,5,1,187,49,1,38,NA,"Scientists"
"602",920,"6/28/2014 13:15","6/28/2014 13:18",1,"Scientists",NA,1,NA,1,4,5,4,6,6,6,5,6,5,4,5,5,5,5,6,5,3,3,187,34,1,39,NA,"Educated"
"603",923,"6/28/2014 13:38","6/28/2014 13:42",1,"Scientists",NA,1,NA,1,7,7,2,6,7,7,6,7,7,5,6,5,7,7,7,7,7,4,187,39,1,38,NA,"Scientists"
"604",924,"6/28/2014 14:23","6/28/2014 14:29",1,"Scientists",NA,1,NA,1,5,6,2,7,5,6,5,3,6,3,5,6,6,6,6,3,3,2,187,51,1,38,NA,"Scientists"
"605",927,"6/28/2014 15:10","6/28/2014 15:17",1,"Scientists",NA,1,NA,NA,4,4,2,5,3,5,5,4,3,3,2,5,5,3,4,3,5,2,187,58,2,38,NA,"Educated"
"606",928,"6/28/2014 15:20","6/28/2014 15:23",1,"Scientists",NA,1,NA,6,5,4,2,6,6,5,5,5,6,2,5,5,5,3,4,3,3,2,187,42,2,44,NA,"Educated"
"607",930,"6/28/2014 16:20","6/28/2014 16:25",1,"Scientists",NA,1,NA,1,5,5,4,6,5,6,7,5,6,4,5,5,6,6,6,6,5,4,187,35,1,40,NA,"Scientists"
"608",931,"6/27/2014 17:23","6/28/2014 16:28",1,"Scientists",NA,1,NA,1,7,6,3,7,7,7,5,7,7,2,2,2,7,7,7,7,6,4,187,33,2,38,NA,"Educated"
"609",933,"6/28/2014 16:58","6/28/2014 17:05",1,"Scientists",NA,1,NA,1,2,2,3,4,5,5,6,5,6,4,5,5,6,5,6,5,4,3,187,48,1,39,NA,"Scientists"
"610",935,"6/28/2014 17:36","6/28/2014 17:45",1,"Scientists",NA,1,NA,1,4,4,3,5,6,6,5,5,5,5,6,5,6,6,6,5,5,3,187,19,1,38,NA,"Scientists"
"611",937,"6/28/2014 19:03","6/28/2014 19:06",1,"Scientists",NA,1,NA,1,4,5,4,5,4,4,4,6,4,5,6,5,4,4,4,4,4,4,187,55,2,40,NA,"Educated"
"612",938,"6/28/2014 19:21","6/28/2014 19:24",1,"Scientists",NA,1,NA,1,6,5,5,6,6,6,6,6,6,5,6,5,6,6,6,5,4,4,187,33,2,38,NA,"Educated"
"613",940,"6/28/2014 19:26","6/28/2014 19:30",1,"Scientists",NA,1,NA,1,5,6,4,6,6,6,6,7,7,1,1,1,7,7,7,6,4,3,187,56,1,38,NA,"Scientists"
"614",943,"6/28/2014 20:52","6/28/2014 20:58",1,"Scientists",NA,1,NA,1,3,2,3,1,1,3,3,3,2,4,2,1,3,2,3,2,3,4,187,59,1,44,NA,"Educated"
"615",944,"6/28/2014 21:46","6/28/2014 21:54",1,"Scientists",NA,1,NA,1,4,5,3,5,6,6,4,5,5,2,5,5,4,4,4,4,5,4,187,55,1,41,NA,"Educated"
"616",946,"6/29/2014 0:09","6/29/2014 0:15",1,"Scientists",NA,1,NA,1,6,5,3,6,6,6,4,6,6,3,5,5,6,6,6,5,5,5,187,61,1,38,NA,"Educated"
"617",948,"6/29/2014 1:39","6/29/2014 1:44",1,"Scientists",NA,1,NA,1,4,2,2,5,5,6,4,6,6,4,5,4,5,2,2,2,2,1,187,59,1,38,NA,"Scientists"
"618",951,"6/29/2014 5:26","6/29/2014 5:33",1,"Scientists",NA,1,NA,1,3,1,4,5,3,4,2,5,3,3,4,3,4,4,4,2,3,1,187,45,2,39,NA,"Educated"
"619",964,"6/29/2014 12:42","6/29/2014 13:57",1,"Scientists",NA,1,NA,1,6,6,4,7,5,6,6,7,7,5,4,5,7,7,7,7,6,7,187,49,2,43,NA,"Scientists"
"620",965,"6/29/2014 14:18","6/29/2014 14:20",1,"Scientists",NA,1,NA,1,4,4,3,5,5,6,5,3,4,5,6,5,5,5,6,6,3,2,187,49,1,40,NA,"Scientists"
"621",972,"6/29/2014 19:27","6/29/2014 19:31",1,"Scientists",NA,1,NA,1,7,7,4,7,6,7,4,7,7,3,4,5,7,7,7,5,6,5,187,35,2,41,NA,"Educated"
"622",973,"6/29/2014 20:03","6/29/2014 20:06",1,"Scientists",NA,1,NA,1,3,5,1,7,7,6,5,7,7,4,6,2,2,2,1,3,1,2,187,49,1,43,NA,"Educated"
"623",975,"6/29/2014 20:46","6/29/2014 20:49",1,"Scientists",NA,1,NA,1,4,4,4,4,4,4,4,4,4,1,4,5,4,4,4,4,4,4,187,55,2,38,NA,"Educated"
"624",976,"6/29/2014 21:16","6/29/2014 21:21",1,"Scientists",NA,1,NA,1,6,6,3,7,6,7,5,6,6,3,5,6,6,5,5,5,6,4,187,53,1,41,NA,"Scientists"
"625",980,"6/30/2014 0:42","6/30/2014 0:54",1,"Scientists",NA,1,NA,1,6,6,4,6,6,6,6,6,6,4,2,1,6,4,4,6,6,4,187,57,1,38,NA,"Scientists"
"626",983,"6/30/2014 2:06","6/30/2014 2:09",1,"Scientists",NA,1,NA,1,6,6,6,6,6,6,7,6,6,4,2,7,6,6,6,6,6,6,187,63,1,42,NA,"Scientists"
"627",994,"6/30/2014 7:41","6/30/2014 7:48",1,"Scientists",NA,1,NA,1,6,5,5,6,6,6,6,5,6,6,6,5,6,6,6,6,6,4,187,54,1,40,NA,"Educated"
"628",1004,"6/30/2014 12:10","6/30/2014 12:15",1,"Scientists",NA,1,NA,1,5,6,2,4,6,5,6,6,6,6,5,5,4,4,4,4,3,2,187,28,1,43,NA,"Educated"
"629",1006,"6/30/2014 13:08","6/30/2014 13:14",1,"Scientists",NA,1,NA,1,3,5,2,5,5,5,5,5,4,5,5,5,5,5,5,4,4,4,187,63,1,38,NA,"Educated"
"630",1010,"6/30/2014 16:31","6/30/2014 16:37",1,"Scientists",NA,1,NA,1,5,3,2,5,6,5,3,4,5,1,2,2,4,5,6,3,2,2,187,57,1,39,NA,"Educated"
"631",1011,"6/30/2014 18:04","6/30/2014 18:07",1,"Scientists",NA,1,NA,1,2,2,2,6,5,6,2,2,3,4,6,6,3,3,3,3,2,2,187,51,2,38,NA,"Scientists"
"632",1012,"6/30/2014 18:04","6/30/2014 18:08",1,"Scientists",NA,1,NA,1,6,5,3,5,5,5,5,5,5,6,5,4,5,2,5,2,3,2,187,59,1,43,NA,"Educated"
"633",1013,"6/30/2014 18:05","6/30/2014 18:10",1,"Scientists",NA,1,NA,1,3,3,3,5,4,5,3,3,3,4,4,4,6,6,6,3,3,1,187,40,1,40,NA,"Scientists"
"634",1015,"6/30/2014 18:02","6/30/2014 18:15",1,"Scientists",NA,1,NA,1,5,5,3,5,5,6,5,5,5,4,3,4,5,5,5,3,5,3,187,35,1,40,NA,"Educated"
"635",1019,"6/30/2014 18:34","6/30/2014 18:38",1,"Scientists",NA,1,NA,1,5,5,2,6,5,5,5,5,5,5,3,4,6,5,6,6,5,3,187,44,2,39,NA,"Scientists"
"636",1024,"6/30/2014 21:25","6/30/2014 21:31",1,"Scientists",NA,1,NA,1,3,3,1,4,3,4,3,5,5,1,1,1,7,6,6,6,4,1,187,26,1,42,NA,"Scientists"
"637",1026,"6/30/2014 23:26","6/30/2014 23:30",1,"Scientists",NA,1,NA,6,5,4,4,6,6,6,5,6,6,4,5,6,4,4,4,4,4,3,187,61,1,39,NA,"Scientists"
"638",1028,"6/30/2014 23:36","6/30/2014 23:40",1,"Scientists",NA,1,NA,1,5,4,2,6,6,6,5,6,6,3,2,3,5,4,4,3,4,2,187,61,2,39,NA,"Educated"
"639",1031,"7/1/2014 4:12","7/1/2014 4:17",1,"Scientists",NA,1,NA,1,3,4,3,5,5,5,5,3,5,3,5,4,4,3,4,3,3,3,187,60,2,39,NA,"Educated"
"640",1035,"7/1/2014 11:23","7/1/2014 11:28",1,"Scientists",NA,1,NA,2,3,3,2,4,6,6,2,3,5,3,5,4,5,3,3,2,3,1,187,22,1,41,NA,"Educated"
"641",1039,"7/1/2014 15:58","7/1/2014 16:07",1,"Scientists",NA,1,NA,1,5,5,2,5,7,6,6,6,6,3,5,3,6,3,5,3,4,2,187,55,2,38,NA,"Educated"
"642",1043,"7/1/2014 17:57","7/1/2014 17:59",1,"Scientists",NA,1,NA,1,7,6,5,7,7,7,7,7,7,4,3,4,6,7,6,7,5,5,187,56,2,41,NA,"Educated"
"643",1045,"7/1/2014 18:20","7/1/2014 18:27",1,"Scientists",NA,1,NA,1,5,4,2,5,5,5,5,5,5,5,5,5,5,6,5,5,5,2,187,29,1,43,NA,"Educated"
"644",1046,"7/1/2014 20:07","7/1/2014 20:15",1,"Scientists",NA,1,NA,1,7,5,4,6,6,7,7,7,7,4,5,5,5,5,5,6,4,5,187,35,1,38,NA,"Educated"
"645",1047,"6/27/2014 21:05","7/1/2014 21:27",1,"Scientists",NA,1,NA,1,6,5,2,6,5,6,5,5,6,4,7,6,6,6,6,3,3,1,187,58,2,42,NA,"Scientists"
"646",1048,"7/1/2014 21:53","7/1/2014 22:00",1,"Scientists",NA,1,NA,1,5,5,2,5,5,6,6,5,5,3,2,5,5,5,5,5,3,3,187,40,2,40,NA,"Educated"
"647",1050,"7/2/2014 2:27","7/2/2014 2:32",1,"Scientists",NA,1,NA,1,5,5,6,6,6,6,5,6,6,5,6,5,6,4,6,4,5,3,187,43,1,38,NA,"Educated"
"648",1051,"7/2/2014 13:23","7/2/2014 13:27",1,"Scientists",NA,1,NA,1,5,3,3,5,5,5,3,5,5,3,3,4,5,3,2,2,5,2,187,53,2,39,NA,"Educated"
"649",1054,"7/2/2014 16:05","7/2/2014 16:08",1,"Scientists",NA,1,NA,1,7,7,5,6,7,7,7,7,7,2,5,5,7,7,7,7,7,4,187,49,2,39,NA,"Educated"
"650",1056,"7/2/2014 17:47","7/2/2014 17:52",1,"Scientists",NA,1,NA,1,5,4,3,5,5,5,5,5,5,1,3,5,5,3,2,5,3,2,187,55,2,42,NA,"Educated"
"651",1057,"7/2/2014 19:51","7/2/2014 19:55",1,"Scientists",NA,1,NA,1,7,7,6,7,7,7,7,7,7,7,4,5,7,7,7,7,7,7,187,46,2,39,NA,"Scientists"
"652",1063,"7/4/2014 12:50","7/4/2014 13:14",1,"Scientists",NA,1,NA,NA,6,7,6,2,5,4,6,4,4,2,2,3,6,7,6,6,2,6,187,55,2,43,NA,"Educated"
"653",1064,"7/5/2014 0:59","7/5/2014 1:05",1,"Scientists",NA,1,NA,1,5,5,3,6,6,3,3,3,4,3,5,3,6,4,5,3,4,3,187,55,1,39,NA,"Scientists"
"654",1070,"7/3/2014 3:43","7/7/2014 14:10",1,"Scientists",NA,1,NA,1,5,5,5,6,6,5,3,5,5,3,5,3,5,3,3,3,5,3,187,30,1,39,NA,"Educated"
"655",1071,"7/7/2014 18:37","7/7/2014 18:41",1,"Scientists",NA,1,NA,1,5,5,3,6,7,7,5,6,6,3,5,5,5,5,6,5,5,3,187,46,1,38,NA,"Scientists"
"656",1073,"7/7/2014 20:49","7/7/2014 20:53",1,"Scientists",NA,1,NA,1,5,6,5,7,7,7,4,5,6,3,3,4,6,6,6,4,4,1,187,47,1,38,NA,"Scientists"
"657",1074,"7/7/2014 23:42","7/7/2014 23:50",1,"Scientists",NA,1,NA,1,4,6,5,7,7,7,5,5,5,6,6,6,6,6,5,6,5,5,187,59,2,39,NA,"Scientists"
"658",1076,"7/8/2014 16:50","7/8/2014 16:53",1,"Scientists",NA,1,NA,1,5,5,2,4,5,5,6,5,5,3,5,3,6,3,3,5,4,3,187,32,1,39,NA,"Educated"
"659",1080,"7/8/2014 19:05","7/8/2014 19:10",1,"Scientists",NA,1,NA,1,3,7,4,7,5,7,7,7,6,5,5,5,6,7,7,6,5,3,187,56,2,43,NA,"Scientists"
"660",1082,"7/8/2014 21:01","7/8/2014 21:11",1,"Scientists",NA,1,NA,1,6,5,3,5,6,6,5,6,6,1,5,2,7,6,6,5,3,1,187,23,1,38,NA,"Educated"
"661",1083,"7/8/2014 21:19","7/8/2014 21:31",1,"Scientists",NA,1,NA,1,5,4,4,4,6,6,5,5,5,5,5,4,4,2,2,4,4,5,187,45,1,39,NA,"Educated"
"662",1087,"7/10/2014 16:00","7/10/2014 16:07",1,"Scientists",NA,1,NA,1,5,5,2,5,5,5,5,6,5,2,2,5,5,3,2,5,3,5,187,47,1,44,NA,"Educated"
"663",1088,"7/10/2014 19:28","7/10/2014 19:30",1,"Scientists",NA,1,NA,1,6,6,2,6,6,6,6,6,6,3,3,4,6,6,6,5,3,3,187,56,2,39,NA,"Scientists"
"664",2,"5/12/2014 12:32","5/12/2014 12:41",1,"NPW",NA,1,NA,1,6,6,3,5,6,5,6,6,6,3,2,3,6,5,6,5,5,3,187,36,1,41,NA,"Scientists"
"665",3,"5/12/2014 21:36","5/12/2014 21:45",1,"NPW",NA,1,NA,1,6,7,5,6,6,6,6,6,6,5,6,4,6,7,7,7,5,3,187,18,1,39,NA,"Scientists"
"666",4,"5/14/2014 10:27","5/14/2014 10:34",1,"NPW",NA,1,NA,1,7,6,6,7,7,7,7,7,7,5,5,4,6,7,7,7,7,3,169,14,1,41,NA,"Scientists"
"667",5,"5/14/2014 11:26","5/14/2014 11:30",1,"NPW",NA,1,NA,1,6,6,5,5,6,6,6,6,6,5,6,6,6,6,6,4,6,2,65,17,1,41,NA,"Scientists"
"668",6,"5/14/2014 12:14","5/14/2014 12:21",1,"NPW",NA,1,NA,1,5,5,2,6,7,7,6,6,5,5,5,5,6,6,6,6,4,2,185,21,1,42,NA,"Scientists"
"669",7,"5/14/2014 12:22","5/14/2014 12:33",1,"NPW",NA,1,NA,1,4,6,6,6,6,6,6,6,6,4,6,6,5,5,5,5,3,2,169,2,1,39,NA,"Scientists"
"670",8,"5/14/2014 12:55","5/14/2014 12:56",1,"NPW",NA,1,NA,1,NA,NA,NA,NA,NA,NA,NA,NA,NA,NA,NA,NA,NA,NA,NA,NA,NA,NA,NA,NA,NA,NA,NA,"Scientists"
"671",9,"5/14/2014 13:28","5/14/2014 13:33",1,"NPW",NA,1,NA,1,5,6,2,5,6,6,6,6,6,5,6,6,6,6,6,5,5,3,187,15,1,38,NA,"Scientists"
"672",10,"5/14/2014 13:56","5/14/2014 14:01",1,"NPW",NA,1,NA,1,6,5,5,7,6,6,5,7,7,5,5,5,5,2,7,5,3,1,187,25,1,40,NA,"Scientists"
"673",11,"5/14/2014 14:39","5/14/2014 14:49",1,"NPW",NA,1,NA,1,6,6,4,4,5,5,6,6,6,6,6,5,6,6,6,6,5,1,184,7,1,41,NA,"Scientists"
"674",12,"5/14/2014 15:06","5/14/2014 15:12",1,"NPW",NA,1,NA,1,6,6,4,6,6,6,6,6,6,2,4,5,6,6,6,3,3,2,61,NA,1,38,NA,"Scientists"
"675",13,"5/14/2014 15:09","5/14/2014 15:13",1,"NPW",NA,1,NA,1,5,5,4,5,5,5,5,5,5,4,5,5,5,5,5,5,3,3,187,23,1,38,NA,"Scientists"
"676",14,"5/14/2014 15:21","5/14/2014 15:24",1,"NPW",NA,1,NA,1,4,5,5,7,5,7,5,6,6,3,3,6,6,6,7,6,6,2,187,50,1,39,NA,"Scientists"
"677",15,"5/14/2014 15:23","5/14/2014 15:31",1,"NPW",NA,1,NA,1,3,5,3,7,5,4,5,6,5,2,5,5,6,5,6,5,4,2,9,48,1,38,NA,"Scientists"
"678",16,"5/14/2014 15:37","5/14/2014 15:47",1,"NPW",NA,1,NA,1,5,5,1,6,5,6,3,6,7,5,6,5,5,5,6,3,4,2,187,28,1,38,NA,"Scientists"
"679",17,"5/14/2014 16:42","5/14/2014 16:45",1,"NPW",NA,1,NA,1,6,5,2,4,6,6,7,6,6,1,4,5,6,6,6,3,5,2,187,36,1,41,NA,"Scientists"
"680",18,"5/14/2014 16:50","5/14/2014 16:58",1,"NPW",NA,1,NA,1,5,5,2,5,5,5,5,6,5,5,6,5,6,6,7,6,3,1,187,4,1,38,NA,"Scientists"
"681",19,"5/14/2014 16:59","5/14/2014 17:02",1,"NPW",NA,1,NA,1,6,5,1,5,6,5,7,7,7,5,7,5,7,7,7,7,5,2,187,27,1,39,NA,"Scientists"
"682",20,"5/14/2014 17:15","5/14/2014 17:19",1,"NPW",NA,1,NA,1,5,5,5,5,5,5,6,6,6,3,4,5,6,6,6,6,5,2,187,NA,1,41,NA,"Scientists"
"683",21,"5/14/2014 17:51","5/14/2014 18:02",1,"NPW",NA,1,NA,1,6,6,6,6,6,6,6,6,6,4,4,4,6,7,7,6,6,3,187,5,1,38,NA,"Scientists"
"684",22,"5/14/2014 18:19","5/14/2014 18:24",1,"NPW",NA,1,NA,1,6,5,5,6,6,6,6,6,6,3,5,5,6,6,6,5,4,5,187,24,1,38,NA,"Scientists"
"685",23,"5/14/2014 19:25","5/14/2014 19:29",1,"NPW",NA,1,NA,1,7,6,6,5,7,7,4,7,6,5,2,4,7,7,7,7,1,1,187,10,1,38,NA,"Scientists"
"686",24,"5/14/2014 19:30","5/14/2014 19:35",1,"NPW",NA,1,NA,1,7,6,6,6,6,6,7,7,7,5,5,5,6,7,7,6,6,3,187,13,1,38,NA,"Scientists"
"687",25,"5/14/2014 21:14","5/14/2014 21:20",1,"NPW",NA,1,NA,1,NA,NA,NA,NA,NA,NA,NA,NA,NA,NA,NA,NA,NA,NA,7,NA,NA,NA,NA,NA,NA,NA,NA,"Scientists"
"688",26,"5/14/2014 23:50","5/15/2014 0:00",1,"NPW",NA,1,NA,1,6,1,2,7,7,7,6,6,6,3,6,5,6,5,4,6,5,1,65,24,1,40,NA,"Scientists"
"689",27,"5/15/2014 3:06","5/15/2014 3:11",1,"NPW",NA,1,NA,1,6,6,6,6,7,6,6,6,7,4,4,4,6,6,6,6,6,5,185,20,1,38,NA,"Scientists"
"690",28,"5/15/2014 5:11","5/15/2014 5:16",1,"NPW",NA,1,NA,1,6,7,3,6,6,7,5,3,6,6,6,6,6,7,7,3,3,1,186,8,1,38,NA,"Scientists"
"691",29,"5/16/2014 14:06","5/16/2014 14:13",1,"NPW",NA,1,NA,1,5,4,2,6,5,5,3,5,5,2,2,2,6,5,7,5,5,5,185,19,1,39,NA,"Scientists"
"692",30,"5/16/2014 21:34","5/16/2014 21:38",1,"NPW",NA,1,NA,1,7,6,6,7,6,6,6,7,7,4,4,5,7,6,7,6,5,5,187,27,1,41,NA,"Scientists"
"693",31,"5/19/2014 14:41","5/19/2014 14:47",1,"NPW",NA,1,NA,1,4,4,2,5,6,5,4,5,6,5,5,4,5,4,5,5,5,1,187,4,1,38,NA,"Scientists"
"694",32,"5/19/2014 17:25","5/19/2014 18:49",1,"NPW",NA,1,NA,1,6,6,6,7,6,7,5,6,6,5,6,5,7,5,3,6,5,3,187,NA,1,38,NA,"Scientists"
"695",33,"5/19/2014 18:58","5/19/2014 19:04",1,"NPW",NA,1,NA,1,5,5,5,5,5,6,6,6,6,4,5,5,5,6,6,6,5,2,187,2,1,38,NA,"Scientists"
"696",34,"5/22/2014 16:25","5/22/2014 17:01",1,"NPW",NA,1,NA,1,7,7,3,6,6,6,6,7,7,4,3,4,7,7,6,6,6,3,185,5,1,43,NA,"Scientists"
"697",35,"5/23/2014 19:33","5/23/2014 19:35",1,"NPW",NA,1,NA,1,5,6,2,6,6,6,6,6,6,5,5,6,7,6,7,5,5,2,187,28,1,38,NA,"Scientists"
"698",36,"5/24/2014 0:50","5/24/2014 0:57",1,"NPW",NA,1,NA,1,5,4,2,5,5,4,6,6,6,4,5,5,6,6,6,5,4,2,187,33,1,38,NA,"Scientists"
"699",37,"5/26/2014 18:58","5/26/2014 19:04",1,"NPW",NA,1,NA,1,5,3,2,5,5,6,6,6,6,5,4,4,5,3,5,3,3,3,61,19,1,39,NA,"Scientists"
