V1,V2,V3,V4,V5,V6,V7,V8,V9,V10,vid,gc,quota,Respondent_Group,term,Screening,Condition,Intro,Consent,Reason_NC,CheckGroup,Intro_S,Q1_S_Ob,Q2_S_Ob,Q3_S_Ob,Q4_S,Q5_S_Ra,Q6_S_Ra,Q7_S_Op,Q8_S_Op,Q9_S_Op,Q10_S_IQ,Q11_S_IQ,Q12_S_IQ,Q13_S_In,Q14_S_In,Q15_S_In,Q16_S_Co,Q17_S_Co,Q18_S_Co,Intro_H,Q1_H_Ob,Q2_H_Ob,Q3_H_Ob,Q4_H_Ra,Q5_H_Ra,Q6_H_Ra,Q7_H_Op,Q8_H_Op,Q9_H_Op,Q10_H_IQ,Q11_H_IQ,Q12_H_IQ,Q13_H_In,Q14_H_In,Q15_H_In,Q16_H_Co,Q17_H_Co,Q18_H_Co,Intro_dem,Dem_countr,Dem_y_born,Dem_gender,Dem_occup,Dem_occup_TEXT,Dem_relig,Feedback,DO-BR-FL_19,DO-BL-Scientists,DO-BL-Highly_educated_people,LocationLatitude,LocationLongitude,LocationAccuracy
ResponseID,ResponseSet,Name,ExternalDataReference,EmailAddress,IPAddress,Status,StartDate,EndDate,Finished,vid,gc,quota,Respondent_Group,term,Screening,Condition,"Dear respondent, /  /    /  /  Thank you for your interest in our /  survey.  /    /  /  We will only report /  results of our survey aggregated (averaged) over many different /  respondents so that your answers will...","Before you start, please indicate / that you have read the above and agree to participate:",You have indicated that you do not wish to participate in this / study.  /   /  Thank you for your time.  /  /   /  If there is a specific reason why you do not wish to participate /  that you want to share with...,This question is to check whether you're indeed a member of the /  respondent group we're interested in for this study: /  /  Please indicate which answer applies to you:,"Below, /  you will read a series of statements about the /  typical scientist.  /  /    /  /  By /  ‘scientist’, we mean a person who is trained in a science and /  whose job involves doing scientific research or...",A scientist is capable of suppressing personal biases in the / interest of objective inquiry.,A scientist assesses relevant information without prejudicial /  distortions.,A scientist exhibits little emotionality with respect to his/her / beliefs.,A scientist has excellent problem-solving skills.,A scientist can readily discriminate between illogical and logical / reasoning.,A scientist is logical in his/her professional problem solving.,A scientist suspends judgment when faced with insufficient or / ambiguous information.,A scientist is generally willing to acknowledge evidence that goes / against his/her beliefs.,A scientist is willing to change his/her beliefs when / confronted with contrary evidence.,Standard measures of intelligence are a good predictor of the / performance of a scientist.,Superior intelligence is a prerequisite for a successful career of / a scientist.,A scientist has a very high IQ score.,A scientist conducts his/her work with integrity.,A scientist does not engage in unethical behavior to advance / his/her career.,A scientist does not commit fraud in his/her work.,A scientist does not withhold information from his/her colleagues / to protect his/her own interests.,A scientist exhibits cooperative rather than competitive behavior.,A scientist is not interested in personal fame or recognition.,"Below, you will read a series of /  statements about the /  typical highly-educated /  person.   /  /    /  /  By ‘a highly-educated /  person’, we mean a person who obtained a Bachelor's Degree or a /  Master's Deg...",A highly-educated person is capable of suppressing personal biases / in the interest of objective inquiry.,A highly-educated person assesses relevant information /  without prejudicial distortions.,A highly-educated person exhibits little emotionality / with respect to his/her beliefs.,A highly-educated person has excellent problem-solving /  skills.,A highly-educated person can readily discriminate between / illogical and logical reasoning.,A highly-educated person is logical in his/her / professional problem solving.,A highly-educated person suspends judgment when faced / with insufficient or ambiguous information.,A highly-educated person is willing to acknowledge / evidence that goes against his/her beliefs.,A highly-educated person is willing to change his/her / beliefs when confronted with contrary evidence.,Standard measures of intelligence are a good predictor of the / performance of a highly-educated person.,Superior intelligence is a prerequisite for a successful career of / a highly-educated person.,A highly-educated person has a very high IQ score.,A highly-educated person conducts his/her work with / integrity.,A highly-educated person does not engage in unethical / behavior to advance his/her career.,A highly-educated person does not commit fraud in his/her / work. ,A highly-educated person does not withhold information / from his/her colleagues to protect his/her own interests.,A highly-educated person exhibits cooperative rather than / competitive behavior.,A highly-educated person is not interested in personal / fame or recognition.,"Finally, we would like to ask you a few demographic questions:",List of Countries,What year were you born?,What is your gender?,What is your occupation? ,What is your occupation? -TEXT,And the final question: /   /  To what extent do you agree with the following statement? /   /   /    /   /    /   /   /  I consider myself religious,"This is the end of the questionnaire. Before we display some / additional information about our study, we would like to offer you / the opportunity to write down any comments, thoughts, ideas or / sugges...",Display Order: Block Randomizer FL_19,Display Order: Scientists,Display Order: Highly_educated_people,LocationLatitude,LocationLongitude,LocationAccuracy
R_6hTHXUIc7P03k2x,Default Response Set,Anonymous,,,24.181.237.21,0,5/13/2014 5:00,5/13/2014 5:03,1,26776234-6e4e-41ad-9de5-ab4feafd82e7,1,,Educated,,,Educated_Educated,1,1,,1,,,,,,,,,,,,,,,,,,,,1,5,5,4,5,6,6,4,6,6,5,3,5,5,4,4,4,4,4,1,187,54,2,7,disabled,40,,,,,,,
R_3xxhPx4eRPuM5EN,Default Response Set,Anonymous,,,74.98.0.247,0,5/13/2014 5:08,5/13/2014 5:12,1,ba5336d8-5afd-4b3a-80e2-e62f536938bf,1,,Educated,,,Educated_Educated,1,1,,1,,,,,,,,,,,,,,,,,,,,1,6,5,3,3,4,3,6,6,6,2,3,3,6,4,6,6,5,6,1,187,28,1,7,Retired,43,,,,,,,
R_6zEw82pxN83zSPH,Default Response Set,Anonymous,,,12.162.188.76,0,5/13/2014 5:05,5/13/2014 5:14,1,e533941e-4174-4604-bb8d-fe00ef5491ed,1,,Educated,,,Educated_Scientists,1,1,,1,1,3,5,5,5,5,5,5,3,3,5,5,5,5,3,3,3,5,3,,,,,,,,,,,,,,,,,,,,1,187,51,2,7,genealogist,44,,,,,,,
R_3NL596n39TI0X6R,Default Response Set,Anonymous,,,76.231.20.89,0,5/13/2014 5:09,5/13/2014 5:14,1,f993858f-9223-4202-a72c-3348851fbb63,1,,Educated,,,Educated_Scientists,1,1,,1,1,5,5,5,6,6,5,6,6,6,4,4,6,6,7,7,6,6,6,,,,,,,,,,,,,,,,,,,,1,187,26,2,7,retired,42,,,,,,,
R_0jomqFmj0ktw7lP,Default Response Set,Anonymous,,,192.200.105.219,0,5/13/2014 5:19,5/13/2014 5:22,1,8f6f9865-3fb9-41d4-9414-427264c5624b,1,,Educated,,,Educated_Scientists,1,1,,1,1,5,6,5,5,6,6,5,5,5,5,6,5,6,6,6,5,5,6,,,,,,,,,,,,,,,,,,,,1,187,61,1,6,,43,,,,,,,
R_a9mnkBACAakvNL7,Default Response Set,Anonymous,,,96.232.252.248,0,5/13/2014 5:20,5/13/2014 5:22,1,e7810d26-73f8-48a2-949a-624af4bf0154,1,,Educated,,,Educated_Educated,1,1,,2,,,,,,,,,,,,,,,,,,,,1,4,4,4,4,4,4,4,4,4,4,4,4,4,4,4,4,4,4,1,187,52,1,7,admin,39,,,,,,,
R_81FUBjOJNsdhXfv,Default Response Set,Anonymous,,,75.82.10.211,0,5/13/2014 5:26,5/13/2014 5:28,1,dcf4640e-feb6-4cd0-962f-80f362d7fbc5,1,,Educated,,,Educated_Educated,1,1,,2,,,,,,,,,,,,,,,,,,,,1,6,6,6,6,7,6,6,5,6,6,7,6,6,7,6,6,6,5,1,187,44,2,7,cpa,44,,,,,,,
R_2sM8QT8M2nurrh3,Default Response Set,Anonymous,,,71.89.84.211,0,5/13/2014 5:25,5/13/2014 5:28,1,6d42786d-6689-43ae-86ee-0a0646be2dc3,1,,Educated,,,Educated_Scientists,1,1,,1,1,6,6,6,6,6,6,6,6,6,6,6,6,6,6,5,5,6,2,,,,,,,,,,,,,,,,,,,,1,187,63,1,7,CPA,43,,,,,,,
R_cN2JSWWhqFElXU1,Default Response Set,Anonymous,,,174.62.87.24,0,5/13/2014 5:32,5/13/2014 5:35,1,cd794a8f-9dd2-4815-8c21-ffa762f59035,1,,Educated,,,Educated_Scientists,1,1,,2,1,6,7,6,7,7,6,5,6,6,6,5,6,7,6,6,7,7,5,,,,,,,,,,,,,,,,,,,,1,187,32,2,7,sales,38,,,,,,,
R_eJn3Ak7Cnfuuvsx,Default Response Set,Anonymous,,,64.90.215.25,0,5/13/2014 5:35,5/13/2014 5:38,1,3200ff1c-0719-404d-910f-a6304ae62319,1,,Educated,,,Educated_Educated,1,1,,2,,,,,,,,,,,,,,,,,,,,1,3,3,5,4,6,6,2,1,4,6,1,2,4,1,1,1,4,3,1,187,63,2,7,unemployed,44,,,,,,,
R_3xRRDon0Txk4Qjb,Default Response Set,Anonymous,,,174.50.145.152,0,5/13/2014 5:39,5/13/2014 5:42,1,39364d3f-7123-4d1e-9f48-23bf5cda8921,1,,Educated,,,Educated_Educated,1,1,,1,,,,,,,,,,,,,,,,,,,,1,2,3,3,5,5,5,2,5,4,6,3,3,5,2,2,2,5,2,1,187,34,2,7,executive assistant,42,,,,,,,
R_a3IhsxzHFLbAEtv,Default Response Set,Anonymous,,,64.134.151.255,0,5/13/2014 5:44,5/13/2014 5:49,1,85b279c4-567a-4ff3-9be5-d81db462c199,1,,Educated,,,Educated_Scientists,1,1,,2,1,3,5,3,6,4,6,4,4,4,4,4,4,4,4,5,4,4,4,,,,,,,,,,,,,,,,,,,,1,187,23,1,7,engineer,41,,,,,,,
R_bdzRIAnq3Ah2Rpj,Default Response Set,Anonymous,,,162.200.147.71,0,5/13/2014 5:49,5/13/2014 5:53,1,9d118369-6fb9-4b32-b7b0-3b3de3001727,1,,Educated,,,Educated_Educated,1,1,,2,,,,,,,,,,,,,,,,,,,,1,4,6,4,6,6,6,2,6,5,5,7,5,4,4,4,4,4,3,1,187,28,1,7,CEO,41,,,,,,,
R_6J61fZS89vc5rMN,Default Response Set,Anonymous,,,70.23.77.31,0,5/13/2014 5:54,5/13/2014 6:01,1,0caaf838-2b65-486b-8726-a8355d14e9ff,1,,Educated,,,Educated_Scientists,1,1,,1,1,4,6,4,4,6,7,4,6,4,4,4,4,4,4,4,4,4,2,,,,,,,,,,,,,,,,,,,,1,187,49,2,7,customer service,43,,,,,,,
R_3atfwsLeVNqspsF,Default Response Set,Anonymous,,,71.237.237.19,0,5/13/2014 5:59,5/13/2014 6:01,1,395feec7-2e95-475b-be74-63ed82260324,1,,Educated,,,Educated_Educated,1,1,,4,,,,,,,,,,,,,,,,,,,,1,5,4,4,6,5,6,4,5,3,6,5,6,4,4,4,4,5,4,1,187,40,1,7,Lawyer,38,,,,,,,
R_0NDkE6cIeJOiUER,Default Response Set,Anonymous,,,66.196.22.2,0,5/13/2014 6:02,5/13/2014 6:07,1,b72ed48a-2f2d-4d75-8834-2710769fd2ed,1,,Educated,,,Educated_Educated,1,1,,2,,,,,,,,,,,,,,,,,,,,1,1,2,4,1,3,4,4,4,4,3,7,2,4,1,1,1,4,1,1,187,36,2,7,Admin asst,44,,,,,,,
R_elY94yLHuARwzZj,Default Response Set,Anonymous,,,71.95.216.66,0,5/13/2014 6:02,5/13/2014 6:07,1,c4ba11cf-c426-4ce5-bf88-753ae65df028,1,,Educated,,,Educated_Scientists,1,1,,1,1,6,6,5,6,2,6,4,6,6,5,5,7,6,5,5,3,5,3,,,,,,,,,,,,,,,,,,,,1,187,61,1,7,Education,41,,,,,,,
R_9S1ZajySjdFb5Ah,Default Response Set,Anonymous,,,98.160.237.244,0,5/13/2014 6:04,5/13/2014 6:11,1,faf9b522-facd-4b56-8bf5-f608a974cba9,1,,Educated,,,Educated_Scientists,1,1,,1,1,6,7,4,7,6,7,7,7,6,7,6,6,7,7,7,7,7,6,,,,,,,,,,,,,,,,,,,,1,187,38,1,7,Disabled,38,,,,,,,
R_4NMIOTiFct0oCHj,Default Response Set,Anonymous,,,74.47.97.62,0,5/13/2014 6:20,5/13/2014 6:25,1,29c5c9c8-20d3-4633-a8ec-2e2d9b3e2c55,1,,Educated,,,Educated_Scientists,1,1,,1,1,5,4,6,3,4,5,4,3,4,4,5,5,3,2,2,2,4,4,,,,,,,,,,,,,,,,,,,,1,187,30,1,7,Internet Marketer,40,,,,,,,
R_3QQULzTHLWqEdvv,Default Response Set,Anonymous,,,74.107.71.4,0,5/13/2014 6:19,5/13/2014 6:26,1,c68fd458-eeb0-4249-b09b-82c89fd6e57b,1,,Educated,,,Educated_Educated,1,1,,1,,,,,,,,,,,,,,,,,,,,1,6,5,2,5,6,5,5,6,6,4,1,5,5,2,5,1,4,1,1,187,52,1,7,CBPO,43,,,,,,,
R_dbbRa224SG0zDCZ,Default Response Set,Anonymous,,,172.56.21.24,0,5/13/2014 6:23,5/13/2014 6:26,1,9435973e-15a5-4477-a311-09eb1153a8ff,1,,Educated,,,Educated_Scientists,1,1,,1,1,7,6,3,4,6,7,7,7,6,2,2,2,7,7,7,4,7,3,,,,,,,,,,,,,,,,,,,,1,187,32,1,7,Printer,39,,,,,,,
R_8f9emrYUpnjvqG9,Default Response Set,Anonymous,,,64.246.108.229,0,5/13/2014 6:20,5/13/2014 6:27,1,a168a204-5598-4636-bb04-d86281fe93db,1,,Educated,,,Educated_Educated,1,1,,1,,,,,,,,,,,,,,,,,,,,1,6,4,4,7,5,4,4,4,4,2,3,5,4,4,4,4,4,4,1,187,42,2,7,Homemaker,42,,,,,,,
R_3kPOJEXplTVDuzb,Default Response Set,Anonymous,,,68.184.68.82,0,5/13/2014 6:29,5/13/2014 6:34,1,edb641c4-21cf-4d93-8285-2e4d9faecf8f,1,,Educated,,,Educated_Educated,1,1,,1,,,,,,,,,,,,,,,,,,,,1,4,4,2,5,4,5,4,4,4,4,3,4,4,4,4,4,4,4,1,187,55,1,7,e-commerce,44,,,,,,,
R_8c7QyZC1bWFj1WJ,Default Response Set,Anonymous,,,71.32.249.100,0,5/13/2014 6:36,5/13/2014 6:38,1,69dc3848-3811-4afe-ae0b-c2d23b62d9ba,1,,Educated,,,Educated_Scientists,1,1,,1,1,7,7,6,6,7,6,7,6,7,7,6,5,6,7,7,6,7,6,,,,,,,,,,,,,,,,,,,,1,187,49,2,7,npo,43,,,,,,,
R_bpB9u0wRkjkdEaN,Default Response Set,Anonymous,,,173.71.146.61,0,5/13/2014 6:38,5/13/2014 6:43,1,81423fda-9bc1-48f7-8f55-e468c4b7a075,1,,Educated,,,Educated_Scientists,1,1,,2,1,6,7,6,7,6,7,5,6,7,7,7,6,7,7,7,2,6,3,,,,,,,,,,,,,,,,,,,,1,187,56,1,7,cto,43,,,,,,,
R_ehTjNsqzV9rUZnv,Default Response Set,Anonymous,,,72.131.110.206,0,5/13/2014 6:41,5/13/2014 6:45,1,236af4c0-d08c-4349-b74a-ae817bcaa21c,1,,Educated,,,Educated_Educated,1,1,,2,,,,,,,,,,,,,,,,,,,,1,5,3,2,6,5,5,5,6,5,2,2,2,5,6,2,4,2,3,1,187,67,2,7,teacher,38,,,,,,,
R_4OAdKFLWbUt8F9j,Default Response Set,Anonymous,,,75.183.44.166,0,5/13/2014 6:22,5/13/2014 6:47,1,8569c483-33ba-40d8-91f0-d5cae06bdc0d,1,,Educated,,,Educated_Educated,1,1,,2,,,,,,,,,,,,,,,,,,,,1,6,6,2,5,7,6,5,6,6,3,4,4,7,3,5,4,5,3,1,187,56,1,7,manager,38,,,,,,,
R_e9bfbWzfswbYxXn,Default Response Set,Anonymous,,,50.181.223.107,0,5/13/2014 6:44,5/13/2014 6:47,1,3d4beddf-4df6-4794-b5dc-a8da4a6d04db,1,,Educated,,,Educated_Scientists,1,1,,1,1,6,6,5,6,6,6,6,7,6,4,3,4,7,6,6,6,5,4,,,,,,,,,,,,,,,,,,,,1,187,50,2,7,,40,,,,,,,
R_e37mZysOD0bUrpb,Default Response Set,Anonymous,,,68.117.241.39,0,5/13/2014 6:46,5/13/2014 6:50,1,5631fc49-984a-4701-b234-ef7b58bdcfb9,1,,Educated,,,Educated_Educated,1,1,,2,,,,,,,,,,,,,,,,,,,,1,6,6,2,6,6,6,5,6,6,6,5,6,7,3,3,3,4,2,1,187,43,1,7,business management,44,,,,,,,
R_9menBCtGdIRqMxT,Default Response Set,Anonymous,,,71.234.94.140,0,5/13/2014 6:45,5/13/2014 6:53,1,93a9a97c-cc9a-4f1f-802a-f3f4f61255dd,1,,Educated,,,Educated_Scientists,1,1,,1,1,4,4,4,5,5,3,4,4,5,4,4,4,4,4,4,4,4,4,,,,,,,,,,,,,,,,,,,,1,187,51,2,7,manager,44,,,,,,,
R_1AZWOfdTBEap1U9,Default Response Set,Anonymous,,,96.245.91.31,0,5/13/2014 6:51,5/13/2014 6:54,1,4578d4ea-2e38-4be4-8748-6832f7f10bec,1,,Educated,,,Educated_Educated,1,1,,1,,,,,,,,,,,,,,,,,,,,1,6,7,6,7,7,6,7,6,6,3,2,2,7,6,7,6,7,6,1,187,40,2,7,merchandising specialist,40,,,,,,,
R_1LVSF1TKvuAN2uN,Default Response Set,Anonymous,,,173.0.5.131,0,5/13/2014 22:59,5/13/2014 23:01,1,bb4ca1c4-04d1-4639-978c-d7d219ad3b65,1,,Educated,,,Educated_Educated,1,1,,2,,,,,,,,,,,,,,,,,,,,1,5,5,6,5,6,6,6,7,7,5,6,5,5,6,6,5,5,6,1,187,65,1,6,,40,,,,,,,
R_a3DZlv9oXI2QKnH,Default Response Set,Anonymous,,,99.116.217.181,0,5/13/2014 22:59,5/13/2014 23:04,1,494e53ca-aa88-4915-943d-6d6d5b3521d5,1,,Educated,,,Educated_Scientists,1,1,,1,1,5,2,2,7,3,6,6,1,5,5,6,6,5,2,1,2,3,2,,,,,,,,,,,,,,,,,,,,1,187,29,1,7,retired,43,,,,,,,
R_4TKX1wbP3UCK1oN,Default Response Set,Anonymous,,,128.48.42.197,0,5/13/2014 23:04,5/13/2014 23:07,1,213d0185-3192-4fea-b441-8126c65e6c09,1,,Educated,,,Educated_Educated,1,1,,2,,,,,,,,,,,,,,,,,,,,1,5,3,2,4,5,4,3,5,5,5,5,4,4,4,4,4,4,4,1,187,22,1,7,,38,,,,,,,
R_eDQFlFff9KVyoyp,Default Response Set,Anonymous,,,70.190.139.187,0,5/13/2014 23:04,5/13/2014 23:07,1,24df4632-92d4-465d-9261-cf9ab2c47fc6,1,,Educated,,,Educated_Scientists,1,1,,1,1,4,4,4,4,5,4,5,4,5,4,4,4,5,4,4,4,4,4,,,,,,,,,,,,,,,,,,,,1,187,31,2,7,Homemaker,43,,,,,,,
R_3q6L0MSkq2IhFxr,Default Response Set,Anonymous,,,12.208.4.65,0,5/13/2014 23:08,5/13/2014 23:10,1,3549f85d-4460-4913-be87-43f0d6d0f38c,1,,Educated,,,Educated_Educated,1,1,,1,,,,,,,,,,,,,,,,,,,,1,4,4,2,3,4,2,2,4,4,4,4,4,4,4,2,4,4,4,1,187,59,2,7,admin,40,,,,,,,
R_8hNf6nkDD2t1vkp,Default Response Set,Anonymous,,,76.93.154.35,0,5/13/2014 23:07,5/13/2014 23:11,1,ebdc2672-aa8f-4106-ad69-8b2b06044cd0,1,,Educated,,,Educated_Scientists,1,1,,1,1,6,6,4,6,6,6,6,5,6,5,3,5,6,5,6,5,6,2,,,,,,,,,,,,,,,,,,,,1,187,32,1,7,Computer Services,39,,,,,,,
R_1MJCSe44ifZDyPr,Default Response Set,Anonymous,,,163.150.180.253,0,5/13/2014 23:10,5/13/2014 23:12,1,1df1d61c-94b9-4579-b6ee-1c6de6db7e84,1,,Educated,,,Educated_Scientists,1,1,,2,1,5,7,1,5,6,6,2,7,1,1,1,1,6,4,5,3,6,4,,,,,,,,,,,,,,,,,,,,1,187,54,1,7,Teacher,38,,,,,,,
R_5oKsFklaJarwHIN,Default Response Set,Anonymous,,,23.243.208.17,0,5/13/2014 23:12,5/13/2014 23:15,1,c2e50687-3350-4565-b688-42ef67a50033,1,,Educated,,,Educated_Educated,1,1,,1,,,,,,,,,,,,,,,,,,,,1,5,5,3,6,6,5,5,5,4,3,2,4,5,2,4,1,4,4,1,187,60,2,7,Film/TV development executive,38,,,,,,,
R_6fjYHdxvw6i3wEZ,Default Response Set,Anonymous,,,71.197.2.44,0,5/13/2014 23:13,5/13/2014 23:18,1,fcae1d35-8d5b-406e-b28b-5f5a04b1754e,1,,Educated,,,Educated_Educated,1,1,,1,,,,,,,,,,,,,,,,,,,,1,6,5,3,5,6,5,6,7,3,5,3,4,6,6,4,6,4,4,1,187,55,2,7,,43,,,,,,,
R_envWiwUSx2vnWS1,Default Response Set,Anonymous,,,75.1.48.146,0,5/13/2014 23:16,5/13/2014 23:18,1,a44e037d-38a9-4773-b373-655734209244,1,,Educated,,,Educated_Scientists,1,1,,1,1,4,4,4,5,4,6,3,4,4,3,5,3,4,6,1,6,4,2,,,,,,,,,,,,,,,,,,,,1,187,50,1,7,construction,38,,,,,,,
R_40EftuX3EbcoqI5,Default Response Set,Anonymous,,,68.109.130.185,0,5/13/2014 23:17,5/13/2014 23:19,1,6772c7ea-2c00-4ce0-99c9-aa5b73aa3f59,1,,Educated,,,Educated_Scientists,1,1,,1,1,5,6,2,6,5,6,5,6,5,5,5,6,6,5,5,6,6,5,,,,,,,,,,,,,,,,,,,,1,187,65,2,6,,38,,,,,,,
R_eIHB8GnPz8WpLXn,Default Response Set,Anonymous,,,134.139.4.11,0,5/13/2014 23:15,5/13/2014 23:19,1,0c5cff45-5f07-4ce4-b8fe-32b924c95f77,1,,Educated,,,Educated_Educated,1,1,,1,,,,,,,,,,,,,,,,,,,,1,6,5,5,6,6,5,6,5,6,5,5,5,6,6,5,5,5,3,1,187,49,1,7,manager,43,,,,,,,
R_89cC2gAma3l773D,Default Response Set,Anonymous,,,72.192.144.12,0,5/13/2014 23:23,5/13/2014 23:26,1,e914c1fe-70d4-4c45-a33a-11180c8c0be5,1,,Educated,,,Educated_Scientists,1,1,,2,1,6,6,6,7,6,6,6,6,4,2,3,4,7,7,7,7,6,5,,,,,,,,,,,,,,,,,,,,1,187,41,1,7,retired,44,,,,,,,
R_ernl3ELnCwywac5,Default Response Set,Anonymous,,,50.182.149.205,0,5/13/2014 23:22,5/13/2014 23:27,1,e7054d40-0a12-4bf2-81ac-6e1e34d17a96,1,,Educated,,,Educated_Educated,1,1,,2,,,,,,,,,,,,,,,,,,,,1,3,6,3,5,5,6,3,5,5,5,2,1,5,3,3,3,2,2,1,187,33,2,7,teacher,39,,,,,,,
R_3TNuxhE0xGoB7Eh,Default Response Set,Anonymous,,,96.42.231.100,0,5/13/2014 23:25,5/13/2014 23:28,1,b4d672cf-7e52-44f1-9c93-87954d60717b,1,,Educated,,,Educated_Educated,1,1,,1,,,,,,,,,,,,,,,,,,,,1,4,4,4,4,4,4,4,4,4,4,4,3,4,3,4,4,4,4,1,187,46,1,7,Massage Therapist,38,,,,,,,
R_bfI1XGJ7SoGpMnb,Default Response Set,Anonymous,,,172.56.31.117,0,5/13/2014 23:25,5/13/2014 23:29,1,0782c06f-2606-4f0c-8777-cc32a1679d7b,1,,Educated,,,Educated_Scientists,1,1,,1,1,5,6,5,7,7,7,7,5,6,6,6,6,7,6,6,6,6,5,,,,,,,,,,,,,,,,,,,,1,187,39,2,7,manager,39,,,,,,,
R_2fufn1YL7WF8m6p,Default Response Set,Anonymous,,,98.220.140.89,0,5/13/2014 23:30,5/13/2014 23:31,1,cc35439b-ccf8-45fc-86f4-1b3bc1355417,1,,Educated,,,Educated_Scientists,1,1,,1,1,7,5,7,6,6,7,7,7,4,5,1,5,7,6,7,6,5,2,,,,,,,,,,,,,,,,,,,,1,187,43,1,7,OSR,44,,,,,,,
R_9zv5782eeZdqqNf,Default Response Set,Anonymous,,,162.205.216.146,0,5/13/2014 23:30,5/13/2014 23:32,1,2f78e028-79c6-4e1b-a690-6fd8e00b839e,1,,Educated,,,Educated_Scientists,1,1,,2,1,7,7,4,7,7,7,5,7,7,5,5,4,7,7,7,7,4,4,,,,,,,,,,,,,,,,,,,,1,187,36,2,7,dir it,38,,,,,,,
R_cClLZw4aMe8vEjP,Default Response Set,Anonymous,,,166.137.120.69,0,5/13/2014 23:29,5/13/2014 23:34,1,cf57bb4f-b526-4f5c-8a46-ca130b314b78,1,,Educated,,,Educated_Educated,1,1,,2,,,,,,,,,,,,,,,,,,,,1,5,6,2,5,6,5,5,6,6,5,2,5,4,2,2,3,3,2,1,187,54,2,7,,43,,,,,,,
R_0UqCKvIhaZeZaYJ,Default Response Set,Anonymous,,,98.24.118.121,0,5/13/2014 23:32,5/13/2014 23:37,1,22fccd8c-f99a-43f2-9871-fb508880f394,1,,Educated,,,Educated_Educated,1,1,,2,,,,,,,,,,,,,,,,,,,,1,4,4,4,4,4,4,4,4,4,6,4,4,4,4,4,4,4,4,1,187,53,2,7,commercial real estate,43,,,,,,,
R_2lctc2k8HsTYz3v,Default Response Set,Anonymous,,,71.88.244.64,0,5/13/2014 23:35,5/13/2014 23:40,1,d058caae-5916-4e50-aea1-139deb257026,1,,Educated,,,Educated_Scientists,1,1,,1,1,5,6,6,6,7,7,4,6,6,6,4,6,7,6,7,7,7,6,,,,,,,,,,,,,,,,,,,,1,187,30,2,7,retired,44,,,,,,,
R_bKn8YSoKhUFI6Ut,Default Response Set,Anonymous,,,67.189.161.27,0,5/13/2014 23:39,5/13/2014 23:42,1,d517b41b-7f7b-4fdd-b7c9-6cd43250a63c,1,,Educated,,,Educated_Educated,1,1,,1,,,,,,,,,,,,,,,,,,,,1,5,4,3,5,5,5,5,5,5,3,4,4,5,4,4,3,4,3,1,187,46,1,7,IT manager,40,,,,,,,
R_eD8sJqItiHPDEsR,Default Response Set,Anonymous,,,173.21.155.206,0,5/13/2014 23:39,5/13/2014 23:42,1,b41ea307-07e9-4978-8761-571989570ad3,1,,Educated,,,Educated_Educated,1,1,,1,,,,,,,,,,,,,,,,,,,,1,5,5,3,5,6,6,3,6,6,5,2,3,6,5,6,3,5,3,1,187,66,2,7,disabled,39,,,,,,,
R_3xv10Q6fHh3JRad,Default Response Set,Anonymous,,,96.244.54.210,0,5/13/2014 23:39,5/13/2014 23:43,1,8b6fd522-afaa-40e3-b5e3-bc23745387d6,1,,Educated,,,Educated_Scientists,1,1,,2,1,6,5,2,5,5,6,5,3,5,1,1,2,5,5,5,5,1,1,,,,,,,,,,,,,,,,,,,,1,187,32,2,7,Grants Accountant,43,,,,,,,
R_25zKWVd0fBQCA1T,Default Response Set,Anonymous,,,68.200.65.92,0,5/13/2014 23:47,5/13/2014 23:50,1,b3f735d3-b8e5-41b0-9847-57767dba00f3,1,,Educated,,,Educated_Educated,1,1,,2,,,,,,,,,,,,,,,,,,,,1,4,4,4,4,4,4,4,4,4,4,4,4,4,4,4,4,4,4,1,187,30,2,7,Adjunct Professor,44,,,,,,,
R_eLqH6KpqACWhmHr,Default Response Set,Anonymous,,,74.100.100.108,0,5/13/2014 23:47,5/13/2014 23:51,1,7b2b8939-dfdb-46ed-8cba-44af80e01ef1,1,,Educated,,,Educated_Scientists,1,1,,1,1,5,5,5,6,5,6,5,5,6,4,4,5,5,4,4,4,4,4,,,,,,,,,,,,,,,,,,,,1,187,36,2,7,SR BENEFIT ADMINISTRATOR,42,,,,,,,
R_5Ac6bmyvIw7mjrv,Default Response Set,Anonymous,,,50.162.82.64,0,5/14/2014 0:11,5/14/2014 0:13,1,bfca2495-9cd0-4c34-9c14-bc3ce54c0c76,1,,Educated,,,Educated_Educated,1,1,,1,,,,,,,,,,,,,,,,,,,,1,5,5,5,5,5,5,5,5,5,5,5,5,5,3,5,5,5,4,1,187,35,1,7,religious,43,,,,,,,
R_719nDCwN2lvH40J,Default Response Set,Anonymous,,,71.82.9.174,0,5/14/2014 0:14,5/14/2014 0:24,1,9818ac6d-7cf8-4235-8e7b-e0790a6c52df,1,,Educated,,,Educated_Scientists,1,1,,1,1,6,6,5,6,5,5,6,6,6,6,5,6,6,6,6,6,6,5,,,,,,,,,,,,,,,,,,,,1,187,26,2,7,teacher - retired,44,,,,,,,
R_aVQLpeyLs4bb6br,Default Response Set,Anonymous,,,166.205.51.98,0,5/14/2014 0:18,5/14/2014 0:30,1,667f48ae-e4b5-4fd9-bd52-93785d029d5f,1,,Educated,,,Educated_Scientists,1,1,,1,1,4,4,4,4,4,4,4,4,4,4,4,4,4,4,4,4,4,4,,,,,,,,,,,,,,,,,,,,1,187,66,2,7,Business analyst,41,,,,,,,
R_8dZuNmppWpsVCUR,Default Response Set,Anonymous,,,98.113.66.181,0,5/14/2014 0:29,5/14/2014 0:31,1,9f07d77f-1b25-45f4-a11d-8eb0b93b862c,1,,Educated,,,Educated_Educated,1,1,,2,,,,,,,,,,,,,,,,,,,,1,7,4,6,6,5,5,6,7,6,6,5,5,7,7,4,4,5,4,1,187,61,1,7,manager,44,,,,,,,
R_879bmDIrYxKF0Kp,Default Response Set,Anonymous,,,69.73.50.40,0,5/14/2014 0:33,5/14/2014 0:35,1,7d33e9d8-8939-44e2-9ea1-47d9869451b7,1,,Educated,,,Educated_Scientists,1,1,,2,1,6,5,5,6,6,6,5,5,6,4,5,5,6,6,6,5,6,4,,,,,,,,,,,,,,,,,,,,1,187,34,1,7,IT,44,,,,,,,
R_e8RYGX2rQUyP7xj,Default Response Set,Anonymous,,,76.205.244.31,0,5/14/2014 0:35,5/14/2014 0:36,1,f9a4ac0e-13d8-4f6d-ad05-0717e689f1fc,1,,Educated,,,Educated_Educated,1,1,,1,,,,,,,,,,,,,,,,,,,,1,4,5,4,5,4,4,5,4,5,5,4,5,4,4,5,5,4,4,1,187,62,1,7,services,43,,,,,,,
R_54qFwXitvuZsr5z,Default Response Set,Anonymous,,,23.228.235.104,0,5/14/2014 0:45,5/14/2014 0:48,1,c0d6ea7c-42fc-4db2-9483-60b64792d180,1,,Educated,,,Educated_Scientists,1,1,,1,1,5,4,5,6,6,4,3,4,4,5,-99,6,5,3,6,4,4,5,,,,,,,,,,,,,,,,,,,,1,187,61,1,7,sale,40,,,,,,,
R_9ZiVLYH1RlZpPWR,Default Response Set,Anonymous,,,173.79.236.217,0,5/14/2014 0:56,5/14/2014 0:58,1,1e0c0aea-874d-4e4b-ab81-bc19f5f45757,1,,Educated,,,Educated_Educated,1,1,,2,,,,,,,,,,,,,,,,,,,,1,3,3,2,3,3,3,3,3,3,3,2,2,2,2,1,3,2,3,1,187,43,1,7,Technologist,40,,,,,,,
R_bCTuEhRFhG3posB,Default Response Set,Anonymous,,,68.50.119.56,0,5/14/2014 0:43,5/14/2014 1:02,1,a638b217-cc1e-4a44-8ac9-b3304f2fdf68,1,,Educated,,,Educated_Educated,1,1,,1,,,,,,,,,,,,,,,,,,,,1,5,5,4,5,5,5,5,5,4,3,4,4,5,4,4,3,4,3,1,187,65,2,7,Associate,40,,,,,,,
R_blttvyzY33qKxO5,Default Response Set,Anonymous,,,173.88.68.33,0,5/14/2014 0:59,5/14/2014 1:06,1,6ff15684-ffb1-4189-bea7-e4e4b9fd71e4,1,,Educated,,,Educated_Educated,1,1,,1,,,,,,,,,,,,,,,,,,,,1,6,7,5,6,6,6,7,6,5,6,5,7,6,6,6,3,3,3,1,187,39,1,7,cashier,43,,,,,,,
R_0Oi85EfR2RkRtZ3,Default Response Set,Anonymous,,,69.57.121.168,0,5/14/2014 1:05,5/14/2014 1:08,1,5b23d57d-fb7d-438e-8e35-3f56522853bd,1,,Educated,,,Educated_Educated,1,1,,1,,,,,,,,,,,,,,,,,,,,1,3,3,3,3,3,3,3,4,3,3,3,3,3,3,3,3,3,3,1,187,35,1,7,,44,,,,,,,
R_6YxF3LJZhZTlp3L,Default Response Set,Anonymous,,,76.73.161.96,0,5/14/2014 1:00,5/14/2014 1:13,1,8a0f8fdc-eb15-47b8-b06a-7b52f11f0031,1,,Educated,,,Educated_Scientists,1,1,,2,1,7,7,4,6,6,7,6,6,4,6,4,4,7,7,7,7,6,4,,,,,,,,,,,,,,,,,,,,1,187,39,2,7,medical technologist,44,,,,,,,
R_erPAIemJjz1oCTr,Default Response Set,Anonymous,,,71.126.53.192,0,5/14/2014 1:10,5/14/2014 1:13,1,8a8bd0ec-f5cf-4bbf-9cd3-861779d34414,1,,Educated,,,Educated_Scientists,1,1,,2,1,2,2,3,4,2,4,2,2,2,5,4,5,3,1,1,1,1,1,,,,,,,,,,,,,,,,,,,,1,187,21,1,7,Webmaster,44,,,,,,,
R_01XCVynjgCgtVel,Default Response Set,Anonymous,,,76.177.91.107,0,5/14/2014 1:11,5/14/2014 1:16,1,1d8eb21b-5d22-4402-8664-0395a37ec206,1,,Educated,,,Educated_Educated,1,1,,1,,,,,,,,,,,,,,,,,,,,1,4,3,2,3,3,4,2,6,5,4,1,2,5,2,2,5,3,2,1,187,39,2,7,Education,39,,,,,,,
R_bxBC3OBTjjGa2B7,Default Response Set,Anonymous,,,50.23.113.206,0,5/14/2014 1:16,5/14/2014 1:18,1,95576319-8566-433e-a361-df122a90eaf3,1,,Educated,,,Educated_Scientists,1,1,,1,1,5,3,5,6,5,5,6,6,4,4,5,6,4,4,3,4,4,5,,,,,,,,,,,,,,,,,,,,1,187,63,1,7,nurse,42,,,,,,,
R_2coN7JwYuDaV8HP,Default Response Set,Anonymous,,,99.63.33.222,0,5/14/2014 0:39,5/14/2014 1:19,1,0cfd6c55-e48a-4e26-92cf-7909b14f47f0,1,,Educated,,,Educated_Scientists,1,1,,1,1,4,4,4,5,4,4,4,4,4,4,3,5,4,4,4,4,4,4,,,,,,,,,,,,,,,,,,,,1,187,34,1,7,writer,43,,,,,,,
R_eaFoy0LxEWXT4J7,Default Response Set,Anonymous,,,170.190.40.78,0,5/14/2014 1:17,5/14/2014 1:22,1,f32bf3fc-b56a-4970-891d-438584e7fbc3,1,,Educated,,,Educated_Educated,1,1,,1,,,,,,,,,,,,,,,,,,,,1,4,2,3,4,5,4,4,5,5,5,2,4,4,1,1,3,4,2,1,187,29,1,7,,42,,,,,,,
R_8vxpw40apB7IWj3,Default Response Set,Anonymous,,,72.130.203.42,0,5/14/2014 1:07,5/14/2014 1:24,1,1cd3952b-3af3-454d-94ee-2ebaf9e52f05,1,,Educated,,,Educated_Scientists,1,1,,4,1,3,4,2,5,5,5,4,3,4,2,6,6,5,4,5,2,2,2,,,,,,,,,,,,,,,,,,,,1,187,38,1,6,,41,,,,,,,
R_3e13SjluIEdB0Hz,Default Response Set,Anonymous,,,76.125.134.53,0,5/14/2014 1:20,5/14/2014 1:25,1,77217ce4-47bb-4ca8-ab8a-e19857c2ef7e,1,,Educated,,,Educated_Scientists,1,1,,1,1,3,4,3,4,5,4,3,4,3,2,2,4,5,5,2,3,3,3,,,,,,,,,,,,,,,,,,,,1,187,30,2,7,homemaker,42,,,,,,,
R_37ygGHSLYrmuZ2R,Default Response Set,Anonymous,,,108.231.138.187,0,5/14/2014 1:21,5/14/2014 1:28,1,69c7ad60-d8a4-4940-9371-17e893729d47,1,,Educated,,,Educated_Educated,1,1,,2,,,,,,,,,,,,,,,,,,,,1,6,7,4,7,7,6,7,7,6,4,4,1,7,1,1,7,6,1,1,187,54,1,7,it manager,42,,,,,,,
R_bCP6hL2HHxA4uDb,Default Response Set,Anonymous,,,98.192.105.198,0,5/14/2014 1:18,5/14/2014 1:30,1,e75ba202-d982-4be6-8c6e-7da09bce5849,1,,Educated,,,Educated_Scientists,1,1,,1,1,7,7,7,7,7,7,7,7,7,7,7,6,7,7,7,7,7,7,,,,,,,,,,,,,,,,,,,,1,187,52,2,7,IT,44,,,,,,,
R_7PeqZcE7eWxN1wF,Default Response Set,Anonymous,,,98.116.68.206,0,5/14/2014 1:13,5/14/2014 1:35,1,83ad41ca-2a31-40ac-82fb-532a5d0b18eb,1,,Educated,,,Educated_Educated,1,1,,1,,,,,,,,,,,,,,,,,,,,1,3,3,3,4,5,3,3,3,3,2,6,3,3,3,3,3,3,3,1,187,71,2,7,Musician,38,,,,,,,
R_514abc9JLxu6JUx,Default Response Set,Anonymous,,,50.102.190.46,0,5/14/2014 1:33,5/14/2014 1:37,1,f96cb755-57f0-4eb9-861d-85feec0e1630,1,,Educated,,,Educated_Scientists,1,1,,2,1,4,3,4,5,5,4,3,3,3,3,3,4,4,4,4,3,3,3,,,,,,,,,,,,,,,,,,,,1,187,31,2,7,personal services,44,,,,,,,
R_emm8EJ234jpsjNX,Default Response Set,Anonymous,,,199.68.199.137,0,5/14/2014 1:44,5/14/2014 1:47,1,84dcd553-dcdc-454e-8cd0-5130785f9e44,1,,Educated,,,Educated_Educated,1,1,,1,,,,,,,,,,,,,,,,,,,,1,5,6,5,6,7,6,6,6,6,5,6,5,5,6,6,6,7,5,1,187,64,1,7,social worker,42,,,,,,,
R_ai045F99NnQqGhv,Default Response Set,Anonymous,,,97.114.123.236,0,5/14/2014 1:36,5/14/2014 1:50,1,5cece795-b341-48a9-b1b0-8938a033b89a,1,,Educated,,,Educated_Educated,1,1,,1,,,,,,,,,,,,,,,,,,,,1,4,4,1,4,3,4,4,5,4,4,1,1,4,3,4,4,3,3,1,187,40,2,7,actuary,40,,,,,,,
R_7220WqAaiYZh1EV,Default Response Set,Anonymous,,,207.62.246.200,0,5/14/2014 1:50,5/14/2014 1:53,1,b241779c-7313-4d79-a47c-51cd7de86eb7,1,,Educated,,,Educated_Scientists,1,1,,2,1,6,7,7,7,7,6,7,7,7,5,5,5,7,6,6,6,6,5,,,,,,,,,,,,,,,,,,,,1,187,18,1,6,,41,,,,,,,
R_b26Epvh6HY0RYUt,Default Response Set,Anonymous,,,24.184.170.27,0,5/14/2014 1:50,5/14/2014 1:53,1,4c290821-144d-4414-ba18-ed1e74a00ce4,1,,Educated,,,Educated_Educated,1,1,,1,,,,,,,,,,,,,,,,,,,,1,4,4,4,4,4,4,4,4,4,4,4,4,4,4,4,4,4,4,1,187,31,1,7,retail,41,,,,,,,
R_0xsLJQHI6ZnvC17,Default Response Set,Anonymous,,,71.236.19.95,0,5/14/2014 1:56,5/14/2014 1:59,1,44953a8b-15e4-4af8-970b-07f0e9b55f4c,1,,Educated,,,Educated_Scientists,1,1,,2,1,6,5,6,7,7,7,6,4,3,7,6,7,7,6,6,3,4,1,,,,,,,,,,,,,,,,,,,,1,187,34,2,7,Sales,41,,,,,,,
R_e4CYF6UQkvpjBqZ,Default Response Set,Anonymous,,,108.195.16.129,0,5/14/2014 1:58,5/14/2014 2:02,1,694f4f13-4f02-4a5e-b8e7-4ce36c079f4b,1,,Educated,,,Educated_Scientists,1,1,,1,1,4,4,4,4,4,5,4,4,3,4,4,4,4,4,4,4,3,3,,,,,,,,,,,,,,,,,,,,1,187,59,2,7,fashion,43,,,,,,,
R_cT6wofkQ7eNvWlv,Default Response Set,Anonymous,,,67.169.181.62,0,5/14/2014 2:04,5/14/2014 2:07,1,12fb8416-b820-4162-b65e-f1cccf89334b,1,,Educated,,,Educated_Educated,1,1,,1,,,,,,,,,,,,,,,,,,,,1,6,4,4,4,5,5,4,4,4,3,5,3,4,4,4,4,4,4,1,187,61,2,7,none,40,,,,,,,
R_3TUTfp7RiV59ggJ,Default Response Set,Anonymous,,,172.56.9.167,0,5/14/2014 1:59,5/14/2014 2:09,1,9f900276-0393-4215-bad0-954050b9ef6d,1,,Educated,,,Educated_Educated,1,1,,2,,,,,,,,,,,,,,,,,,,,1,6,6,5,5,6,6,5,6,6,4,2,6,5,5,3,4,5,2,1,187,57,2,7,customer care ,42,,,,,,,
R_0dCYdzihMbwxSGp,Default Response Set,Anonymous,,,72.192.235.124,0,5/14/2014 2:08,5/14/2014 2:09,1,06370641-3ee9-4970-8d3a-aa20ac2baa60,1,,Educated,,,Educated_Scientists,1,1,,2,1,7,6,6,6,6,6,6,6,6,7,5,5,6,6,6,6,6,6,,,,,,,,,,,,,,,,,,,,1,187,46,1,7,analyst,43,,,,,,,
R_cHHAUtlPvuFL1iZ,Default Response Set,Anonymous,,,108.203.49.205,0,5/14/2014 2:13,5/14/2014 2:17,1,7f75008f-ab94-4973-82a6-dce4d2be55db,1,,Educated,,,Educated_Educated,1,1,,1,,,,,,,,,,,,,,,,,,,,1,4,1,1,1,4,4,4,4,1,1,1,1,1,1,1,1,1,1,1,187,32,1,7,Police,39,,,,,,,
R_7ZFzJQlJGxBuEXb,Default Response Set,Anonymous,,,174.48.48.103,0,5/14/2014 2:21,5/14/2014 2:23,1,5ea9e002-7c24-4fe6-95af-ee6e5c8ab69f,1,,Educated,,,Educated_Educated,1,1,,2,,,,,,,,,,,,,,,,,,,,1,5,5,4,6,5,6,5,5,5,5,5,5,5,4,4,4,5,5,1,187,42,1,7,Programmer/Analyst,43,,,,,,,
R_aVMJmf4JfosOHJP,Default Response Set,Anonymous,,,67.190.137.214,0,5/14/2014 2:18,5/14/2014 2:24,1,f4a82855-02bd-4524-96cc-06be5ff80f6b,1,,Educated,,,Educated_Educated,1,1,,1,,,,,,,,,,,,,,,,,,,,1,5,5,3,5,6,5,5,5,6,6,6,5,6,6,6,5,6,4,1,187,24,1,7,accountant,38,,,,,,,
R_0P6luLDkbumi0GV,Default Response Set,Anonymous,,,98.229.221.115,0,5/14/2014 1:53,5/14/2014 2:33,1,1d4054b3-7342-4751-96b3-198ea573c780,1,,Educated,,,Educated_Scientists,1,1,,1,1,6,6,6,5,6,5,5,6,6,6,6,6,6,6,5,6,6,6,,,,,,,,,,,,,,,,,,,,1,187,67,1,7,si manage,38,,,,,,,
R_eM2bA5wwEH9rKSh,Default Response Set,Anonymous,,,69.116.170.237,0,5/14/2014 2:31,5/14/2014 2:34,1,82864137-ee9b-44d0-9faf-ab4efd9560f5,1,,Educated,,,Educated_Scientists,1,1,,4,1,6,6,2,7,4,5,4,5,6,3,2,4,4,6,6,3,5,5,,,,,,,,,,,,,,,,,,,,1,187,38,1,7,Physician,38,,,,,,,
R_094wK2lzeypzoYl,Default Response Set,Anonymous,,,98.209.35.112,0,5/14/2014 2:37,5/14/2014 2:41,1,02eb1691-da56-4594-98f7-6c1493139c8f,1,,Educated,,,Educated_Scientists,1,1,,2,1,1,4,4,7,1,4,1,1,4,4,7,7,4,1,1,1,4,1,,,,,,,,,,,,,,,,,,,,1,187,47,2,7,Owner/Teacher,38,,,,,,,
R_50FDPknVELPxf93,Default Response Set,Anonymous,,,75.13.132.191,0,5/14/2014 2:44,5/14/2014 2:48,1,1a83e499-4c6d-41a2-9d48-0d7807fb3859,1,,Educated,,,Educated_Educated,1,1,,1,,,,,,,,,,,,,,,,,,,,1,4,4,4,6,5,6,6,5,5,4,5,4,4,4,4,4,4,3,1,187,59,2,7,Accountant,44,,,,,,,
R_6FHae1B1miZCTJj,Default Response Set,Anonymous,,,108.34.131.13,0,5/14/2014 2:50,5/14/2014 2:56,1,aa4b9d64-7d26-450f-b24e-fec09fe8c679,1,,Educated,,,Educated_Educated,1,1,,1,,,,,,,,,,,,,,,,,,,,1,4,5,2,6,6,6,4,6,5,5,2,5,6,3,3,4,4,2,1,187,49,1,7,disabled/retired,40,,,,,,,
R_bJwPK0d55ao40uh,Default Response Set,Anonymous,,,72.77.254.95,0,5/14/2014 2:55,5/14/2014 2:58,1,9f856e1f-d63e-4a6a-981c-c89457b75791,1,,Educated,,,Educated_Scientists,1,1,,1,1,6,3,4,6,6,6,3,5,6,6,6,6,6,4,4,3,3,6,,,,,,,,,,,,,,,,,,,,1,187,29,1,7,Safety,39,,,,,,,
R_6oivdsMFIPCorxb,Default Response Set,Anonymous,,,98.114.209.150,0,5/14/2014 2:56,5/14/2014 2:58,1,f2d009e7-6e45-4d96-beaf-f0a13f1e0b44,1,,Educated,,,Educated_Scientists,1,1,,2,1,5,6,3,7,6,6,5,6,7,5,6,4,7,7,7,7,3,4,,,,,,,,,,,,,,,,,,,,1,187,64,2,7,counselor,38,,,,,,,
R_5jqaRgieav8wonz,Default Response Set,Anonymous,,,71.55.212.69,0,5/14/2014 2:59,5/14/2014 3:00,1,7dfcb462-32e5-4a1a-83ad-d7bc8b3a8122,1,,Educated,,,Educated_Educated,1,1,,4,,,,,,,,,,,,,,,,,,,,1,5,6,6,5,5,6,5,6,6,5,6,7,6,6,6,5,5,5,1,187,63,1,6,,44,,,,,,,
R_4GAcq5dbCsryszH,Default Response Set,Anonymous,,,98.200.211.60,0,5/14/2014 2:58,5/14/2014 3:01,1,0770d7ef-c48e-44ff-92de-846573713d3d,1,,Educated,,,Educated_Educated,1,1,,1,,,,,,,,,,,,,,,,,,,,1,5,5,4,4,6,5,2,5,4,2,2,3,6,1,3,4,5,1,1,187,34,1,7,property manager,40,,,,,,,
R_ah5mbiy20FOR4bz,Default Response Set,Anonymous,,,73.189.23.69,0,5/14/2014 2:59,5/14/2014 3:01,1,1ffcaca6-482e-4d5d-b67f-aa08e9e7be0c,1,,Educated,,,Educated_Educated,1,1,,2,,,,,,,,,,,,,,,,,,,,1,7,7,7,6,7,7,7,6,6,5,5,7,7,5,7,7,6,6,1,187,41,2,7,homemaker/retired,44,,,,,,,
R_8bJshJYIUuevMu9,Default Response Set,Anonymous,,,69.171.163.186,0,5/14/2014 2:59,5/14/2014 3:04,1,6106f523-fe61-423d-a745-e62a104fe96f,1,,Educated,,,Educated_Scientists,1,1,,1,1,4,4,4,4,4,4,4,4,4,4,4,4,4,4,4,4,4,4,,,,,,,,,,,,,,,,,,,,1,187,57,2,7,stay at home mom,42,,,,,,,
R_0c6ZkeuSzD5ociV,Default Response Set,Anonymous,,,68.187.187.231,0,5/14/2014 2:58,5/14/2014 3:07,1,02853b81-8d8c-4ce4-8b40-37fd98aa41e9,1,,Educated,,,Educated_Scientists,1,1,,2,1,6,6,4,4,6,6,6,6,2,6,4,4,6,6,6,6,6,2,,,,,,,,,,,,,,,,,,,,1,187,25,2,7,Psychiatric Therapist,43,,,,,,,
R_2fuy8X0YbCUVKnP,Default Response Set,Anonymous,,,50.2.43.42,0,5/14/2014 3:05,5/14/2014 3:08,1,3522ae50-e21b-4a51-a860-8cef8c600ea7,1,,Educated,,,Educated_Scientists,1,1,,2,1,6,4,2,6,6,6,4,6,6,5,5,5,6,4,2,4,4,3,,,,,,,,,,,,,,,,,,,,1,187,64,1,7,management,41,,,,,,,
R_9HmAnIuKV9dBRzv,Default Response Set,Anonymous,,,173.174.153.240,0,5/14/2014 3:09,5/14/2014 3:13,1,f2b7f9e4-1462-4060-835d-358fb7320104,1,,Educated,,,Educated_Scientists,1,1,,1,1,2,2,2,6,3,5,2,1,4,2,1,5,2,1,1,1,2,2,,,,,,,,,,,,,,,,,,,,1,187,32,1,7,Retired,41,,,,,,,
R_a59EcyEHyPHh0Tr,Default Response Set,Anonymous,,,96.24.129.106,0,5/14/2014 3:09,5/14/2014 3:14,1,f70d2061-36a3-4c52-b9e9-c8f8fe021635,1,,Educated,,,Educated_Educated,1,1,,1,,,,,,,,,,,,,,,,,,,,1,3,2,3,3,5,5,5,4,5,5,6,3,6,5,6,4,3,3,1,187,60,2,7,Consulting Director,42,,,,,,,
R_bCQ6b0oPUIx9ot7,Default Response Set,Anonymous,,,69.120.26.175,0,5/14/2014 3:13,5/14/2014 3:16,1,c53870c1-4a9a-43b9-bba0-b9f379147032,1,,Educated,,,Educated_Scientists,1,1,,1,1,4,6,3,6,6,7,7,6,6,5,3,4,6,4,3,4,4,3,,,,,,,,,,,,,,,,,,,,1,187,52,2,7,financial analyst,39,,,,,,,
R_9HyiMin4IIYiOA5,Default Response Set,Anonymous,,,99.104.7.5,0,5/14/2014 3:13,5/14/2014 3:16,1,5ea8e0d1-e1cc-4b55-9f1c-2c796fa947f6,1,,Educated,,,Educated_Educated,1,1,,2,,,,,,,,,,,,,,,,,,,,1,7,4,3,7,7,6,4,4,6,3,1,5,4,5,4,4,6,4,1,187,43,1,7,Librarian,38,,,,,,,
R_81Yzo5amHit7OOV,Default Response Set,Anonymous,,,98.244.143.86,0,5/14/2014 3:14,5/14/2014 3:18,1,de28c60c-c9b9-479e-8779-a6e4ffd01e26,1,,Educated,,,Educated_Educated,1,1,,1,,,,,,,,,,,,,,,,,,,,1,3,3,3,3,2,2,5,3,6,2,5,2,1,1,2,2,2,2,1,187,36,1,7,construction,44,,,,,,,
R_a4oYcfrH0qc1r7v,Default Response Set,Anonymous,,,74.45.65.8,0,5/14/2014 3:21,5/14/2014 3:27,1,3d0200d1-c24f-4027-a5ff-3aa4b8bfa174,1,,Educated,,,Educated_Educated,1,1,,1,,,,,,,,,,,,,,,,,,,,1,4,3,3,5,6,5,4,4,4,2,2,3,6,5,5,4,5,3,1,187,31,2,7,,44,,,,,,,
R_3953fmWDNBqi2wZ,Default Response Set,Anonymous,,,68.53.67.74,0,5/14/2014 3:24,5/14/2014 3:28,1,47feef60-e7bf-4f3b-99d4-d928f37b5f98,1,,Educated,,,Educated_Scientists,1,1,,2,1,3,3,6,6,7,7,7,6,5,6,6,7,3,3,3,3,5,5,,,,,,,,,,,,,,,,,,,,1,187,26,2,7,retail,41,,,,,,,
R_bl5n4vsPPgmVkBn,Default Response Set,Anonymous,,,50.4.219.102,0,5/14/2014 3:23,5/14/2014 3:28,1,7d9c11e6-e4ba-46a3-a6c2-24fadceef114,1,,Educated,,,Educated_Scientists,1,1,,2,1,2,4,4,4,6,4,4,4,4,3,3,5,4,4,4,4,4,4,,,,,,,,,,,,,,,,,,,,1,187,18,1,7,teacher,40,,,,,,,
R_9MpUqWGdrmEOqqh,Default Response Set,Anonymous,,,75.117.34.104,0,5/14/2014 3:25,5/14/2014 3:31,1,c542e7e1-c317-48d8-96bc-ec852df98811,1,,Educated,,,Educated_Educated,1,1,,2,,,,,,,,,,,,,,,,,,,,1,7,6,5,6,7,6,5,7,6,6,5,5,7,6,4,4,3,2,1,187,61,2,7,freelance writer,38,,,,,,,
R_cZ0V9vlfdi4Gc6x,Default Response Set,Anonymous,,,24.42.180.150,0,5/14/2014 3:24,5/14/2014 3:32,1,a215b77d-6461-4993-9525-89ab20309217,1,,Educated,,,Educated_Scientists,1,1,,1,1,6,6,3,6,5,7,6,6,7,3,3,3,7,6,7,7,3,4,,,,,,,,,,,,,,,,,,,,1,187,32,1,7,Retired,39,,,,,,,
R_3rVuWpzNCIHnqT3,Default Response Set,Anonymous,,,71.219.5.161,0,5/14/2014 3:29,5/14/2014 3:34,1,186a500b-a774-49ff-bc38-d0f2c4f13663,1,,Educated,,,Educated_Educated,1,1,,1,,,,,,,,,,,,,,,,,,,,1,4,3,2,5,5,4,4,5,3,4,2,4,5,3,4,4,4,3,1,187,35,2,7,Teacher,43,,,,,,,
R_9oWWg3dJaxRE7BP,Default Response Set,Anonymous,,,50.104.87.106,0,5/14/2014 3:29,5/14/2014 3:34,1,48d63816-f72c-468e-9964-2765af19ee3c,1,,Educated,,,Educated_Scientists,1,1,,1,1,6,7,3,5,3,5,5,3,5,4,4,3,7,3,6,2,2,3,,,,,,,,,,,,,,,,,,,,1,187,32,1,7,Computer Science,43,,,,,,,
R_3DAgl5XgJF5gp3D,Default Response Set,Anonymous,,,67.81.143.110,0,5/14/2014 3:34,5/14/2014 3:37,1,aa6879c7-c409-4ad2-b7e8-42a26b9cd2c5,1,,Educated,,,Educated_Educated,1,1,,4,,,,,,,,,,,,,,,,,,,,1,3,3,4,2,2,2,3,3,4,3,3,2,3,4,4,3,3,4,1,187,18,1,6,,40,,,,,,,
R_8cfQjZXgvrzoi8J,Default Response Set,Anonymous,,,99.122.5.232,0,5/14/2014 3:34,5/14/2014 3:37,1,8a8a471a-38a0-44b2-869d-aba6363907a2,1,,Educated,,,Educated_Scientists,1,1,,1,1,5,5,5,6,6,6,6,5,5,4,4,6,6,5,5,5,6,4,,,,,,,,,,,,,,,,,,,,1,187,33,2,7,educator,43,,,,,,,
R_1zCNdF39jF5d1Sl,Default Response Set,Anonymous,,,67.67.11.247,0,5/14/2014 3:30,5/14/2014 3:38,1,733efb7b-4193-45fd-ab0c-7a543e31c36c,1,,Educated,,,Educated_Scientists,1,1,,1,1,6,6,4,7,6,6,6,6,7,6,7,7,6,6,6,7,6,4,,,,,,,,,,,,,,,,,,,,1,187,69,2,7,Unemployed,39,,,,,,,
R_d4HwBxe4YQVwnQN,Default Response Set,Anonymous,,,107.178.34.58,0,5/14/2014 3:34,5/14/2014 3:38,1,28e4245c-a14f-4322-99bc-f5b2d30d39cc,1,,Educated,,,Educated_Educated,1,1,,2,,,,,,,,,,,,,,,,,,,,1,5,4,4,4,4,4,4,6,4,3,3,4,4,4,4,4,4,4,1,187,52,1,7,administration,43,,,,,,,
R_eFF59YH1wbdy80R,Default Response Set,Anonymous,,,24.118.168.118,0,5/14/2014 3:36,5/14/2014 3:39,1,4708af5c-4475-4d0c-a619-065fa0fcd6df,1,,Educated,,,Educated_Educated,1,1,,2,,,,,,,,,,,,,,,,,,,,1,4,5,4,5,6,5,5,5,3,5,5,5,6,4,3,3,4,5,1,187,48,1,7,program director,43,,,,,,,
R_5BFDNq5ORaP6sUR,Default Response Set,Anonymous,,,99.36.96.97,0,5/14/2014 3:31,5/14/2014 3:39,1,57419d45-a708-4039-becf-f5155ad918a6,1,,Educated,,,Educated_Scientists,1,1,,1,1,3,3,4,4,4,4,2,3,2,4,4,4,4,3,4,3,4,3,,,,,,,,,,,,,,,,,,,,1,187,51,1,7,retail,39,,,,,,,
R_6WLabk4JrClt7db,Default Response Set,Anonymous,,,72.186.243.109,0,5/14/2014 3:29,5/14/2014 3:39,1,ef707087-5ffc-4bc4-910a-596c080c3cd8,1,,Educated,,,Educated_Educated,1,1,,1,,,,,,,,,,,,,,,,,,,,1,6,5,4,5,6,7,5,6,6,7,2,4,5,5,6,4,4,2,1,187,58,1,7,manager,40,,,,,,,
R_6mwTNIYwAGHE5ZH,Default Response Set,Anonymous,,,108.16.12.253,0,5/14/2014 3:38,5/14/2014 3:40,1,0e533560-101f-41a5-80f5-30a28929a00c,1,,Educated,,,Educated_Scientists,1,1,,1,1,5,4,4,7,5,7,4,4,6,5,5,5,5,4,4,5,5,5,,,,,,,,,,,,,,,,,,,,1,187,58,1,7,Analyst,38,,,,,,,
R_eaDxKotEhYOGtWB,Default Response Set,Anonymous,,,96.29.13.35,0,5/14/2014 3:36,5/14/2014 3:41,1,07ce1af9-9809-4405-87e1-b58d27aa89fb,1,,Educated,,,Educated_Scientists,1,1,,1,1,5,6,6,7,6,6,7,5,5,3,6,4,5,5,5,3,4,4,,,,,,,,,,,,,,,,,,,,1,187,23,2,7,Retired,40,,,,,,,
R_2nurizqRH5iBSnP,Default Response Set,Anonymous,,,68.204.180.220,0,5/14/2014 3:37,5/14/2014 3:41,1,07abdf62-af9c-426f-871e-d439fa04b83d,1,,Educated,,,Educated_Educated,1,1,,1,,,,,,,,,,,,,,,,,,,,1,6,6,7,6,7,7,7,6,6,6,7,6,7,6,6,6,6,5,1,187,67,2,7,,43,,,,,,,
R_3yotdLmeqDFD0WN,Default Response Set,Anonymous,,,108.211.50.40,0,5/14/2014 3:39,5/14/2014 3:42,1,0abaafeb-f3b4-450d-9216-f6ce92b5c137,1,,Educated,,,Educated_Educated,1,1,,1,,,,,,,,,,,,,,,,,,,,1,4,4,4,4,4,4,4,4,4,4,4,4,4,4,4,4,4,4,1,187,39,2,7,homemaker,38,,,,,,,
R_d094SYAUCKL95bf,Default Response Set,Anonymous,,,108.49.90.169,0,5/14/2014 3:40,5/14/2014 3:43,1,3578a70a-68d2-4b18-9f9e-0ec986abd0f7,1,,Educated,,,Educated_Scientists,1,1,,1,1,4,7,4,7,7,7,7,4,7,7,7,7,7,4,4,4,4,4,,,,,,,,,,,,,,,,,,,,1,187,47,2,7,unemployed,41,,,,,,,
R_dg6vWECNUY72aYB,Default Response Set,Anonymous,,,68.191.37.142,0,5/14/2014 3:41,5/14/2014 3:45,1,5cc99e3b-cf91-4477-87cf-e9d97578803d,1,,Educated,,,Educated_Educated,1,1,,4,,,,,,,,,,,,,,,,,,,,1,1,1,1,1,1,1,1,1,1,1,1,1,1,1,1,1,1,1,1,187,40,1,7,business,38,,,,,,,
R_0PAJ3WljEPnSHQh,Default Response Set,Anonymous,,,173.52.18.140,0,5/14/2014 3:42,5/14/2014 3:46,1,742084ec-fbf7-419a-a25e-c567f72c1c5b,1,,Educated,,,Educated_Scientists,1,1,,1,1,6,6,4,7,5,6,6,5,5,4,5,6,5,5,5,6,5,4,,,,,,,,,,,,,,,,,,,,1,187,45,2,7,"Artist, jewelry maker, writer",40,,,,,,,
R_0f6NKFRsFDhkhSd,Default Response Set,Anonymous,,,24.94.15.9,0,5/14/2014 3:41,5/14/2014 3:49,1,777696b3-7f38-4879-a6a2-ec3439f886e7,1,,Educated,,,Educated_Scientists,1,1,,2,1,5,6,4,7,6,7,4,4,6,4,5,6,6,4,4,4,6,4,,,,,,,,,,,,,,,,,,,,1,187,29,2,7,retired RN,43,,,,,,,
R_9LbuCXyxnJXbL6d,Default Response Set,Anonymous,,,74.184.13.15,0,5/14/2014 3:47,5/14/2014 3:52,1,e88b1625-b13a-4f22-8215-c1bdffeaebd8,1,,Educated,,,Educated_Scientists,1,1,,2,1,6,5,5,6,4,6,6,6,2,4,4,5,5,5,6,6,4,2,,,,,,,,,,,,,,,,,,,,1,187,43,2,7,educator,40,,,,,,,
R_b2Gl4TGOWltCcTP,Default Response Set,Anonymous,,,64.13.21.100,0,5/14/2014 3:49,5/14/2014 3:55,1,bd20cce7-22a8-424e-8a8a-d5e28138aed2,1,,Educated,,,Educated_Educated,1,1,,1,,,,,,,,,,,,,,,,,,,,1,5,5,4,5,7,6,5,5,6,1,1,4,5,4,4,5,6,4,1,187,65,1,7,Freelance Writer,38,,,,,,,
R_cOqVWhk5cYmOKfb,Default Response Set,Anonymous,,,24.217.220.140,0,5/14/2014 3:51,5/14/2014 3:55,1,055c71e0-63e4-4944-a550-11df99c34c5a,1,,Educated,,,Educated_Educated,1,1,,2,,,,,,,,,,,,,,,,,,,,1,5,2,1,3,5,4,4,6,5,5,2,3,6,3,4,2,4,3,1,187,48,1,7,Retired finance director,40,,,,,,,
R_0vxxqsPUaud2EFD,Default Response Set,Anonymous,,,141.158.212.246,0,5/14/2014 3:57,5/14/2014 4:00,1,4da2b179-150e-4f77-9cd2-4adbb5e3d2ba,1,,Educated,,,Educated_Scientists,1,1,,1,1,1,2,2,2,2,2,2,2,1,4,1,5,2,2,2,1,2,2,,,,,,,,,,,,,,,,,,,,1,187,59,2,7,None,43,,,,,,,
R_06faoHe4OASaHad,Default Response Set,Anonymous,,,71.172.13.118,0,5/14/2014 3:58,5/14/2014 4:03,1,8c13cee6-6b07-4c07-badf-f2f14f539155,1,,Educated,,,Educated_Educated,1,1,,1,,,,,,,,,,,,,,,,,,,,1,4,4,4,4,5,4,4,4,4,4,4,2,3,3,4,4,4,4,1,187,64,1,7,analyst,39,,,,,,,
R_6RPRtq8PFsfwM5f,Default Response Set,Anonymous,,,108.212.96.56,0,5/14/2014 3:42,5/14/2014 4:06,1,8422dd8b-2b53-4d2b-9518-48864924d80f,1,,Educated,,,Educated_Educated,1,1,,1,,,,,,,,,,,,,,,,,,,,1,4,4,4,4,4,4,4,4,4,3,3,4,4,4,4,4,4,4,1,187,62,2,7,RN,39,,,,,,,
R_ehsGJywvWB9EhGl,Default Response Set,Anonymous,,,198.211.4.30,0,5/14/2014 3:57,5/14/2014 4:12,1,f9423ce1-024d-47ff-bf02-23afa4aca927,1,,Educated,,,Educated_Scientists,1,1,,1,1,7,6,7,4,7,5,7,5,6,4,6,7,6,6,4,6,7,5,,,,,,,,,,,,,,,,,,,,1,187,54,2,6,,43,,,,,,,
R_1Yr6FirLZCPIv7T,Default Response Set,Anonymous,,,216.52.207.74,0,5/14/2014 4:09,5/14/2014 4:13,1,9a10d71a-eee4-41f4-a062-f636cdfba62b,1,,Educated,,,Educated_Educated,1,1,,1,,,,,,,,,,,,,,,,,,,,1,4,5,6,6,6,7,6,4,6,5,1,5,2,4,4,4,2,4,1,187,49,1,7,programmer,38,,,,,,,
R_a45VKsw3GsYXb6J,Default Response Set,Anonymous,,,99.98.80.235,0,5/14/2014 4:07,5/14/2014 4:14,1,d04c2eb6-74a9-40b0-96c5-671906db200e,1,,Educated,,,Educated_Scientists,1,1,,4,1,2,5,5,5,5,5,2,4,2,3,4,3,5,2,2,2,2,4,,,,,,,,,,,,,,,,,,,,1,187,48,1,7,Legal,40,,,,,,,
R_9SvczxKRvPZDsyh,Default Response Set,Anonymous,,,174.125.1.221,0,5/14/2014 4:13,5/14/2014 4:15,1,c87307dc-b849-494d-963f-f0e6b47ff81b,1,,Educated,,,Educated_Scientists,1,1,,1,1,7,6,6,7,4,6,7,6,5,6,5,5,7,6,6,7,7,7,,,,,,,,,,,,,,,,,,,,1,187,60,1,7,Police Dispatcher,39,,,,,,,
R_2fW3yyVmkf4hUah,Default Response Set,Anonymous,,,24.46.20.2,0,5/14/2014 4:01,5/14/2014 4:16,1,94534cb1-a2c1-4e10-a7e7-999318f5f832,1,,Educated,,,Educated_Educated,1,1,,2,,,,,,,,,,,,,,,,,,,,1,5,6,5,5,3,6,5,5,5,3,2,2,3,2,2,2,3,2,1,187,37,2,7,Civil service,43,,,,,,,
R_d4ELjM11ImsTngN,Default Response Set,Anonymous,,,74.96.119.102,0,5/14/2014 4:15,5/14/2014 4:19,1,d45d96ef-f234-4468-be92-3571b13976d3,1,,Educated,,,Educated_Educated,1,1,,2,,,,,,,,,,,,,,,,,,,,1,2,2,2,3,2,5,2,2,2,2,5,2,2,2,3,2,2,2,1,187,51,2,7,Office admin,44,,,,,,,
R_6Ywc1hsDXnr7VXL,Default Response Set,Anonymous,,,199.192.157.183,0,5/14/2014 4:14,5/14/2014 4:22,1,959502fe-e70f-4a42-97e0-43c239179bc3,1,,Educated,,,Educated_Scientists,1,1,,1,1,6,5,7,4,7,6,4,6,6,5,6,5,5,7,4,7,5,6,,,,,,,,,,,,,,,,,,,,1,187,54,2,6,,43,,,,,,,
R_0B96Q2mNHPpSrVX,Default Response Set,Anonymous,,,75.103.188.231,0,5/14/2014 4:20,5/14/2014 4:23,1,cc16603a-8e0c-485c-9a8c-b6658815269a,1,,Educated,,,Educated_Educated,1,1,,1,,,,,,,,,,,,,,,,,,,,1,5,5,6,6,7,7,5,6,7,5,6,6,6,6,7,6,7,4,1,187,14,1,7,Director,38,,,,,,,
R_9obUU2EHVejDY9v,Default Response Set,Anonymous,,,69.149.186.226,0,5/14/2014 4:19,5/14/2014 4:23,1,0414e0dc-67ae-44d9-80a8-97928713d88b,1,,Educated,,,Educated_Educated,1,1,,2,,,,,,,,,,,,,,,,,,,,1,5,6,5,6,5,6,4,6,6,2,2,3,6,5,6,6,5,3,1,187,41,1,7,engineer,43,,,,,,,
R_2mHD9aYcN9hIVqR,Default Response Set,Anonymous,,,108.14.195.218,0,5/14/2014 4:10,5/14/2014 4:23,1,a79f4478-1489-487d-b30c-6edf999d3c8f,1,,Educated,,,Educated_Scientists,1,1,,1,1,7,7,4,6,7,7,7,7,4,7,7,7,7,5,7,6,7,6,,,,,,,,,,,,,,,,,,,,1,187,58,2,7,actress,40,,,,,,,
R_etzoBaniDPkfDa5,Default Response Set,Anonymous,,,98.113.127.182,0,5/14/2014 4:22,5/14/2014 4:24,1,1f696be2-9910-4974-b3cb-f0d4757af1d2,1,,Educated,,,Educated_Educated,1,1,,1,,,,,,,,,,,,,,,,,,,,1,6,6,2,6,6,5,3,5,6,6,6,5,5,2,4,6,6,2,1,187,67,2,7,cma,42,,,,,,,
R_6rIN8aIka8ms8cJ,Default Response Set,Anonymous,,,108.208.89.92,0,5/14/2014 4:18,5/14/2014 4:25,1,660f0179-37d0-4ec9-bd1a-b507bf53e1e7,1,,Educated,,,Educated_Scientists,1,1,,1,1,2,3,1,7,6,5,1,3,3,3,2,6,5,3,3,3,3,1,,,,,,,,,,,,,,,,,,,,1,187,64,2,7,Store Manager,40,,,,,,,
R_51qeaIo2iQXrY5T,Default Response Set,Anonymous,,,98.231.251.94,0,5/14/2014 4:24,5/14/2014 4:27,1,da29182d-2fac-4033-937b-b5541ecdcea5,1,,Educated,,,Educated_Educated,1,1,,1,,,,,,,,,,,,,,,,,,,,1,2,2,3,4,3,6,4,3,2,3,1,4,5,1,1,1,4,1,1,187,63,2,7,secretary,38,,,,,,,
R_39sXGqZWN784p0h,Default Response Set,Anonymous,,,146.115.151.149,0,5/14/2014 4:25,5/14/2014 4:28,1,7ffdb47c-114f-4013-ad57-4a104ece28ab,1,,Educated,,,Educated_Scientists,1,1,,1,1,7,7,4,4,7,7,7,7,7,1,1,4,7,7,7,7,7,4,,,,,,,,,,,,,,,,,,,,1,187,27,1,7,retired educator,39,,,,,,,
R_9N9sASUeM9MFPAp,Default Response Set,Anonymous,,,198.55.103.112,0,5/14/2014 4:22,5/14/2014 4:31,1,8c54ba10-90ff-44b6-9736-acaf3bb8906b,1,,Educated,,,Educated_Scientists,1,1,,1,1,7,6,5,6,6,5,7,7,7,7,4,6,5,6,6,6,4,5,,,,,,,,,,,,,,,,,,,,1,187,57,2,6,,43,,,,,,,
R_cH02EmbpOkJfMaN,Default Response Set,Anonymous,,,69.120.133.28,0,5/14/2014 4:21,5/14/2014 4:31,1,8227fa8e-c2fd-4996-b1a8-c28180670c99,1,,Educated,,,Educated_Educated,1,1,,1,,,,,,,,,,,,,,,,,,,,1,6,6,5,5,2,2,6,6,5,4,5,5,6,5,7,6,6,6,1,187,70,1,7,Professional ,43,,,,,,,
R_eEgBow7v8Vr0qA5,Default Response Set,Anonymous,,,216.104.36.236,0,5/14/2014 4:11,5/14/2014 4:32,1,00395a3b-2065-40b2-8457-83c3f8fe855b,1,,Educated,,,Educated_Educated,1,1,,4,,,,,,,,,,,,,,,,,,,,1,5,5,2,6,6,6,6,6,4,5,3,6,7,7,3,4,6,5,1,187,69,2,7,manager,43,,,,,,,
R_aaRY7mR3Xa4TMEZ,Default Response Set,Anonymous,,,108.217.140.68,0,5/14/2014 4:28,5/14/2014 4:32,1,2f739f0d-f160-4bdd-afe1-38e32515a33a,1,,Educated,,,Educated_Scientists,1,1,,1,1,5,5,5,6,5,6,7,6,7,6,7,6,5,6,5,6,6,5,,,,,,,,,,,,,,,,,,,,1,187,65,1,7,CFO,40,,,,,,,
R_9o7U4SHP7vX1U1f,Default Response Set,Anonymous,,,24.13.210.252,0,5/14/2014 4:30,5/14/2014 4:33,1,5aba044b-6b6b-47b5-8e97-3292528c709f,1,,Educated,,,Educated_Educated,1,1,,4,,,,,,,,,,,,,,,,,,,,1,5,5,5,5,5,5,5,6,7,5,4,4,6,4,4,5,4,4,1,187,60,1,7,,39,,,,,,,
R_4UzDDgrIzAcEQnj,Default Response Set,Anonymous,,,107.160.24.3,0,5/14/2014 4:37,5/14/2014 4:42,1,4e0fbab2-746f-4370-8af2-f92bb2efcfc4,1,,Educated,,,Educated_Educated,1,1,,1,,,,,,,,,,,,,,,,,,,,1,6,5,5,5,5,5,5,5,6,5,5,5,5,5,5,5,5,6,1,187,56,2,7,PROFEESONAL,42,,,,,,,
R_bfoy48jJCWd1hml,Default Response Set,Anonymous,,,199.192.152.7,0,5/14/2014 4:37,5/14/2014 4:43,1,f0498eb5-1a5b-43f0-9342-7aef209690e4,1,,Educated,,,Educated_Scientists,1,1,,1,1,6,6,7,7,5,6,5,5,7,7,7,4,7,6,5,6,7,7,,,,,,,,,,,,,,,,,,,,1,187,54,2,6,,43,,,,,,,
R_6nwtlAYjVlMdiC1,Default Response Set,Anonymous,,,98.196.134.205,0,5/14/2014 4:45,5/14/2014 4:49,1,aa817382-c012-46e2-8c90-799c8f5e4b23,1,,Educated,,,Educated_Scientists,1,1,,1,1,6,7,6,7,6,6,4,6,6,5,5,6,7,6,6,6,6,7,,,,,,,,,,,,,,,,,,,,1,187,41,1,7,Banker,38,,,,,,,
R_bEIi6bmttgIOFDL,Default Response Set,Anonymous,,,69.142.137.146,0,5/14/2014 4:49,5/14/2014 4:53,1,7d036b91-033f-4f17-9706-daae20437fd2,1,,Educated,,,Educated_Educated,1,1,,1,,,,,,,,,,,,,,,,,,,,1,6,6,6,6,6,6,2,6,6,6,5,3,6,6,6,6,6,6,1,187,31,1,7,retired,43,,,,,,,
R_7Oi8nm4oXxflsk5,Default Response Set,Anonymous,,,108.197.24.120,0,5/14/2014 4:50,5/14/2014 4:54,1,88a95ed6-db61-4a82-b02e-832c85bc4a77,1,,Educated,,,Educated_Educated,1,1,,1,,,,,,,,,,,,,,,,,,,,1,5,4,4,5,5,4,4,4,4,5,4,4,4,4,4,3,4,4,1,187,57,2,7,housewife,44,,,,,,,
R_0H8mh7KYrPuS1eZ,Default Response Set,Anonymous,,,71.168.114.133,0,5/14/2014 4:50,5/14/2014 4:54,1,73d2e946-79bc-4739-970b-5d5e30531438,1,,Educated,,,Educated_Scientists,1,1,,2,1,6,6,4,5,6,6,6,5,5,5,5,6,5,5,4,6,4,6,,,,,,,,,,,,,,,,,,,,1,187,41,2,7,Educator,43,,,,,,,
R_eam0tZu79S80MVD,Default Response Set,Anonymous,,,173.175.110.223,0,5/14/2014 4:26,5/14/2014 5:02,1,0dc0676c-dd86-4fd0-b8be-b9b28a78ede8,1,,Educated,,,Educated_Scientists,1,1,,1,1,3,3,4,6,5,5,3,3,5,4,5,4,3,3,3,3,3,2,,,,,,,,,,,,,,,,,,,,1,187,34,2,7,accountant,38,,,,,,,
R_3pY0C1sU54FiEwl,Default Response Set,Anonymous,,,107.212.124.159,0,5/14/2014 5:00,5/14/2014 5:02,1,a4cf1af6-900c-4505-9fdd-6984b007be47,1,,Educated,,,Educated_Scientists,1,1,,2,1,4,6,5,5,4,5,4,4,6,6,5,6,5,6,6,6,5,5,,,,,,,,,,,,,,,,,,,,1,187,57,1,6,,43,,,,,,,
R_5zfxhsCWIrfgdJb,Default Response Set,Anonymous,,,71.239.104.114,0,5/14/2014 4:54,5/14/2014 5:04,1,f0a19521-7685-4f99-ab2e-215736e5e45e,1,,Educated,,,Educated_Scientists,1,1,,2,1,4,4,4,6,4,6,5,4,5,4,3,4,5,4,4,4,5,3,,,,,,,,,,,,,,,,,,,,1,187,26,1,7,Retired Teacher,42,,,,,,,
R_2beX9TcbUlO4pRr,Default Response Set,Anonymous,,,72.227.145.192,0,5/14/2014 3:27,5/14/2014 5:10,1,c9301596-bf01-4533-a07d-867a15b82659,1,,Educated,,,Educated_Educated,1,1,,2,,,,,,,,,,,,,,,,,,,,1,7,6,4,7,6,6,6,7,7,5,5,6,4,1,1,4,4,1,1,187,56,1,7,waiter,38,,,,,,,
R_cOtAi5zlqXccx6Z,Default Response Set,Anonymous,,,76.93.135.117,0,5/14/2014 5:06,5/14/2014 5:12,1,cb3e0787-2b18-4e6f-8224-ffeadb9388ec,1,,Educated,,,Educated_Educated,1,1,,2,,,,,,,,,,,,,,,,,,,,1,4,4,4,4,4,4,4,4,4,4,4,4,4,4,4,4,4,4,1,187,63,2,6,,42,,,,,,,
R_4VL9OTYPW7uh7M1,Default Response Set,Anonymous,,,71.60.173.81,0,5/14/2014 5:08,5/14/2014 5:16,1,3fd48f59-1961-488f-8258-7671c226ea98,1,,Educated,,,Educated_Scientists,1,1,,1,1,3,4,3,6,5,3,4,4,3,4,3,4,4,3,3,3,4,3,,,,,,,,,,,,,,,,,,,,1,187,22,1,7,Pharmacist,41,,,,,,,
R_86XJWn0UTVsMNr7,Default Response Set,Anonymous,,,50.0.149.249,0,5/14/2014 5:18,5/14/2014 5:22,1,04d62935-988a-47d4-8fd5-34d2f03d1fcc,1,,Educated,,,Educated_Educated,1,1,,1,,,,,,,,,,,,,,,,,,,,1,7,6,7,7,7,7,7,7,6,6,6,7,7,7,6,7,7,7,1,187,67,2,7,Office manager,41,,,,,,,
R_6Vx6IWvsA8R7ITr,Default Response Set,Anonymous,,,67.86.19.174,0,5/14/2014 5:20,5/14/2014 5:23,1,7a312149-cbdc-4e86-8afb-ac3d62bd7425,1,,Educated,,,Educated_Scientists,1,1,,1,1,7,7,5,6,7,6,7,7,7,4,6,6,6,4,5,6,2,2,,,,,,,,,,,,,,,,,,,,1,187,39,2,7,Administrative Ass't,39,,,,,,,
R_2nuJGOn8hoJMVnL,Default Response Set,Anonymous,,,172.3.85.147,0,5/14/2014 5:20,5/14/2014 5:23,1,8e60c679-7f87-435b-8d7c-9ec9251a578b,1,,Educated,,,Educated_Educated,1,1,,1,,,,,,,,,,,,,,,,,,,,1,5,6,3,4,5,6,5,5,1,3,4,4,5,4,3,4,4,3,1,187,59,2,7,childcare provider,44,,,,,,,
R_3WAizvZC4eEezXf,Default Response Set,Anonymous,,,24.107.69.134,0,5/14/2014 5:26,5/14/2014 5:29,1,60042b78-b706-40b7-97ce-2bb65be19e2e,1,,Educated,,,Educated_Scientists,1,1,,2,1,6,6,3,7,7,7,6,7,7,7,7,7,7,4,4,5,4,2,,,,,,,,,,,,,,,,,,,,1,187,19,1,7,retired,44,,,,,,,
R_0IYHLw2uFzOMar3,Default Response Set,Anonymous,,,71.8.81.174,0,5/14/2014 5:39,5/14/2014 5:44,1,869ca460-72b2-4166-a190-dc349882bca2,1,,Educated,,,Educated_Scientists,1,1,,1,1,6,6,5,6,5,4,6,6,6,5,5,5,6,4,5,6,6,5,,,,,,,,,,,,,,,,,,,,1,187,26,2,7,accountant,44,,,,,,,
R_ePspL9lm3Naa353,Default Response Set,Anonymous,,,99.122.178.125,0,5/14/2014 5:41,5/14/2014 5:44,1,0dd1aac0-acbb-4d0f-8fc8-c651bec05478,1,,Educated,,,Educated_Educated,1,1,,1,,,,,,,,,,,,,,,,,,,,1,5,4,3,2,6,4,5,5,6,1,2,3,5,3,4,4,5,1,1,187,28,1,7,Retired,42,,,,,,,
R_3gEIoMzFUgtKahf,Default Response Set,Anonymous,,,98.197.203.200,0,5/14/2014 5:42,5/14/2014 5:45,1,f9882406-fa31-4e1a-970e-d2e17ab41936,1,,Educated,,,Educated_Scientists,1,1,,1,1,4,4,4,7,4,5,4,4,4,5,1,6,7,4,4,4,4,4,,,,,,,,,,,,,,,,,,,,1,187,38,2,7,teacher,44,,,,,,,
R_0VrhX05sCPEmmZD,Default Response Set,Anonymous,,,66.75.89.72,0,5/14/2014 5:42,5/14/2014 5:46,1,4e383577-90b4-43c3-8134-6fc841d94014,1,,Educated,,,Educated_Educated,1,1,,1,,,,,,,,,,,,,,,,,,,,1,5,6,2,6,7,7,5,6,5,2,2,6,6,2,5,6,6,2,1,187,41,1,7,Information technology,38,,,,,,,
R_b9GHrOwxnd9D7FP,Default Response Set,Anonymous,,,24.115.112.63,0,5/14/2014 5:38,5/14/2014 5:48,1,354fd17c-6f22-4b03-a79d-98aa3556459c,1,,Educated,,,Educated_Educated,1,1,,2,,,,,,,,,,,,,,,,,,,,1,4,4,4,4,4,4,4,4,4,4,4,4,4,4,4,4,4,4,1,187,40,1,7,police,38,,,,,,,
R_bsBu7RMSM1RCt37,Default Response Set,Anonymous,,,71.97.45.227,0,5/14/2014 5:46,5/14/2014 5:48,1,e160bca9-b3b6-486c-a211-896d1707b565,1,,Educated,,,Educated_Educated,1,1,,2,,,,,,,,,,,,,,,,,,,,1,6,5,4,5,5,5,5,6,5,6,4,6,6,5,2,4,5,2,1,187,41,2,7,developer,38,,,,,,,
R_3yf5xjo5t47SNPn,Default Response Set,Anonymous,,,107.199.66.46,0,5/14/2014 5:38,5/14/2014 5:49,1,901e62b6-c3d8-48aa-a561-40b319688983,1,,Educated,,,Educated_Educated,1,1,,1,,,,,,,,,,,,,,,,,,,,1,4,3,2,4,4,4,4,3,4,2,2,5,4,2,2,2,2,4,1,187,36,2,7,Teacher,42,,,,,,,
R_2sZ9G5428gUeO9L,Default Response Set,Anonymous,,,108.71.136.100,0,5/14/2014 5:42,5/14/2014 5:53,1,d5a9b898-0de2-44d4-ab41-d817cbeed5fc,1,,Educated,,,Educated_Scientists,1,1,,1,1,7,7,7,7,5,7,7,7,7,7,7,7,7,4,6,7,7,7,,,,,,,,,,,,,,,,,,,,1,187,32,2,7,Retired Teacher,41,,,,,,,
R_3R8OtsibQUoEZPD,Default Response Set,Anonymous,,,173.76.35.182,0,5/14/2014 4:58,5/14/2014 5:53,1,658309a4-bdab-44dc-aee7-165ca25bc61e,1,,Educated,,,Educated_Educated,1,1,,1,,,,,,,,,,,,,,,,,,,,1,5,5,3,5,5,5,5,5,5,5,5,4,5,5,5,5,5,5,1,187,46,2,7,uemployed,42,,,,,,,
R_0xigw83T4hADxu5,Default Response Set,Anonymous,,,70.192.2.234,0,5/14/2014 5:53,5/14/2014 5:57,1,d4bcb649-b51d-4b8c-b0d9-4977b7e7a9e5,1,,Educated,,,Educated_Scientists,1,1,,1,1,6,5,5,6,6,7,7,6,7,6,6,6,6,6,6,5,5,5,,,,,,,,,,,,,,,,,,,,1,187,48,2,7,,38,,,,,,,
R_3EO0e0f06L194Ed,Default Response Set,Anonymous,,,75.1.98.115,0,5/14/2014 5:53,5/14/2014 5:58,1,4ca89c34-cab9-4516-bdc1-564b9016608a,1,,Educated,,,Educated_Scientists,1,1,,2,1,7,7,7,6,6,6,7,7,6,6,5,6,7,7,7,7,7,4,,,,,,,,,,,,,,,,,,,,1,187,11,1,6,,44,,,,,,,
R_77lfmu8GwwuuuZ7,Default Response Set,Anonymous,,,65.32.166.35,0,5/14/2014 5:56,5/14/2014 6:00,1,c8d61c4d-bd66-4221-ae81-6784464e99ff,1,,Educated,,,Educated_Educated,1,1,,1,,,,,,,,,,,,,,,,,,,,1,5,2,2,6,6,6,4,2,1,6,4,5,6,7,7,5,5,6,1,187,44,1,7,Unemployed,44,,,,,,,
R_bxyLRkucnAS8wXb,Default Response Set,Anonymous,,,172.5.192.223,0,5/14/2014 6:03,5/14/2014 6:05,1,51d83cb5-72bc-4dd8-8ac3-d17a0bb672d3,1,,Educated,,,Educated_Scientists,1,1,,1,1,5,7,7,7,7,7,6,7,7,4,4,6,7,7,7,7,7,7,,,,,,,,,,,,,,,,,,,,1,187,31,1,7,purchasing agent,44,,,,,,,
R_8pO78Li2qjthN09,Default Response Set,Anonymous,,,99.51.66.9,0,5/14/2014 6:05,5/14/2014 6:08,1,5cc631c7-358a-4605-af54-4926297ba490,1,,Educated,,,Educated_Educated,1,1,,2,,,,,,,,,,,,,,,,,,,,1,6,4,4,4,5,5,5,4,4,4,4,5,5,4,4,3,5,5,1,187,36,1,7,executive,41,,,,,,,
R_3Q4wG5irec2jImF,Default Response Set,Anonymous,,,74.70.213.63,0,5/14/2014 6:07,5/14/2014 6:10,1,d03427c0-ba79-489c-9c8f-dc0c0fb5ab2d,1,,Educated,,,Educated_Educated,1,1,,4,,,,,,,,,,,,,,,,,,,,1,5,6,5,5,5,5,5,6,5,3,3,2,4,5,4,2,5,4,1,187,34,1,7,accountant,39,,,,,,,
R_2ozNUp8m99LKiSV,Default Response Set,Anonymous,,,198.24.6.155,0,5/14/2014 6:12,5/14/2014 6:14,1,76cd89d3-47b3-4426-ace8-67d07e382840,1,,Educated,,,Educated_Scientists,1,1,,2,1,6,4,3,6,6,6,5,3,3,5,4,6,4,4,3,4,4,4,,,,,,,,,,,,,,,,,,,,1,187,56,2,7,,43,,,,,,,
R_783hkR3hv5Bn9Vb,Default Response Set,Anonymous,,,107.55.24.108,0,5/14/2014 6:13,5/14/2014 6:16,1,2c8f5d48-6a98-41e8-9117-77b2048439cf,1,,Educated,,,Educated_Educated,1,1,,4,,,,,,,,,,,,,,,,,,,,1,6,5,5,4,6,6,5,5,6,2,4,4,6,4,6,4,2,5,1,187,35,1,6,,41,,,,,,,
R_40ypJu5zifmfwrz,Default Response Set,Anonymous,,,137.175.21.170,0,5/14/2014 6:15,5/14/2014 6:19,1,52d744e5-5878-4f7b-859f-560819e76e96,1,,Educated,,,Educated_Scientists,1,1,,4,1,5,6,4,5,5,5,4,6,5,5,5,5,5,5,5,5,6,5,,,,,,,,,,,,,,,,,,,,1,128,63,2,6,,42,,,,,,,
R_0JLyxpelwSXUa1v,Default Response Set,Anonymous,,,68.175.81.176,0,5/14/2014 6:18,5/14/2014 6:20,1,d170ab8d-18b3-453a-a517-e0a0f180c102,1,,Educated,,,Educated_Scientists,1,1,,1,1,6,6,4,6,5,7,6,5,5,6,5,6,6,7,7,6,4,4,,,,,,,,,,,,,,,,,,,,1,187,54,2,6,,38,,,,,,,
R_51lIMGXvlD4eqcR,Default Response Set,Anonymous,,,72.188.134.93,0,5/14/2014 6:24,5/14/2014 6:25,1,87da2d51-ae3d-4616-b3db-ffb3513dee76,1,,Educated,,,Educated_Educated,1,1,,1,,,,,,,,,,,,,,,,,,,,1,6,7,6,6,6,7,6,7,7,6,7,6,7,6,7,7,6,7,1,187,42,2,7,DISABLED,44,,,,,,,
R_ehfN0JEhHfeWlPn,Default Response Set,Anonymous,,,162.209.103.91,0,5/14/2014 6:20,5/14/2014 6:25,1,5b03e054-1ef0-46e7-b585-7190906f6669,1,,Educated,,,Educated_Educated,1,1,,4,,,,,,,,,,,,,,,,,,,,1,7,7,4,7,6,7,7,7,6,6,7,6,7,7,7,6,7,7,1,187,72,2,7,Professional ,42,,,,,,,
R_8rkoLWgX08dyjaZ,Default Response Set,Anonymous,,,24.176.117.4,0,5/14/2014 6:26,5/14/2014 6:28,1,df413b60-999c-4d45-8c90-6caf0b610e48,1,,Educated,,,Educated_Scientists,1,1,,1,1,7,7,6,7,7,7,6,7,7,5,5,6,7,7,7,7,7,7,,,,,,,,,,,,,,,,,,,,1,187,48,1,6,,44,,,,,,,
R_es6CZJwOczhONX7,Default Response Set,Anonymous,,,136.0.118.89,0,5/14/2014 6:48,5/14/2014 6:52,1,40a18d92-8938-4b0d-8c52-3bcf5a3751a1,1,,Educated,,,Educated_Scientists,1,1,,1,1,5,6,2,2,2,2,3,2,2,2,2,2,2,2,2,2,2,2,,,,,,,,,,,,,,,,,,,,1,187,65,1,6,,42,,,,,,,
R_0fcQJeGeD42t1UF,Default Response Set,Anonymous,,,64.148.242.15,0,5/14/2014 6:55,5/14/2014 6:58,1,46741ce5-53bc-453c-b613-65c12f521718,1,,Educated,,,Educated_Educated,1,1,,1,,,,,,,,,,,,,,,,,,,,1,5,5,5,5,5,5,3,4,5,4,5,3,4,3,3,4,5,3,1,187,37,1,7,Director,41,,,,,,,
R_0pUxcAl1DPfgXkx,Default Response Set,Anonymous,,,138.210.240.137,0,5/14/2014 6:56,5/14/2014 6:59,1,9750dcb2-d89b-4798-9534-85428aadecc1,1,,Educated,,,Educated_Scientists,1,1,,1,1,5,6,4,7,1,5,4,1,7,5,5,7,6,6,7,4,5,7,,,,,,,,,,,,,,,,,,,,1,187,55,1,7,Surveys,44,,,,,,,
R_9MKdQJjIKLTa4mh,Default Response Set,Anonymous,,,70.209.0.245,0,5/14/2014 6:55,5/14/2014 7:00,1,31bf067d-3bbe-485b-8ce3-fe19fef05a3e,1,,Educated,,,Educated_Scientists,1,1,,1,1,5,3,2,6,6,5,3,5,5,5,6,5,5,5,5,5,5,3,,,,,,,,,,,,,,,,,,,,1,187,63,1,7,none,42,,,,,,,
R_3rDhQ9wJnvEfcrj,Default Response Set,Anonymous,,,67.45.105.149,0,5/14/2014 6:51,5/14/2014 7:01,1,acd6e480-50d4-4293-8bfc-37e7063a77e8,1,,Educated,,,Educated_Educated,1,1,,1,,,,,,,,,,,,,,,,,,,,1,3,2,1,2,5,5,4,1,5,6,2,1,2,2,1,1,1,1,1,187,51,2,7,Administrative Assistant,44,,,,,,,
R_9Fw8Qy0MK6y6JAp,Default Response Set,Anonymous,,,208.123.162.2,0,5/14/2014 7:01,5/14/2014 7:04,1,4ea29c53-0003-4c0d-ab15-2d71980881e5,1,,Educated,,,Educated_Educated,1,1,,2,,,,,,,,,,,,,,,,,,,,1,4,5,4,4,4,4,5,4,4,4,4,4,4,4,5,4,4,3,1,187,37,1,7,retired,39,,,,,,,
R_24BLYAiZxFqHWi9,Default Response Set,Anonymous,,,108.46.17.114,0,5/14/2014 7:09,5/14/2014 7:11,1,f360406d-f745-4d89-878e-993c56361071,1,,Educated,,,Educated_Educated,1,1,,1,,,,,,,,,,,,,,,,,,,,1,3,4,3,6,5,6,4,5,5,5,6,6,4,2,2,3,5,1,1,187,53,2,7,dance teacher,43,,,,,,,
R_5hyo1KGINVQrUnX,Default Response Set,Anonymous,,,108.235.145.200,0,5/14/2014 7:05,5/14/2014 7:14,1,c10179d7-0798-4418-bce0-4a4594b83504,1,,Educated,,,Educated_Educated,1,1,,1,,,,,,,,,,,,,,,,,,,,1,5,6,4,5,4,4,4,6,5,3,5,4,5,4,6,4,4,4,1,187,57,1,7,"temp, freelance film crewman",43,,,,,,,
R_0jG9wTpeN4WtDO5,Default Response Set,Anonymous,,,71.229.171.171,0,5/14/2014 7:13,5/14/2014 7:16,1,6295d21d-a537-4dd1-85e2-4a43d220736a,1,,Educated,,,Educated_Scientists,1,1,,2,1,7,6,6,7,6,7,6,6,6,4,6,6,6,6,6,6,6,4,,,,,,,,,,,,,,,,,,,,1,187,33,1,7,computer engineer,38,,,,,,,
R_8jGqnvIetNq8Nox,Default Response Set,Anonymous,,,24.90.50.120,0,5/14/2014 7:05,5/14/2014 7:22,1,bfb1e388-2220-439b-83ba-900f2836f2b7,1,,Educated,,,Educated_Scientists,1,1,,1,1,5,4,3,5,5,4,5,5,5,5,6,6,4,4,4,3,3,4,,,,,,,,,,,,,,,,,,,,1,187,52,1,7,protectio,44,,,,,,,
R_2mejno5nKmVjhnD,Default Response Set,Anonymous,,,24.17.156.24,0,5/14/2014 7:37,5/14/2014 7:44,1,0b9d029d-d4f1-4024-b06e-41bff82c642b,1,,Educated,,,Educated_Educated,1,1,,2,,,,,,,,,,,,,,,,,,,,1,4,4,3,4,5,5,4,4,4,5,3,5,4,4,4,4,4,4,1,187,53,1,7,physical therapist assistant,43,,,,,,,
R_50xYLlxJchE5BAN,Default Response Set,Anonymous,,,71.48.21.219,0,5/14/2014 7:47,5/14/2014 7:52,1,34d6c23d-23c0-403b-bcaa-62277a6cbbc0,1,,Educated,,,Educated_Educated,1,1,,1,,,,,,,,,,,,,,,,,,,,1,4,5,4,5,5,6,5,6,4,4,3,4,6,4,4,4,4,4,1,187,56,2,7,Registered Nurse,44,,,,,,,
R_cGeOdXlRwO7W6pL,Default Response Set,Anonymous,,,216.201.29.67,0,5/14/2014 7:47,5/14/2014 7:52,1,c31b983d-fbe8-4804-a190-d81d361a4ea4,1,,Educated,,,Educated_Scientists,1,1,,1,1,6,6,3,4,5,6,6,6,6,2,5,3,6,6,7,5,4,4,,,,,,,,,,,,,,,,,,,,1,187,19,1,7,retired,38,,,,,,,
R_bQK5r5hz7gScnU9,Default Response Set,Anonymous,,,70.177.209.198,0,5/14/2014 8:01,5/14/2014 8:04,1,8ac0599d-d07a-44c4-a822-ac1ad5c6223b,1,,Educated,,,Educated_Scientists,1,1,,2,1,5,5,4,7,5,6,5,4,4,5,5,5,6,4,4,4,6,5,,,,,,,,,,,,,,,,,,,,1,187,66,2,7,EMT,44,,,,,,,
R_bavOm5UHxw7Xsqx,Default Response Set,Anonymous,,,76.125.19.224,0,5/14/2014 8:03,5/14/2014 8:11,1,1afc440b-be2a-42c8-8cdb-c8ac93f70c09,1,,Educated,,,Educated_Educated,1,1,,2,,,,,,,,,,,,,,,,,,,,1,4,4,4,4,4,4,4,4,4,2,1,4,4,4,4,4,4,4,1,187,64,1,7,medical student,38,,,,,,,
R_5naIYyKgZyipJd3,Default Response Set,Anonymous,,,71.60.177.144,0,5/14/2014 8:25,5/14/2014 8:35,1,b173f00e-3207-411d-bdca-b1b23ff418fb,1,,Educated,,,Educated_Educated,1,1,,1,,,,,,,,,,,,,,,,,,,,1,5,5,4,5,6,6,4,4,5,5,4,5,5,4,4,4,4,4,1,187,62,1,7,financial services,42,,,,,,,
R_8whaQTHllOSjrPD,Default Response Set,Anonymous,,,23.118.110.169,0,5/14/2014 7:50,5/14/2014 8:42,1,ac9dcd36-c141-4458-8437-4b9b34763da8,1,,Educated,,,Educated_Scientists,1,1,,1,1,5,7,2,7,7,7,6,6,6,4,5,4,7,5,7,7,5,4,,,,,,,,,,,,,,,,,,,,1,187,47,1,7,Hospitality,39,,,,,,,
R_ebWaE9fibEwi9sp,Default Response Set,Anonymous,,,67.255.56.106,0,5/14/2014 8:38,5/14/2014 8:44,1,6ccd2b68-1865-4a3f-ba73-5ba6a6db3f6e,1,,Educated,,,Educated_Scientists,1,1,,1,1,3,3,2,6,6,6,4,4,4,2,3,5,6,5,5,4,4,3,,,,,,,,,,,,,,,,,,,,1,187,65,1,7,administrative assistant,38,,,,,,,
R_0jtWBDQx4KCqLBP,Default Response Set,Anonymous,,,172.250.80.153,0,5/14/2014 8:45,5/14/2014 8:46,1,3ca4b538-df9c-4d39-ad80-d0982180ac82,1,,Educated,,,Educated_Scientists,1,1,,1,1,6,7,6,6,6,7,7,6,6,6,6,7,6,6,7,7,6,6,,,,,,,,,,,,,,,,,,,,1,187,55,2,7,prof.,43,,,,,,,
R_4PdOYjUQOTXxDq5,Default Response Set,Anonymous,,,63.137.149.224,0,5/14/2014 8:52,5/14/2014 8:55,1,e07c6a27-a076-4f9a-8df0-fbc553f5c5ba,1,,Educated,,,Educated_Scientists,1,1,,2,1,6,6,1,5,6,7,6,6,6,6,4,4,6,7,6,6,6,4,,,,,,,,,,,,,,,,,,,,1,187,66,2,7,Homemaker,43,,,,,,,
R_e9Hdp2ml6L6cG5T,Default Response Set,Anonymous,,,63.137.150.235,0,5/14/2014 8:48,5/14/2014 8:57,1,b55b74f4-d371-41af-b720-546e514039da,1,,Educated,,,Educated_Educated,1,1,,1,,,,,,,,,,,,,,,,,,,,1,6,6,5,6,6,6,6,6,6,6,5,6,6,5,6,5,5,5,1,187,61,1,7,system engineer,42,,,,,,,
R_cuwZ9qX6xcFjGsd,Default Response Set,Anonymous,,,99.44.221.7,0,5/14/2014 9:10,5/14/2014 9:13,1,9befe5cd-871b-437b-84c5-a0d58969221e,1,,Educated,,,Educated_Scientists,1,1,,1,1,6,6,4,7,7,7,7,6,7,6,5,6,6,6,5,6,5,4,,,,,,,,,,,,,,,,,,,,1,187,70,1,7,Tutor,42,,,,,,,
R_efy1CAaapuT841T,Default Response Set,Anonymous,,,67.42.64.250,0,5/14/2014 9:32,5/14/2014 9:36,1,584a5ac8-d490-4ed8-a4a4-f3f882079745,1,,Educated,,,Educated_Educated,1,1,,2,,,,,,,,,,,,,,,,,,,,1,5,6,4,6,6,6,6,6,5,5,3,4,4,4,3,4,4,2,1,187,38,1,7,Unemployed,43,,,,,,,
R_aY8DPkY5yuuFtop,Default Response Set,Anonymous,,,24.56.224.16,0,5/14/2014 9:36,5/14/2014 9:38,1,27906cc2-4aa3-4441-b014-8e1ecbfbb182,1,,Educated,,,Educated_Educated,1,1,,2,,,,,,,,,,,,,,,,,,,,1,6,5,6,6,5,6,5,4,6,4,5,6,5,5,4,6,5,7,1,187,50,2,7,professional,42,,,,,,,
R_3EDRsrkEvmzJkO1,Default Response Set,Anonymous,,,99.119.253.129,0,5/14/2014 9:44,5/14/2014 9:46,1,04243c08-215c-4376-a9b4-e5325e88aa97,1,,Educated,,,Educated_Scientists,1,1,,1,1,4,4,4,4,4,5,4,4,4,5,4,4,4,4,4,4,4,4,,,,,,,,,,,,,,,,,,,,1,187,53,1,7,manager,40,,,,,,,
R_5pcHfBKpTxULwY5,Default Response Set,Anonymous,,,75.22.37.136,0,5/14/2014 9:43,5/14/2014 9:48,1,69dd0dec-adaa-41a4-b16e-52c2826bfe8e,1,,Educated,,,Educated_Scientists,1,1,,1,1,5,5,5,6,5,5,5,6,5,5,6,6,5,4,4,4,5,4,,,,,,,,,,,,,,,,,,,,1,187,42,2,7,homemaker,43,,,,,,,
R_d6A4VtQrto6XNd3,Default Response Set,Anonymous,,,24.209.100.184,0,5/14/2014 9:46,5/14/2014 9:52,1,4c11475c-80b3-4687-80d0-8f58bf8a1845,1,,Educated,,,Educated_Educated,1,1,,1,,,,,,,,,,,,,,,,,,,,1,5,3,2,5,6,5,4,5,4,4,3,4,4,2,4,4,3,2,1,187,51,1,7,Tech Analyst,43,,,,,,,
R_6qXFv1ncCtpsuK9,Default Response Set,Anonymous,,,99.146.98.212,0,5/14/2014 10:04,5/14/2014 10:06,1,74a37fa1-0233-4983-aa1b-bdac6b0b3c35,1,,Educated,,,Educated_Educated,1,1,,1,,,,,,,,,,,,,,,,,,,,1,5,4,6,4,6,5,5,6,4,5,4,5,3,5,5,5,5,5,1,187,56,1,7,manager,41,,,,,,,
R_1ZywR6fSx32Jx8F,Default Response Set,Anonymous,,,128.54.40.242,0,5/14/2014 10:12,5/14/2014 10:14,1,4fe7bc3b-d6cf-41f3-a32b-271d3effc224,1,,Educated,,,Educated_Scientists,1,1,,2,1,6,6,6,6,6,6,6,6,6,6,6,6,6,6,6,6,4,6,,,,,,,,,,,,,,,,,,,,1,187,58,1,7,cop,43,,,,,,,
R_aidmVzk5lp6l0bP,Default Response Set,Anonymous,,,71.53.140.110,0,5/14/2014 10:21,5/14/2014 10:25,1,9ace90ab-28eb-4e5e-804a-e53316d5983b,1,,Educated,,,Educated_Educated,1,1,,1,,,,,,,,,,,,,,,,,,,,1,3,5,3,3,5,5,5,5,5,5,5,3,3,3,3,3,3,3,1,187,33,1,7,Retired,40,,,,,,,
R_73Tzg3gKqCTNmKh,Default Response Set,Anonymous,,,162.243.146.252,0,5/14/2014 10:41,5/14/2014 10:43,1,105fbc2c-4cfb-41ff-aec7-04961421c83d,1,,Educated,,,Educated_Educated,1,1,,1,,,,,,,,,,,,,,,,,,,,1,6,6,6,6,6,7,6,7,5,6,6,6,6,6,6,7,6,7,1,187,64,1,6,,43,,,,,,,
R_7Qc3biCg8jiMbAh,Default Response Set,Anonymous,,,74.1.228.6,0,5/14/2014 10:49,5/14/2014 10:52,1,f50869fd-ccb0-46be-a943-ae2abc60cdd3,1,,Educated,,,Educated_Scientists,1,1,,4,1,6,7,4,6,6,6,6,7,7,4,5,4,6,7,6,7,6,4,,,,,,,,,,,,,,,,,,,,1,187,47,1,7,Homemaker,38,,,,,,,
R_3TVgNZFBMg2LmrH,Default Response Set,Anonymous,,,173.0.5.174,0,5/14/2014 10:52,5/14/2014 10:54,1,9f904a36-79c9-4881-a2ba-1176d9a280da,1,,Educated,,,Educated_Scientists,1,1,,1,1,6,6,6,5,5,6,3,5,6,4,3,5,5,5,5,5,5,5,,,,,,,,,,,,,,,,,,,,1,187,65,2,6,,41,,,,,,,
R_bPYC5XPiwin1PtX,Default Response Set,Anonymous,,,75.125.151.196,0,5/14/2014 11:08,5/14/2014 11:09,1,44bf33ea-6b29-426a-a8c9-bc50bcab2a70,1,,Educated,,,Educated_Educated,1,1,,1,,,,,,,,,,,,,,,,,,,,1,6,5,6,6,6,6,6,5,6,6,5,6,6,6,6,5,6,6,1,187,63,1,6,,43,,,,,,,
R_1FiA46dchSIYoD3,Default Response Set,Anonymous,,,192.3.135.139,0,5/14/2014 11:10,5/14/2014 11:12,1,46467c19-8dc5-497d-9d38-977082927bf3,1,,Educated,,,Educated_Scientists,1,1,,1,1,4,5,4,3,3,3,5,3,4,4,5,2,4,3,6,4,4,3,,,,,,,,,,,,,,,,,,,,1,187,49,1,6,,43,,,,,,,
R_07yS5xPhN9H4K9v,Default Response Set,Anonymous,,,209.6.146.130,0,5/14/2014 11:15,5/14/2014 11:19,1,fa1cead0-09ad-49e5-ba82-332edef34f20,1,,Educated,,,Educated_Educated,1,1,,1,,,,,,,,,,,,,,,,,,,,1,5,6,3,6,4,6,5,6,6,2,3,5,6,4,4,6,6,6,1,187,69,1,7,management,38,,,,,,,
R_eR7q1Iou8RqlsXz,Default Response Set,Anonymous,,,23.19.88.131,0,5/14/2014 11:20,5/14/2014 11:21,1,fc4943b7-7cc6-4978-b337-b6502e77c787,1,,Educated,,,Educated_Scientists,1,1,,1,1,5,6,6,6,6,5,5,6,6,6,5,6,7,6,5,6,6,7,,,,,,,,,,,,,,,,,,,,1,187,50,1,6,,43,,,,,,,
R_0cyQalbhrvxhMHz,Default Response Set,Anonymous,,,192.241.168.18,0,5/14/2014 11:25,5/14/2014 11:26,1,6c816c0b-ff24-496e-8d94-808f63be04ae,1,,Educated,,,Educated_Educated,1,1,,1,,,,,,,,,,,,,,,,,,,,1,7,5,6,6,7,5,6,6,6,6,6,6,5,6,6,6,6,5,1,187,66,1,6,,43,,,,,,,
R_3ZTiXjW6VnX0yzz,Default Response Set,Anonymous,,,24.247.142.127,0,5/14/2014 11:23,5/14/2014 11:27,1,698ccbf9-ec89-434f-b772-12e705b90848,1,,Educated,,,Educated_Educated,1,1,,1,,,,,,,,,,,,,,,,,,,,1,5,6,4,6,7,7,6,5,6,5,7,6,7,7,7,3,6,6,1,187,39,1,6,,38,,,,,,,
R_3eEuIdyTo4FdVOd,Default Response Set,Anonymous,,,70.208.137.138,0,5/14/2014 11:24,5/14/2014 11:28,1,08790284-dfaa-4b32-8cac-fb764577bac5,1,,Educated,,,Educated_Scientists,1,1,,1,1,6,6,4,6,6,6,6,6,6,4,4,4,6,6,6,6,4,4,,,,,,,,,,,,,,,,,,,,1,187,37,2,7,Auditor,39,,,,,,,
R_6Dv8onqRcMt9ggd,Default Response Set,Anonymous,,,66.190.131.14,0,5/14/2014 11:30,5/14/2014 11:34,1,9dd7b813-5899-436b-a912-8d2807076a5b,1,,Educated,,,Educated_Educated,1,1,,2,,,,,,,,,,,,,,,,,,,,1,5,5,4,5,5,6,3,6,6,5,5,5,6,5,5,6,2,3,1,187,23,1,7,,42,,,,,,,
R_0VAodU5aNWQhAgd,Default Response Set,Anonymous,,,198.199.109.5,0,5/14/2014 11:38,5/14/2014 11:41,1,e66847c9-c760-4a1e-a937-0844aaffb42d,1,,Educated,,,Educated_Scientists,1,1,,1,1,6,6,6,7,6,7,7,6,6,6,7,6,7,6,7,7,6,6,,,,,,,,,,,,,,,,,,,,1,187,49,1,7,IT,43,,,,,,,
R_3jAjn45VtFIzUBn,Default Response Set,Anonymous,,,184.53.34.93,0,5/14/2014 12:11,5/14/2014 12:14,1,687421e4-f5a4-41a6-ac69-f9e4a2fe822a,1,,Educated,,,Educated_Educated,1,1,,1,,,,,,,,,,,,,,,,,,,,1,4,5,2,6,4,6,6,5,5,6,3,3,6,6,3,2,6,3,1,187,54,2,6,,43,,,,,,,
R_6MwHLWwYUCEOwPH,Default Response Set,Anonymous,,,100.42.156.204,0,5/14/2014 12:22,5/14/2014 12:24,1,ad9a49e0-702d-4e0a-a8a4-3eb1811695f9,1,,Educated,,,Educated_Educated,1,1,,2,,,,,,,,,,,,,,,,,,,,1,4,5,2,4,5,6,4,5,6,3,5,3,4,4,4,3,4,5,1,187,48,2,7,educator,42,,,,,,,
R_eh48cOGf4ScOOah,Default Response Set,Anonymous,,,71.122.133.54,0,5/14/2014 12:24,5/14/2014 12:27,1,674fe63b-3d7e-4f5d-9fcb-b8b830568724,1,,Educated,,,Educated_Scientists,1,1,,1,1,4,4,4,4,4,4,4,4,4,3,3,3,4,4,4,4,4,4,,,,,,,,,,,,,,,,,,,,1,187,41,2,7,,40,,,,,,,
R_8H4YXwybZYC7i6h,Default Response Set,Anonymous,,,54.208.56.172,0,5/14/2014 12:16,5/14/2014 12:31,1,7ed8eb7e-a142-4323-955e-f6e79c89e807,1,,Educated,,,Educated_Scientists,1,1,,2,1,7,7,7,7,7,7,7,5,5,6,7,7,7,7,7,6,7,5,,,,,,,,,,,,,,,,,,,,1,187,37,2,7,Contracting Officer,44,,,,,,,
R_3reXI8DgNqquNjD,Default Response Set,Anonymous,,,192.249.63.100,0,5/14/2014 12:36,5/14/2014 12:38,1,0d76d4e9-ed2d-41e5-bab3-74f2c594605a,1,,Educated,,,Educated_Scientists,1,1,,2,1,7,7,7,7,7,6,7,7,6,6,7,6,6,7,7,7,7,6,,,,,,,,,,,,,,,,,,,,1,187,60,1,6,,44,,,,,,,
R_099eEKGM5F5PUz3,Default Response Set,Anonymous,,,67.37.68.58,0,5/14/2014 12:34,5/14/2014 12:39,1,b340e334-692c-4991-a7ef-0dc45bc8ffa3,1,,Educated,,,Educated_Educated,1,1,,2,,,,,,,,,,,,,,,,,,,,1,5,3,3,4,5,4,5,5,6,3,5,4,5,3,3,3,5,2,1,187,28,1,7,teacher,38,,,,,,,
R_25CfenU5l0BFc9f,Default Response Set,Anonymous,,,24.178.151.197,0,5/14/2014 12:50,5/14/2014 12:52,1,93e39a70-eb2a-4f98-9af7-118ce6d95308,1,,Educated,,,Educated_Scientists,1,1,,4,1,6,6,5,6,6,6,5,5,6,5,4,4,6,4,5,4,5,4,,,,,,,,,,,,,,,,,,,,1,187,22,1,7,retired,38,,,,,,,
R_4SdSW2DG8kUXj7f,Default Response Set,Anonymous,,,96.11.189.202,0,5/14/2014 12:50,5/14/2014 12:53,1,b4c9715e-1c74-4b1b-9705-4b5224703bb0,1,,Educated,,,Educated_Educated,1,1,,1,,,,,,,,,,,,,,,,,,,,1,6,6,2,6,3,5,3,6,3,5,1,3,6,1,2,2,2,2,1,187,58,2,7,Licensed Social Worker,43,,,,,,,
R_6fLZZd5ylgYLCgR,Default Response Set,Anonymous,,,72.69.76.157,0,5/14/2014 12:52,5/14/2014 12:56,1,7c2903cc-0706-4e04-8c27-f4984a140b02,1,,Educated,,,Educated_Educated,1,1,,1,,,,,,,,,,,,,,,,,,,,1,4,4,5,6,4,6,4,4,6,5,7,6,5,4,6,6,4,3,1,187,56,2,7,homemaker,44,,,,,,,
R_0Opg5TMh1Lgktet,Default Response Set,Anonymous,,,69.204.112.153,0,5/14/2014 12:55,5/14/2014 13:00,1,d41cd695-a4cf-4c87-87f8-f763f7d690f5,1,,Educated,,,Educated_Scientists,1,1,,1,1,5,5,2,4,6,5,2,5,5,2,1,2,5,5,3,5,3,6,,,,,,,,,,,,,,,,,,,,1,187,36,1,7,retired,43,,,,,,,
R_5dKwkpopJAUamLb,Default Response Set,Anonymous,,,107.201.190.88,0,5/14/2014 13:12,5/14/2014 13:15,1,1e071f88-91fe-4bd5-a10c-956dee8f33f2,1,,Educated,,,Educated_Educated,1,1,,2,,,,,,,,,,,,,,,,,,,,1,4,4,3,4,3,4,4,3,3,4,5,3,4,4,4,3,3,3,1,187,41,1,7,engineer,42,,,,,,,
R_9KYMx5mNAUgbjYV,Default Response Set,Anonymous,,,107.183.242.232,0,5/14/2014 13:16,5/14/2014 13:17,1,ac636415-050e-4a8b-963f-f4f0a33acfd7,1,,Educated,,,Educated_Scientists,1,1,,1,1,6,7,6,6,5,6,7,6,6,6,7,7,7,6,7,6,6,5,,,,,,,,,,,,,,,,,,,,1,187,49,1,7,IT,43,,,,,,,
R_cvxUlOi0nIHfFpb,Default Response Set,Anonymous,,,99.188.81.48,0,5/14/2014 13:20,5/14/2014 13:26,1,1dfcd575-8101-4be7-9a01-4ede9432ba05,1,,Educated,,,Educated_Educated,1,1,,1,,,,,,,,,,,,,,,,,,,,1,5,5,2,4,4,6,4,5,5,3,2,3,6,2,2,3,4,1,1,187,40,1,7,Oil & Gas Accountant,39,,,,,,,
R_dojAtMcksqegY0B,Default Response Set,Anonymous,,,162.243.111.62,0,5/14/2014 13:33,5/14/2014 13:35,1,251c09f8-ac0b-4152-973f-0ff4425ee16b,1,,Educated,,,Educated_Scientists,1,1,,1,1,5,5,5,5,6,5,4,5,5,6,6,6,6,5,6,4,5,5,,,,,,,,,,,,,,,,,,,,1,187,57,1,7,IT,42,,,,,,,
R_8pJgOuecOmZyia1,Default Response Set,Anonymous,,,75.143.249.94,0,5/14/2014 13:34,5/14/2014 13:36,1,12ada1bb-7b7a-4ad2-a148-91ddc50fb794,1,,Educated,,,Educated_Scientists,1,1,,1,1,7,7,4,7,7,7,7,7,2,2,2,3,7,7,2,7,4,7,,,,,,,,,,,,,,,,,,,,1,187,55,2,7,stay at home mom,43,,,,,,,
R_3QPkgehFdRaEy0J,Default Response Set,Anonymous,,,166.170.24.198,0,5/14/2014 13:54,5/14/2014 13:56,1,bb78b229-2639-40ad-b43e-5ce8fb28679d,1,,Educated,,,Educated_Scientists,1,1,,2,1,3,5,3,5,4,5,5,6,5,3,5,5,5,4,4,4,3,3,,,,,,,,,,,,,,,,,,,,1,187,44,2,7,Consultant,42,,,,,,,
R_0wUwPF3RYpGglut,Default Response Set,Anonymous,,,72.239.57.190,0,5/14/2014 13:55,5/14/2014 13:58,1,43e982ac-509d-4fc1-b716-1580a26920e0,1,,Educated,,,Educated_Educated,1,1,,1,,,,,,,,,,,,,,,,,,,,1,3,4,4,4,4,4,4,4,4,4,3,4,4,4,4,4,4,3,1,187,31,1,7,retired,38,,,,,,,
R_9nK96yuxmmTwbdP,Default Response Set,Anonymous,,,69.74.33.222,0,5/14/2014 13:59,5/14/2014 14:03,1,2cf2e329-9a5c-4691-a121-aaa25d915e3a,1,,Educated,,,Educated_Scientists,1,1,,1,1,4,4,2,6,5,6,2,5,4,1,5,2,6,5,5,4,3,2,,,,,,,,,,,,,,,,,,,,1,187,63,2,7,Software Developer,43,,,,,,,
R_cG8Bwt5Iltmk0wl,Default Response Set,Anonymous,,,71.233.139.107,0,5/14/2014 14:02,5/14/2014 14:04,1,cacb48b8-4a00-4fb5-b4c7-ec1e6c7d41e9,1,,Educated,,,Educated_Educated,1,1,,1,,,,,,,,,,,,,,,,,,,,1,4,4,3,3,4,3,4,5,4,3,3,3,4,3,3,5,4,3,1,187,42,2,7,mgt,41,,,,,,,
R_7WFhUcQHzozSepL,Default Response Set,Anonymous,,,208.105.44.106,0,5/14/2014 14:04,5/14/2014 14:06,1,a554d750-dcb4-4ecf-b98c-a11ffb3c9c2c,1,,Educated,,,Educated_Educated,1,1,,1,,,,,,,,,,,,,,,,,,,,1,5,5,5,3,5,5,5,4,4,5,5,4,5,3,5,5,4,5,1,187,71,1,7,Teacher,42,,,,,,,
R_8JrTKiEczVGc31b,Default Response Set,Anonymous,,,192.249.47.177,0,5/14/2014 14:12,5/14/2014 14:13,1,f242a7d4-2feb-4f49-a7b4-455525e853f8,1,,Educated,,,Educated_Educated,1,1,,1,,,,,,,,,,,,,,,,,,,,1,4,4,4,4,4,4,4,4,4,4,4,4,4,4,4,4,4,4,1,187,62,1,7,account manager,39,,,,,,,
R_0pnJV8GfBdMSuu9,Default Response Set,Anonymous,,,107.170.134.106,0,5/14/2014 14:12,5/14/2014 14:13,1,c9880db6-20fb-4dcf-83bc-c12f7a8129f2,1,,Educated,,,Educated_Scientists,1,1,,1,1,6,6,5,6,6,6,7,7,7,7,6,5,7,7,6,6,6,6,,,,,,,,,,,,,,,,,,,,1,187,50,1,7,IT,43,,,,,,,
R_3f6bS2QQeVZ8rwp,Default Response Set,Anonymous,,,174.55.28.29,0,5/14/2014 14:14,5/14/2014 14:17,1,d367c468-7b83-41ac-b939-b1880b585e33,1,,Educated,,,Educated_Educated,1,1,,1,,,,,,,,,,,,,,,,,,,,1,4,5,4,5,4,5,6,4,5,3,4,4,7,6,4,5,4,2,1,187,31,2,7,clerk,39,,,,,,,
R_etvBFhjUkq8yJdH,Default Response Set,Anonymous,,,69.129.20.70,0,5/14/2014 14:04,5/14/2014 14:17,1,7717ca2e-358b-40c6-88c1-a0eca9ee55c6,1,,Educated,,,Educated_Scientists,1,1,,1,1,2,5,4,5,5,4,4,5,4,3,2,5,6,6,5,2,4,4,,,,,,,,,,,,,,,,,,,,1,187,36,1,7,sales,42,,,,,,,
R_9t52wFvbjNevFzf,Default Response Set,Anonymous,,,173.254.253.50,0,5/14/2014 14:16,5/14/2014 14:18,1,5d4a536d-44e1-4822-85f0-e4a0b5c1f601,1,,Educated,,,Educated_Scientists,1,1,,1,1,6,6,6,6,7,6,6,7,7,7,6,7,6,7,6,6,6,6,,,,,,,,,,,,,,,,,,,,1,187,60,1,7,IT,43,,,,,,,
R_agahVyIvmx8hdtz,Default Response Set,Anonymous,,,71.167.142.252,0,5/14/2014 14:16,5/14/2014 14:18,1,e285e128-0eaa-471c-be4e-a7dff748e894,1,,Educated,,,Educated_Scientists,1,1,,1,1,5,6,6,6,6,5,5,5,6,7,5,7,6,7,6,6,6,6,,,,,,,,,,,,,,,,,,,,1,187,55,2,6,,42,,,,,,,
R_d4pFghTlRTh1oVv,Default Response Set,Anonymous,,,107.170.53.5,0,5/14/2014 14:19,5/14/2014 14:21,1,dd10cfa0-6542-472c-853c-84a423cec644,1,,Educated,,,Educated_Educated,1,1,,1,,,,,,,,,,,,,,,,,,,,1,6,5,5,5,6,5,5,6,5,4,5,5,5,5,6,6,5,4,1,187,63,1,7,IT,43,,,,,,,
R_8qvbAaGR4kTrMAB,Default Response Set,Anonymous,,,192.241.253.85,0,5/14/2014 14:32,5/14/2014 14:33,1,1135dd88-6b3e-467c-9d3a-af85001ea2d7,1,,Educated,,,Educated_Educated,1,1,,1,,,,,,,,,,,,,,,,,,,,1,6,7,6,6,6,6,6,6,6,6,5,6,7,6,6,7,6,6,1,187,49,1,7,IT,43,,,,,,,
R_e4frzxwLJSrZsRD,Default Response Set,Anonymous,,,192.241.189.97,0,5/14/2014 14:37,5/14/2014 14:38,1,2333c06b-f35a-4348-852a-85011e0a7a4d,1,,Educated,,,Educated_Scientists,1,1,,1,1,6,6,6,5,6,6,6,6,6,6,6,5,6,7,6,6,6,5,,,,,,,,,,,,,,,,,,,,1,187,49,1,7,IT,43,,,,,,,
R_cSENIacUYIlHPc9,Default Response Set,Anonymous,,,107.170.134.100,0,5/14/2014 14:41,5/14/2014 14:42,1,e3d02d10-ed61-43e4-9a37-9f4593d7d6c3,1,,Educated,,,Educated_Scientists,1,1,,1,1,7,6,6,6,6,6,6,7,7,7,6,7,6,6,6,7,6,7,,,,,,,,,,,,,,,,,,,,1,187,51,1,7,IT,43,,,,,,,
R_1zUz3nTt2p0daHH,Default Response Set,Anonymous,,,156.56.171.149,0,5/14/2014 14:45,5/14/2014 14:47,1,66c9f667-5a79-4cc5-b076-431afedd0b9b,1,,Educated,,,Educated_Educated,1,1,,2,,,,,,,,,,,,,,,,,,,,1,5,5,5,5,5,5,5,5,5,5,5,5,5,5,5,5,5,5,1,187,56,1,7,staff,39,,,,,,,
R_5ckHFhpL4IVK9kp,Default Response Set,Anonymous,,,74.194.161.57,0,5/14/2014 14:46,5/14/2014 14:53,1,1c889223-c381-4191-89a1-0a6344e71552,1,,Educated,,,Educated_Scientists,1,1,,4,1,3,3,3,5,3,5,1,3,3,2,1,2,5,3,2,5,2,1,,,,,,,,,,,,,,,,,,,,1,187,22,1,7,minister,44,,,,,,,
R_1QUkKPfrp0jIWIl,Default Response Set,Anonymous,,,174.58.107.206,0,5/14/2014 14:55,5/14/2014 14:59,1,a74e19ba-d296-43c7-854b-e0a829db26e5,1,,Educated,,,Educated_Educated,1,1,,2,,,,,,,,,,,,,,,,,,,,1,5,5,4,7,6,6,5,6,6,5,5,5,4,4,3,4,5,4,1,187,41,1,7,Librarian,38,,,,,,,
R_e9HyfyDOlfYDah7,Default Response Set,Anonymous,,,98.18.230.98,0,5/14/2014 14:47,5/14/2014 14:59,1,ba9c4a98-cb90-4004-a58b-ac0fd577f599,1,,Educated,,,Educated_Educated,1,1,,1,,,,,,,,,,,,,,,,,,,,1,5,6,6,4,4,5,5,5,5,4,5,4,5,4,5,5,5,5,1,187,49,2,7,IT PROF,38,,,,,,,
R_9pNxy9iWAG0Gcvj,Default Response Set,Anonymous,,,76.77.224.250,0,5/14/2014 14:57,5/14/2014 14:59,1,93051769-576c-454c-ae94-beb50b33b83b,1,,Educated,,,Educated_Educated,1,1,,1,,,,,,,,,,,,,,,,,,,,1,5,4,4,6,7,6,7,6,6,7,7,6,6,7,7,6,7,6,1,187,28,1,7,engineer,44,,,,,,,
R_4HICJSapnFJD8qh,Default Response Set,Anonymous,,,67.248.33.165,0,5/14/2014 14:56,5/14/2014 15:00,1,3ffb0749-144f-4be7-9bbb-47213389eb8f,1,,Educated,,,Educated_Scientists,1,1,,1,1,6,6,3,6,5,6,6,6,6,6,6,5,6,4,5,3,5,2,,,,,,,,,,,,,,,,,,,,1,187,32,2,7,teacher,38,,,,,,,
R_0lBRzXteYViSQBv,Default Response Set,Anonymous,,,172.56.35.86,0,5/14/2014 14:57,5/14/2014 15:00,1,81574edc-6a5e-478a-ae1c-651233cb331a,1,,Educated,,,Educated_Scientists,1,1,,2,1,6,6,6,7,7,7,6,4,6,5,5,6,6,4,6,4,4,6,,,,,,,,,,,,,,,,,,,,1,187,43,2,7,Consultant,38,,,,,,,
R_4V3kYfC9Wqu5bHD,Default Response Set,Anonymous,,,66.169.23.38,0,5/14/2014 15:00,5/14/2014 15:05,1,8aad6e7f-9e00-49bf-8e9a-1e84cbb8659d,1,,Educated,,,Educated_Scientists,1,1,,1,1,4,5,4,5,4,4,4,4,5,4,5,4,5,4,5,4,5,3,,,,,,,,,,,,,,,,,,,,1,187,20,1,7,retired,43,,,,,,,
R_0NUXW1E8LNXe4Gp,Default Response Set,Anonymous,,,162.238.2.32,0,5/14/2014 15:02,5/14/2014 15:08,1,d373e767-b1f5-47af-89f8-feb9f038a631,1,,Educated,,,Educated_Educated,1,1,,2,,,,,,,,,,,,,,,,,,,,1,7,7,5,6,7,7,7,7,7,2,4,4,7,7,7,7,6,5,1,187,34,1,7,engineer,42,,,,,,,
R_02mPU5I2W9loYuh,Default Response Set,Anonymous,,,149.10.182.83,0,5/14/2014 15:05,5/14/2014 15:08,1,377205ea-93e8-461c-b73a-bf0f42dd7c39,1,,Educated,,,Educated_Scientists,1,1,,1,1,7,7,2,7,5,7,6,7,6,3,5,3,7,7,7,7,3,4,,,,,,,,,,,,,,,,,,,,1,187,32,1,7,IT Project Manager,43,,,,,,,
R_8f9qntYRpUmUxSZ,Default Response Set,Anonymous,,,76.232.29.28,0,5/14/2014 15:07,5/14/2014 15:10,1,e0f61815-fa0a-4bb8-a637-1ecf8c22f80e,1,,Educated,,,Educated_Educated,1,1,,1,,,,,,,,,,,,,,,,,,,,1,4,4,3,2,4,4,4,4,4,2,1,1,4,4,4,4,4,3,1,187,35,1,7,maintenance supervisor,43,,,,,,,
R_4Gb1yit03IaTCip,Default Response Set,Anonymous,,,64.254.185.52,0,5/14/2014 15:16,5/14/2014 15:18,1,d8aa7064-541e-4bbd-b76c-2c92c324ea71,1,,Educated,,,Educated_Educated,1,1,,1,,,,,,,,,,,,,,,,,,,,1,4,6,4,6,6,6,4,6,4,4,6,6,6,4,4,4,5,4,1,187,62,2,7,Caregiver,44,,,,,,,
R_6YHbrUnee7r2Mhn,Default Response Set,Anonymous,,,139.55.0.40,0,5/14/2014 15:17,5/14/2014 15:19,1,22f24fed-ff11-4039-864f-f8fb68ee5b2c,1,,Educated,,,Educated_Scientists,1,1,,1,1,4,4,1,7,6,5,5,4,5,4,5,6,5,4,4,4,5,1,,,,,,,,,,,,,,,,,,,,1,187,42,2,7,artist,42,,,,,,,
R_85GihSckrwl3X9z,Default Response Set,Anonymous,,,72.77.197.124,0,5/14/2014 15:14,5/14/2014 15:20,1,d37005f0-2ca2-4663-bab9-05aaed863548,1,,Educated,,,Educated_Scientists,1,1,,1,1,6,6,4,6,6,6,5,6,6,3,5,6,6,6,6,5,6,4,,,,,,,,,,,,,,,,,,,,1,187,38,2,7,Housewife/homemaker,43,,,,,,,
R_exPnrX3GTpFdS2p,Default Response Set,Anonymous,,,198.7.236.15,0,5/14/2014 15:20,5/14/2014 15:23,1,9fb7e11b-ba16-4ffc-bb34-0a0d3665713c,1,,Educated,,,Educated_Educated,1,1,,1,,,,,,,,,,,,,,,,,,,,1,4,3,3,5,5,5,6,4,5,5,2,4,5,4,4,3,4,3,1,187,32,1,7,programmer,42,,,,,,,
R_6tkxrW0m5Fun1Rj,Default Response Set,Anonymous,,,198.109.219.254,0,5/14/2014 15:25,5/14/2014 15:27,1,81ee88fe-1dfd-4344-a971-8159d005aa45,1,,Educated,,,Educated_Educated,1,1,,1,,,,,,,,,,,,,,,,,,,,1,4,4,4,4,4,4,4,4,4,4,4,4,4,4,4,4,4,4,1,187,57,2,7,homemaker,42,,,,,,,
R_d4n5gerlaznu9sF,Default Response Set,Anonymous,,,149.163.71.100,0,5/14/2014 15:25,5/14/2014 15:28,1,f5d3eac5-9563-4315-8567-ad3c261574ea,1,,Educated,,,Educated_Scientists,1,1,,2,1,2,3,6,5,5,5,3,3,3,2,2,4,5,2,3,2,3,2,,,,,,,,,,,,,,,,,,,,1,187,65,2,7,Librarian,43,,,,,,,
R_0PMBolLRZTXGKlD,Default Response Set,Anonymous,,,134.216.26.233,0,5/14/2014 15:36,5/14/2014 15:38,1,d9d6d5d7-1a32-46bf-8b79-369b91a5187e,1,,Educated,,,Educated_Educated,1,1,,2,,,,,,,,,,,,,,,,,,,,1,7,7,2,7,7,7,7,7,7,7,7,7,7,7,7,7,7,7,1,187,56,2,7,Office Manager,44,,,,,,,
R_e3r10qhWsxm2eZ7,Default Response Set,Anonymous,,,69.171.166.48,0,5/14/2014 15:37,5/14/2014 15:41,1,d1ea889b-e570-417d-96cb-199d037cb884,1,,Educated,,,Educated_Educated,1,1,,1,,,,,,,,,,,,,,,,,,,,1,5,1,5,6,7,7,7,3,2,5,3,2,5,4,4,3,4,1,1,187,31,1,7,Business Owner,44,,,,,,,
R_exKqHbBFDOjSHoV,Default Response Set,Anonymous,,,107.197.60.233,0,5/14/2014 15:39,5/14/2014 15:41,1,c0d68164-0452-47cf-9f53-f0bc35f50da5,1,,Educated,,,Educated_Scientists,1,1,,1,1,4,4,4,4,4,4,4,4,4,4,4,4,4,4,4,4,4,4,,,,,,,,,,,,,,,,,,,,1,187,27,1,7,retired,44,,,,,,,
R_cwfzkmZGYtXqfE9,Default Response Set,Anonymous,,,209.236.154.178,0,5/14/2014 15:32,5/14/2014 15:42,1,270554d7-d6a6-4af7-98a7-3f2c7fbc6e44,1,,Educated,,,Educated_Scientists,1,1,,1,1,5,5,5,5,3,6,4,5,4,3,6,5,5,4,4,5,5,4,,,,,,,,,,,,,,,,,,,,1,187,60,2,7,Technical Support,42,,,,,,,
R_0jujXCohhb00h6t,Default Response Set,Anonymous,,,108.22.91.245,0,5/14/2014 15:40,5/14/2014 15:43,1,05a8ce51-9ce4-4f5f-a8a8-656f2f368d5b,1,,Educated,,,Educated_Scientists,1,1,,1,1,5,4,5,6,5,6,4,5,5,4,4,4,6,4,4,5,4,4,,,,,,,,,,,,,,,,,,,,1,187,36,1,7,self employed owner,41,,,,,,,
R_6VfDFEbbKyYqBF3,Default Response Set,Anonymous,,,71.98.204.213,0,5/14/2014 15:42,5/14/2014 15:45,1,f25ddbac-6d73-4624-bbe6-4c1e23f40ac9,1,,Educated,,,Educated_Educated,1,1,,1,,,,,,,,,,,,,,,,,,,,1,4,4,3,5,4,5,4,5,4,4,4,4,4,4,4,4,4,4,1,187,45,2,7,sales,42,,,,,,,
R_02ICOH3PmsGnzlH,Default Response Set,Anonymous,,,68.63.246.173,0,5/14/2014 15:42,5/14/2014 15:45,1,800b5d6d-f165-4cd9-8a1c-983037d9de08,1,,Educated,,,Educated_Educated,1,1,,1,,,,,,,,,,,,,,,,,,,,1,5,5,4,4,5,5,5,5,5,3,3,5,3,3,3,3,3,2,1,187,55,1,7,Data manager,38,,,,,,,
R_cYN2y3EaOprn0sl,Default Response Set,Anonymous,,,192.241.158.33,0,5/14/2014 15:43,5/14/2014 15:46,1,5503c554-a8e9-4a98-8d58-e8dde8bb96c1,1,,Educated,,,Educated_Scientists,1,1,,1,1,4,5,6,5,6,4,6,5,6,4,5,5,5,5,5,5,6,5,,,,,,,,,,,,,,,,,,,,1,187,66,1,7,IT,42,,,,,,,
R_e3uHyx0pOvLCvfT,Default Response Set,Anonymous,,,69.72.52.186,0,5/14/2014 15:51,5/14/2014 15:58,1,6e96f4d6-d839-4da8-917f-53467d7524a1,1,,Educated,,,Educated_Educated,1,1,,2,,,,,,,,,,,,,,,,,,,,1,5,5,3,6,5,6,6,5,5,6,6,5,6,3,3,3,5,3,1,187,31,2,7,Small business owner,38,,,,,,,
R_cuX8aAsaJ42d0YR,Default Response Set,Anonymous,,,207.181.252.183,0,5/14/2014 15:57,5/14/2014 15:59,1,65c42844-79bc-4127-b463-a94e2c3f3fd4,1,,Educated,,,Educated_Scientists,1,1,,1,1,5,5,4,5,6,5,4,5,5,4,4,4,6,4,4,5,4,4,,,,,,,,,,,,,,,,,,,,1,187,35,2,7,small business owner,41,,,,,,,
R_agVefTYixNVLJlP,Default Response Set,Anonymous,,,99.57.78.45,0,5/14/2014 16:03,5/14/2014 16:05,1,43f9747f-1ee6-4a7e-9565-c51690b6105f,1,,Educated,,,Educated_Scientists,1,1,,1,1,3,3,3,5,5,5,5,4,5,4,4,4,4,4,3,4,4,4,,,,,,,,,,,,,,,,,,,,1,187,63,2,7,church admin,44,,,,,,,
R_1AkqT5oA4RW6LDT,Default Response Set,Anonymous,,,47.20.184.174,0,5/14/2014 15:59,5/14/2014 16:06,1,23d62697-89de-439d-af0e-819d3e0273c2,1,,Educated,,,Educated_Educated,1,1,,1,,,,,,,,,,,,,,,,,,,,1,3,3,3,3,3,3,3,3,3,3,3,3,3,3,3,3,3,3,1,187,45,2,7,it,44,,,,,,,
R_6ySkOQFX23wX9u5,Default Response Set,Anonymous,,,108.206.200.21,0,5/14/2014 16:09,5/14/2014 16:12,1,cb871cfe-c0d4-418d-a43c-61db6861aecc,1,,Educated,,,Educated_Educated,1,1,,1,,,,,,,,,,,,,,,,,,,,1,6,6,3,6,6,5,5,6,6,2,3,4,6,5,6,6,3,4,1,187,36,1,7,ENGINEER,38,,,,,,,
R_bwO3Lbw5pYvHe4J,Default Response Set,Anonymous,,,23.19.26.250,0,5/14/2014 16:04,5/14/2014 16:14,1,bee17a48-7122-4c7a-a9a4-c287dd63a677,1,,Educated,,,Educated_Scientists,1,1,,1,1,7,7,7,7,5,7,6,7,7,2,2,5,7,2,4,6,6,6,,,,,,,,,,,,,,,,,,,,1,187,42,1,7,educator,42,,,,,,,
R_7V9ZCN71lVY7Nyd,Default Response Set,Anonymous,,,68.184.3.235,0,5/14/2014 16:15,5/14/2014 16:18,1,3b6be6fd-9168-4e63-8c2c-4e7ef391ddd9,1,,Educated,,,Educated_Educated,1,1,,1,,,,,,,,,,,,,,,,,,,,1,4,3,2,6,5,6,2,3,2,2,5,3,4,3,4,3,2,2,1,187,36,1,7,director,39,,,,,,,
R_0MQFT0j6028rIpf,Default Response Set,Anonymous,,,75.9.100.223,0,5/14/2014 16:21,5/14/2014 16:24,1,b3218188-6a80-4a5e-98b1-5c4f4b84e0a6,1,,Educated,,,Educated_Educated,1,1,,1,,,,,,,,,,,,,,,,,,,,1,6,6,3,4,5,6,6,5,6,5,5,4,6,6,6,6,6,4,1,187,38,2,7,RN,44,,,,,,,
R_5bSVfGynqmYelOR,Default Response Set,Anonymous,,,74.192.204.122,0,5/14/2014 16:18,5/14/2014 16:24,1,5fa28b39-1d8c-4523-b835-331f6bb93b76,1,,Educated,,,Educated_Scientists,1,1,,1,1,6,7,5,7,5,7,4,4,6,7,5,7,7,1,1,5,4,4,,,,,,,,,,,,,,,,,,,,1,187,43,1,7,unployed,44,,,,,,,
R_0dDd0eHaTZzMFIp,Default Response Set,Anonymous,,,150.199.170.35,0,5/14/2014 16:21,5/14/2014 16:25,1,9ac2b658-d1f4-434e-aac4-0ad72931259c,1,,Educated,,,Educated_Scientists,1,1,,1,1,5,2,7,5,3,2,2,2,3,5,5,6,3,4,4,4,2,1,,,,,,,,,,,,,,,,,,,,1,187,39,2,7,personal caregiver,44,,,,,,,
R_b9QW6cjQS2LrA5n,Default Response Set,Anonymous,,,72.203.146.39,0,5/14/2014 22:31,5/14/2014 22:34,1,f7f336bc-a2e6-4941-bcd6-f8a191d883d0,1,,Educated,,,Educated_Educated,1,1,,2,,,,,,,,,,,,,,,,,,,,1,6,4,4,4,6,6,5,4,6,4,2,3,4,4,4,4,4,2,1,187,35,2,7,social worker,42,,,,,,,
R_0iXQ4HNAe3VxsS9,Default Response Set,Anonymous,,,74.182.151.22,0,5/14/2014 22:36,5/14/2014 22:40,1,66efeb25-a5fc-4dc1-b21e-1236346eb5ca,1,,Educated,,,Educated_Educated,1,1,,1,,,,,,,,,,,,,,,,,,,,1,5,6,7,6,7,7,5,6,6,7,5,5,7,7,7,7,7,6,1,187,32,1,7,,42,,,,,,,
R_3jSr7k2nVFsuHtj,Default Response Set,Anonymous,,,170.122.250.244,0,5/14/2014 22:42,5/14/2014 22:44,1,3e33db65-ee90-4b3e-b0b1-5d5043c3892c,1,,Educated,,,Educated_Scientists,1,1,,1,1,4,4,4,4,4,4,4,4,4,4,4,4,4,4,4,-99,4,4,,,,,,,,,,,,,,,,,,,,1,187,64,1,6,,44,,,,,,,
R_d0xILAZhoSPMOZT,Default Response Set,Anonymous,,,199.80.105.196,0,5/14/2014 22:42,5/14/2014 22:46,1,3a33bf38-9f33-418a-841d-fcc66f72fd9c,1,,Educated,,,Educated_Scientists,1,1,,1,1,5,5,3,5,5,5,5,2,5,4,3,3,7,5,6,3,5,3,,,,,,,,,,,,,,,,,,,,1,187,61,2,7,IT Manager,43,,,,,,,
R_ezCcf8HzdUzQiaN,Default Response Set,Anonymous,,,54.200.57.249,0,5/14/2014 22:42,5/14/2014 22:47,1,4d9373ea-7919-4b7f-a7bf-bee6891d24c2,1,,Educated,,,Educated_Educated,1,1,,1,,,,,,,,,,,,,,,,,,,,1,5,5,5,5,6,6,5,6,4,4,5,4,6,7,7,5,5,6,1,187,24,1,7,Retired,44,,,,,,,
R_7TLtsAnsOPbv5OJ,Default Response Set,Anonymous,,,75.209.97.89,0,5/14/2014 22:48,5/14/2014 22:52,1,7a22a5b7-6d0c-45a9-b9b3-7112c9e70e03,1,,Educated,,,Educated_Educated,1,1,,2,,,,,,,,,,,,,,,,,,,,1,1,4,2,5,5,6,5,2,5,1,1,4,2,2,2,2,4,1,1,187,28,2,7,College Instructor,42,,,,,,,
R_a44iBET383qXTmt,Default Response Set,Anonymous,,,68.62.200.169,0,5/14/2014 22:46,5/14/2014 22:52,1,8ae2dc88-ae20-47be-8808-597c205ce487,1,,Educated,,,Educated_Scientists,1,1,,1,1,5,6,6,6,5,7,7,7,6,5,6,6,7,7,7,6,7,5,,,,,,,,,,,,,,,,,,,,1,187,34,1,7,Teacher,43,,,,,,,
R_2hsFVRxH13zWEZf,Default Response Set,Anonymous,,,161.209.206.205,0,5/14/2014 22:52,5/14/2014 22:53,1,a04606ef-19cf-4c43-9f9d-9b3fc33dc845,1,,Educated,,,Educated_Educated,1,1,,2,,,,,,,,,,,,,,,,,,,,1,5,5,5,5,5,5,5,5,5,5,5,5,5,5,4,5,5,5,1,187,56,2,6,,43,,,,,,,
R_8uYlLHkUXeeomEd,Default Response Set,Anonymous,,,23.124.42.177,0,5/14/2014 22:48,5/14/2014 22:53,1,8838faca-2cad-48f4-b72d-9848f9570f1b,1,,Educated,,,Educated_Scientists,1,1,,2,1,7,7,7,7,6,7,6,6,5,4,6,6,7,7,7,6,7,4,,,,,,,,,,,,,,,,,,,,1,187,19,2,7,retired,43,,,,,,,
R_3EIzbNmvOvxxrzD,Default Response Set,Anonymous,,,76.124.50.47,0,5/14/2014 22:56,5/14/2014 22:58,1,795498da-caab-486e-b160-0f4e269bc50f,1,,Educated,,,Educated_Educated,1,1,,1,,,,,,,,,,,,,,,,,,,,1,4,4,4,4,4,4,3,5,5,4,4,3,4,4,4,4,6,4,1,187,49,1,7,Business Analyst,41,,,,,,,
R_5BK25LN6tlPccvj,Default Response Set,Anonymous,,,69.142.97.196,0,5/14/2014 22:59,5/14/2014 23:03,1,276b43a5-17c3-4e2c-83d5-f9f4ea1fda6c,1,,Educated,,,Educated_Scientists,1,1,,1,1,6,6,3,6,5,6,5,6,4,4,3,4,6,5,4,2,5,2,,,,,,,,,,,,,,,,,,,,1,187,34,2,7,Teacher Assistant,39,,,,,,,
R_6L3pW2Ng2yJBKaF,Default Response Set,Anonymous,,,66.87.19.31,0,5/14/2014 22:58,5/14/2014 23:03,1,0ac929d2-c25d-47ab-9b37-c99ccfbebd1a,1,,Educated,,,Educated_Scientists,1,1,,1,1,5,5,6,6,5,6,4,5,5,5,7,6,5,1,1,1,5,1,,,,,,,,,,,,,,,,,,,,1,187,66,2,7,retail,42,,,,,,,
R_eVUbJ3su5O9AgTP,Default Response Set,Anonymous,,,70.198.138.51,0,5/14/2014 23:06,5/14/2014 23:12,1,b4b5e743-f4a9-4c81-a442-34361f628bdf,1,,Educated,,,Educated_Educated,1,1,,2,,,,,,,,,,,,,,,,,,,,1,4,3,3,4,4,5,5,5,4,2,3,3,5,5,5,4,4,3,1,187,38,2,7,Sales,43,,,,,,,
R_4Pi3Db5tCs1ugKN,Default Response Set,Anonymous,,,67.171.148.236,0,5/14/2014 23:08,5/14/2014 23:12,1,5cdf6d28-77c3-439a-ba4b-5e161020b7c3,1,,Educated,,,Educated_Scientists,1,1,,1,1,2,3,4,6,5,5,4,2,2,5,6,6,4,5,5,4,5,4,,,,,,,,,,,,,,,,,,,,1,187,28,1,7,Retired,43,,,,,,,
R_8crrENLqj9AP6fP,Default Response Set,Anonymous,,,50.4.242.97,0,5/14/2014 22:59,5/14/2014 23:40,1,006e09c8-6d14-4bc0-b386-f3649d696001,1,,Educated,,,Educated_Educated,1,1,,1,,,,,,,,,,,,,,,,,,,,1,3,4,4,5,5,5,3,4,2,5,5,4,4,2,2,4,2,3,1,187,57,2,7,,38,,,,,,,
